param_id,name,symbol,units,value,uncertainty_type,uncertainty_value,subsystem,source_tier,citation,doi,extraction_method,species,sex,entered_by,date_entered,notes
BF.BODY_MASS.REFERENCE,Reference adult body mass,m_ref,kg,70,none,,body-fluids,C,,,assumed,human,both,sprint2,2026-08-27,"THE ROW HANDOVER SECTION 9 SAYS IS MISSING: 'body_mass is not a ledger row and is the largest un-modelled dimorphism'. It was a hard-coded 70.0 default on three function signatures. It is now one number in one place and the model scales to it. ASSUMED, NOT SOURCED, AND DELIBERATELY SO. 70 kg is the conventional reference adult and it is entered here as the value the code already used, so that promoting it to the ledger changes NOTHING - size_factor returns exactly 1.0 and every existing result is bit-identical. Dressing it in a citation at the same time as changing the model structure would have made two changes at once and left neither testable. THE SEXED PAIR IS THE NEXT STEP AND THE SOURCE IS ALREADY WHITELISTED. SOURCES.md admits ICRP Publication 89 (reference anatomical and physiological values) as tier A, and it carries reference adult masses by sex. That extraction is NOT done here and the numbers are NOT guessed at: per directive 1.5 a citation nobody opened is worse than an honest assumption. When it lands this row becomes a male/female pair under ADR 0014 and, because every extensive quantity in the model now scales through it, it will move the whole model for both sexes at once - which is exactly what the handover means by calling body mass the largest un-modelled dimorphism. WHAT SCALES THROUGH IT: see src/scaling.jl. Extensive quantities scale linearly, intensive ones do not. Linear-in-mass is exact for the volumes, which are already entered as mass fractions, and is an APPROXIMATION for GFR and cardiac output, which are conventionally normalised to body surface area and therefore grow sub-linearly with mass. Linear scaling OVERSTATES their population spread. Fixing that needs height, which this model does not carry. Recorded as debt rather than approximated with an unsourced allometric exponent. CLARIFIED 2026-08-27 WHEN THE NHANES EXTRACTION LANDED. This row is the mass at which this ledger's EXTENSIVE CONSTANTS ARE STATED - GFR 180 L/day, CO 7200 mL/min, blood volume 5.0 L are textbook values for a roughly 70 kg, 1.73 m2 adult - so it is a normalisation convention belonging to those sources, NOT a claim about how much people weigh. It stays `both` and stays 70.0. The claim about people is BF.BODY_MASS.TYPICAL, which IS a male/female pair (90.3 / 77.9 kg, NHANES 2021-2023). Moving THIS row to a population mean would rescale every extensive constant against a denominator its own sources never used, turning GFR into 232 L/day by arithmetic rather than by measurement. The two rows are different quantities and ADR 0014 applies to each separately. || ROUNDED 2026-09-09 TO MEASUREMENT PRECISION at the owner's instruction. Nothing physiological in this model is measured to more than four significant figures, and trailing zeros on a whole number read as precision that is not there. The discarded digits were floating-point residue from the derivation, not information. Directive 1.13."
BF.BODY_MASS.TYPICAL,"Typical adult body mass, population mean",m_typ,kg,90.3,se,0.9,body-fluids,A,"Fryar CD, Gu Q, Afful J, Carroll MD, Ogden CL. Anthropometric Reference Data for Children and Adults: United States, August 2021-August 2023. Vital and Health Statistics Series 3, No. 50. Atlanta (GA): National Center for Health Statistics; 2025 Jun. doi:10.15620/cdc/174595. Table 3, weight in kilograms for adults age 20 and older, by sex. Read from the NCBI Bookshelf reproduction of Table 3.",10.15620/cdc/174595,reported,human,male,sprint2,2026-08-27,"NHANES TABLE 3, ADULTS AGE 20 AND OLDER. Male mean 90.3 kg (SEM 0.9, n = 2,688); female mean 77.9 kg (SEM 0.8, n = 3,254). Sample sizes unweighted, estimates weighted to the US population. Pregnant females excluded. Pre-registered in validation/body_mass_prereg.md, committed at 3fd859b before the source was opened. pooling_rule = single-source, k = 1. THIS IS NOT THE SAME QUANTITY AS BF.BODY_MASS.REFERENCE AND MUST NOT BE MERGED WITH IT. The reference row is the mass at which this ledger's EXTENSIVE CONSTANTS are stated - GFR 180 L/day, cardiac output 7200 mL/min, blood volume 5.0 L are all textbook values for a roughly 70 kg, 1.73 m2 adult. It is a normalisation convention belonging to those sources, not a claim about how much people weigh. THIS row is a claim about how much people weigh. Setting the reference to 90.3 would scale GFR to 232 L/day by construction, which is not a measurement of anything - it would restate the same physiology against a different denominator and silently rescale every constant whose source assumed 70 kg. The prereg said the sexed pair 'must move the model'. It moves the POPULATION, which is where body mass actually lives; the single-individual default stays at the reference so that no existing result moves for a reason unrelated to this extraction. WHAT THIS EXPOSES, AND IT IS NOT SMALL: a typical US adult male at 90.3 kg is 1.29x the reference mass, and scaling.jl already records that linear-in-mass scaling OVERSTATES the spread of GFR and cardiac output, which are properly normalised to body surface area. Applying linear scaling out to 1.29x is using it at the edge of where it is defensible. The US adult population this describes has a mean BMI in the obese range, so the model's typical individual is now heavier than the lean reference adults in whom GFR0 and CO0 were characterised. That is a real limitation of using a population survey as a physiological reference and it is recorded rather than hidden."
BF.BODY_MASS.TYPICAL,"Typical adult body mass, population mean",m_typ,kg,77.9,se,0.8,body-fluids,A,"Fryar CD, Gu Q, Afful J, Carroll MD, Ogden CL. Anthropometric Reference Data for Children and Adults: United States, August 2021-August 2023. Vital and Health Statistics Series 3, No. 50. Atlanta (GA): National Center for Health Statistics; 2025 Jun. doi:10.15620/cdc/174595. Table 3, weight in kilograms for adults age 20 and older, by sex. Read from the NCBI Bookshelf reproduction of Table 3.",10.15620/cdc/174595,reported,human,female,sprint2,2026-08-27,"NHANES TABLE 3, ADULTS AGE 20 AND OLDER. Male mean 90.3 kg (SEM 0.9, n = 2,688); female mean 77.9 kg (SEM 0.8, n = 3,254). Sample sizes unweighted, estimates weighted to the US population. Pregnant females excluded. Pre-registered in validation/body_mass_prereg.md, committed at 3fd859b before the source was opened. pooling_rule = single-source, k = 1. THIS IS NOT THE SAME QUANTITY AS BF.BODY_MASS.REFERENCE AND MUST NOT BE MERGED WITH IT. The reference row is the mass at which this ledger's EXTENSIVE CONSTANTS are stated - GFR 180 L/day, cardiac output 7200 mL/min, blood volume 5.0 L are all textbook values for a roughly 70 kg, 1.73 m2 adult. It is a normalisation convention belonging to those sources, not a claim about how much people weigh. THIS row is a claim about how much people weigh. Setting the reference to 90.3 would scale GFR to 232 L/day by construction, which is not a measurement of anything - it would restate the same physiology against a different denominator and silently rescale every constant whose source assumed 70 kg. The prereg said the sexed pair 'must move the model'. It moves the POPULATION, which is where body mass actually lives; the single-individual default stays at the reference so that no existing result moves for a reason unrelated to this extraction. WHAT THIS EXPOSES, AND IT IS NOT SMALL: a typical US adult male at 90.3 kg is 1.29x the reference mass, and scaling.jl already records that linear-in-mass scaling OVERSTATES the spread of GFR and cardiac output, which are properly normalised to body surface area. Applying linear scaling out to 1.29x is using it at the edge of where it is defensible. The US adult population this describes has a mean BMI in the obese range, so the model's typical individual is now heavier than the lean reference adults in whom GFR0 and CO0 were characterised. That is a real limitation of using a population survey as a physiological reference and it is recorded rather than hidden."
BF.BODY_MASS.P05,"Adult body mass, 5th percentile",m_p05,kg,60.9,none,,body-fluids,A,"Fryar CD, Gu Q, Afful J, Carroll MD, Ogden CL. Anthropometric Reference Data for Children and Adults: United States, August 2021-August 2023. Vital and Health Statistics Series 3, No. 50. Atlanta (GA): National Center for Health Statistics; 2025 Jun. doi:10.15620/cdc/174595. Table 3, weight in kilograms for adults age 20 and older, by sex. Read from the NCBI Bookshelf reproduction of Table 3.",10.15620/cdc/174595,reported,human,male,sprint2,2026-08-27,"NHANES Table 3 percentile, adults 20 and older, same source and extraction as BF.BODY_MASS.TYPICAL. Entered as a PERCENTILE, NOT converted to a standard deviation, and that is deliberate. The source reports a standard error of the MEAN and a percentile distribution; it does not report a population SD. Two standard estimators disagree materially because body weight is right-skewed - (P95-P05)/3.29 gives 21.6 kg for males while IQR/1.349 gives 18.7 kg, and the male mean 90.3 sits above the median 86.6 - so picking one AFTER seeing the numbers is exactly the unfalsifiable choice validation/pooling.md exists to prevent, and the pre-registration did not declare an SD estimator. NO SD IS ENTERED. The ensemble samples Sobol between these bounds, which is what sample_population actually does with its argument anyway - it only ever took the 1st and 99th percentiles of the distribution it was handed and sampled uniformly between them. KNOWN LIMITATION, now explicit rather than disguised by a Normal: the sampled population is UNIFORM over this range, not weight-distributed, so it over-represents the tails. Fixing that needs a declared distribution family and an SD estimator chosen in advance, which is its own pre-registration."
BF.BODY_MASS.P05,"Adult body mass, 5th percentile",m_p05,kg,50.7,none,,body-fluids,A,"Fryar CD, Gu Q, Afful J, Carroll MD, Ogden CL. Anthropometric Reference Data for Children and Adults: United States, August 2021-August 2023. Vital and Health Statistics Series 3, No. 50. Atlanta (GA): National Center for Health Statistics; 2025 Jun. doi:10.15620/cdc/174595. Table 3, weight in kilograms for adults age 20 and older, by sex. Read from the NCBI Bookshelf reproduction of Table 3.",10.15620/cdc/174595,reported,human,female,sprint2,2026-08-27,"NHANES Table 3 percentile, adults 20 and older, same source and extraction as BF.BODY_MASS.TYPICAL. Entered as a PERCENTILE, NOT converted to a standard deviation, and that is deliberate. The source reports a standard error of the MEAN and a percentile distribution; it does not report a population SD. Two standard estimators disagree materially because body weight is right-skewed - (P95-P05)/3.29 gives 21.6 kg for males while IQR/1.349 gives 18.7 kg, and the male mean 90.3 sits above the median 86.6 - so picking one AFTER seeing the numbers is exactly the unfalsifiable choice validation/pooling.md exists to prevent, and the pre-registration did not declare an SD estimator. NO SD IS ENTERED. The ensemble samples Sobol between these bounds, which is what sample_population actually does with its argument anyway - it only ever took the 1st and 99th percentiles of the distribution it was handed and sampled uniformly between them. KNOWN LIMITATION, now explicit rather than disguised by a Normal: the sampled population is UNIFORM over this range, not weight-distributed, so it over-represents the tails. Fixing that needs a declared distribution family and an SD estimator chosen in advance, which is its own pre-registration."
BF.BODY_MASS.P95,"Adult body mass, 95th percentile",m_p95,kg,131.8,none,,body-fluids,A,"Fryar CD, Gu Q, Afful J, Carroll MD, Ogden CL. Anthropometric Reference Data for Children and Adults: United States, August 2021-August 2023. Vital and Health Statistics Series 3, No. 50. Atlanta (GA): National Center for Health Statistics; 2025 Jun. doi:10.15620/cdc/174595. Table 3, weight in kilograms for adults age 20 and older, by sex. Read from the NCBI Bookshelf reproduction of Table 3.",10.15620/cdc/174595,reported,human,male,sprint2,2026-08-27,"NHANES Table 3 percentile, adults 20 and older, same source and extraction as BF.BODY_MASS.TYPICAL. Entered as a PERCENTILE, NOT converted to a standard deviation, and that is deliberate. The source reports a standard error of the MEAN and a percentile distribution; it does not report a population SD. Two standard estimators disagree materially because body weight is right-skewed - (P95-P05)/3.29 gives 21.6 kg for males while IQR/1.349 gives 18.7 kg, and the male mean 90.3 sits above the median 86.6 - so picking one AFTER seeing the numbers is exactly the unfalsifiable choice validation/pooling.md exists to prevent, and the pre-registration did not declare an SD estimator. NO SD IS ENTERED. The ensemble samples Sobol between these bounds, which is what sample_population actually does with its argument anyway - it only ever took the 1st and 99th percentiles of the distribution it was handed and sampled uniformly between them. KNOWN LIMITATION, now explicit rather than disguised by a Normal: the sampled population is UNIFORM over this range, not weight-distributed, so it over-represents the tails. Fixing that needs a declared distribution family and an SD estimator chosen in advance, which is its own pre-registration."
BF.BODY_MASS.P95,"Adult body mass, 95th percentile",m_p95,kg,119.2,none,,body-fluids,A,"Fryar CD, Gu Q, Afful J, Carroll MD, Ogden CL. Anthropometric Reference Data for Children and Adults: United States, August 2021-August 2023. Vital and Health Statistics Series 3, No. 50. Atlanta (GA): National Center for Health Statistics; 2025 Jun. doi:10.15620/cdc/174595. Table 3, weight in kilograms for adults age 20 and older, by sex. Read from the NCBI Bookshelf reproduction of Table 3.",10.15620/cdc/174595,reported,human,female,sprint2,2026-08-27,"NHANES Table 3 percentile, adults 20 and older, same source and extraction as BF.BODY_MASS.TYPICAL. Entered as a PERCENTILE, NOT converted to a standard deviation, and that is deliberate. The source reports a standard error of the MEAN and a percentile distribution; it does not report a population SD. Two standard estimators disagree materially because body weight is right-skewed - (P95-P05)/3.29 gives 21.6 kg for males while IQR/1.349 gives 18.7 kg, and the male mean 90.3 sits above the median 86.6 - so picking one AFTER seeing the numbers is exactly the unfalsifiable choice validation/pooling.md exists to prevent, and the pre-registration did not declare an SD estimator. NO SD IS ENTERED. The ensemble samples Sobol between these bounds, which is what sample_population actually does with its argument anyway - it only ever took the 1st and 99th percentiles of the distribution it was handed and sampled uniformly between them. KNOWN LIMITATION, now explicit rather than disguised by a Normal: the sampled population is UNIFORM over this range, not weight-distributed, so it over-represents the tails. Fixing that needs a declared distribution family and an SD estimator chosen in advance, which is its own pre-registration."
BF.TBW.MASS_FRACTION,Total body water as fraction of body mass,f_TBW,unitless,0.552,sd,0.062,body-fluids,A,Zhang N et al. Association between the content of intracellular and extracellular fluid and the amount of water intake among Chinese college students. PMC6751809.,PMC6751809,reported,human,both,sprint1,2026-08-08,"Reported as 55.2 +/- 6.2 percent of body weight by bioelectrical impedance, n=159 young adults. NOTE this is below the conventional textbook 60 percent; BIA and isotope dilution disagree systematically and the cohort is young Chinese adults. VERIFY against a second population before relying on it. Candidate cross-check: ICRP 89."
BF.ICF.MASS_FRACTION,Intracellular fluid as fraction of body mass,f_ICF,unitless,0.344,sd,0.040,body-fluids,A,Zhang N et al. PMC6751809.,PMC6751809,reported,human,both,sprint1,2026-08-08,"34.4 +/- 4.0 percent of body weight, same cohort and method as BF.TBW.MASS_FRACTION. Consistency check: ICF + ECF = 55.2 which matches TBW as reported."
BF.ECF.MASS_FRACTION,Extracellular fluid as fraction of body mass,f_ECF,unitless,0.208,sd,0.023,body-fluids,A,Zhang N et al. PMC6751809.,PMC6751809,reported,human,both,sprint1,2026-08-08,"20.8 +/- 2.3 percent of body weight, same cohort and method. Sums with ICF to TBW."
BF.NA.PLASMA_SETPOINT,Plasma sodium concentration setpoint,C_Na,mEq/L,140,range,135-145,body-fluids,B,Standard clinical reference interval.,,reported,human,both,sprint1,2026-08-08,"VERIFY - clinical reference range, needs a citable primary source. Widely reproduced but traced here only to convention. || PRECISION CORRECTED 2026-09-09 under directive 1.13, second pass. Trailing zero read as a fourth figure against a reference interval of 135-145. The first pass rounded this row but stopped one figure short, because the gate then allowed two figures beyond what the interval supports - a tolerance I had given myself rather than the rule. The gate now enforces the rule exactly. Discarded digits were inside the row's own stated interval, so no claim changes."
BF.OSM.PLASMA_SETPOINT,Plasma osmolality setpoint,Osm_p,mOsm/kg,287,range,275-295,body-fluids,B,Standard clinical reference interval.,,reported,human,both,sprint1,2026-08-08,"VERIFY - as above. Needed to close the osmotic equilibration between ICF and ECF. || ROUNDED 2026-09-09 TO MEASUREMENT PRECISION at the owner's instruction. Nothing physiological in this model is measured to more than four significant figures, and trailing zeros on a whole number read as precision that is not there. The discarded digits were floating-point residue from the derivation, not information. Directive 1.13."
BF.NA.OSMOTICALLY_INACTIVE_FRACTION,Fraction of total body sodium stored osmotically inactive,f_NaStore,unitless,0.15,none,,body-fluids,B,Rakova N et al. Long-term space flight simulation reveals infradian rhythmicity in human Na+ balance. Cell Metab 2013;17(1):125-131.,10.1016/j.cmet.2012.11.013,assumed,human,both,sprint1,2026-08-08,"ASSUMED PLACEHOLDER. Rakova et al establish that total-body Na+ is stored and is NOT a simple function of salt intake, and that total-body Na+ and extracellular water are not tightly coupled. They do not report a single storage fraction. This value is a placeholder to make the third compartment functional and MUST be replaced by estimation against the Mars500 balance series. See ADR 0004. || OPENED THE SOURCES AND ENTERED NOTHING, AND THE REASON IS THAT NONE OF THEM MEASURES THIS QUANTITY. 2026-09-17, HANDOVER section 3.51. THREE DIFFERENT THINGS: this row is a STEADY-STATE RATIO, Na_store over Na_ecf. Olde Engberink 2017 (PMID 28132715, read in full) gives the fraction of cations ACUTELY CLEARED FROM BODY WATER that is not retrieved in urine over 4 h - 47 to 55 percent, a buffering fraction of a LOAD. Rakova 2013 (Cell Metab 17(1):125-131, Open Archive, read) gives the SWING AMPLITUDE of total-body sodium at fixed intake, plus or minus 200-400 mmol, without parallel changes in body weight or extracellular water. A buffering fraction, a swing amplitude and a steady-state ratio are not interchangeable, and entering any of them here is what section 3.1 of the pre-registration was written to prevent - it anticipated the 23Na MRI version of that trap and this is a different one. || AND SECTION 3.2's CAVEAT APPLIES AT FULL STRENGTH. Olde Engberink's quantity is INFERRED from a mismatch between plasma sodium change and urinary excretion through the Adrogue-Madias and Nguyen-Kurtz formulas; their own stated limitation is that they 'did not directly measure the amount of nonosmotic Na+ stored in the tissues'. Their subjects were SALT-DEPLETED, baseline fractional sodium excretion 0.08 percent, and the paper itself says the capacity may be large BECAUSE of that. || STAGE 1's DIAGNOSTIC OF ABOUT 0.40 IS NOT ENTERED AND MUST NOT BE. It is what the model needs to reproduce Drummer's half-life ratio, which is precisely what makes it inadmissible as a value. THE ROW STAYS ASSUMED."
BF.NA.INTAKE_NOMINAL,Dietary sodium intake nominal,Na_in,mEq/day,205,none,,body-fluids,A,Rakova N et al. Cell Metab 2013;17(1):125-131.,10.1016/j.cmet.2012.11.013,derived,human,both,sprint1,2026-08-08,"DERIVED from the Mars500 protocol salt level of 12 g/day NaCl. 12 g NaCl / 58.44 g/mol = 205 mmol Na. Protocol levels were 12, 9 and 6 g/day held for 30-60 days each. Use these three as the validation step inputs, not a free parameter. || ROUNDED 2026-09-09 TO MEASUREMENT PRECISION at the owner's instruction. Nothing physiological in this model is measured to more than four significant figures, and trailing zeros on a whole number read as precision that is not there. The discarded digits were floating-point residue from the derivation, not information. Directive 1.13."
BF.NA.INTAKE_MID,Dietary sodium intake middle protocol level,Na_in_9,mEq/day,154,none,,body-fluids,A,Rakova N et al. Cell Metab 2013;17(1):125-131.,10.1016/j.cmet.2012.11.013,derived,human,both,sprint1,2026-08-08,"DERIVED from 9 g/day NaCl protocol level. 9 / 58.44 = 154 mmol. || ROUNDED 2026-09-09 TO MEASUREMENT PRECISION at the owner's instruction. Nothing physiological in this model is measured to more than four significant figures, and trailing zeros on a whole number read as precision that is not there. The discarded digits were floating-point residue from the derivation, not information. Directive 1.13."
BF.NA.INTAKE_LOW,Dietary sodium intake low protocol level,Na_in_6,mEq/day,103,none,,body-fluids,A,Rakova N et al. Cell Metab 2013;17(1):125-131.,10.1016/j.cmet.2012.11.013,derived,human,both,sprint1,2026-08-08,"DERIVED from 6 g/day NaCl protocol level. 6 / 58.44 = 103 mmol. || ROUNDED 2026-09-09 TO MEASUREMENT PRECISION at the owner's instruction. Nothing physiological in this model is measured to more than four significant figures, and trailing zeros on a whole number read as precision that is not there. The discarded digits were floating-point residue from the derivation, not information. Directive 1.13."
BF.H2O.INTAKE_NOMINAL,Total water intake nominal,H2O_in,L/day,2.5,none,,body-fluids,B,Convention pending primary source.,,assumed,human,both,sprint1,2026-08-08,ASSUMED. Needs a primary source. In the Mars500 protocol fluid intake was ad libitum and recorded; extracting the actual series would be better than any population figure and would remove this assumption entirely.
BF.H2O.INSENSIBLE_LOSS,Insensible water loss,H2O_insens,L/day,0.8,none,,body-fluids,B,Convention pending primary source.,,assumed,human,both,sprint1,2026-08-08,"ASSUMED. Respiratory plus transepidermal, sedentary thermoneutral adult. Needs a primary source; varies strongly with ambient conditions and activity, so a single constant is a known simplification."
BF.ICF_ECF.OSMOTIC_TAU,Intracellular-extracellular osmotic equilibration time constant,tau_osm,min,30,none,,body-fluids,B,Convention pending primary source.,,assumed,human,both,sprint1,2026-09-02,"ASSUMED. Fast relative to every integrative timescale of interest. Per ADR 0002 this sits well SLOWER than baroreflex so it is not a candidate for the fast block; per ADR 0003 it is a Conservation-class coupling and must not be partitioned across. || THE CHECK THIS NOTE DEMANDED HAS NOW BEEN RUN, AND IT CAME BACK HALF WRONG. The note used to end: 'Sensitivity to this value should be near zero on multi-day runs - verify that in testing, and if it is not, the compartment structure is wrong.' Nobody verified it for the life of the project. Run on 2026-09-02 with validation/challenges.jl section 5. ON MULTI-DAY RUNS IT IS INDEED NEAR ZERO, so the compartment structure is not indicted. ON ACUTE PROTOCOLS IT IS THE DOMINANT TERM: a 1.4 L oral water load over 30 min moves the PEAK plasma osmolality excursion from 8.8 mOsm/kg at tau = 1 min to 12.9 at the assumed 30 and 17.6 at 120, and the intracellular share of the load falls 0.74 -> 0.46 -> 0.19 L across the same range. A FACTOR OF TWO IN AN UNSOURCED CONSTANT, on exactly the protocol class the ADH component exists to reproduce. || AT tau = 1 min THE MODEL REPRODUCES THE PURE-DILUTION BOUND (8.81 against 8.8 computed from water retained over total body water), which is the physically correct limit. At 30 min it EXCEEDS that bound by 47%, because the intracellular compartment has not taken its share by the end of a 30-minute load. That is a bound, not a source. || A SOURCING PASS WAS RUN ON 2026-09-02 AND FOUND NOTHING USABLE. 10 queries over two sweeps: osmotic equilibration time course in humans, hypertonic infusion kinetics, transcellular water shift kinetics, cell volume regulation half-times, aquaporin water permeability, and the volume-kinetics literature. The volume-kinetics work (Hahn and colleagues) models plasma and interstitial spaces rather than the ICF-ECF osmotic exchange this parameter governs, so it is not the same quantity and may not be converted. Erythrocyte water permeability is measured but a single cell type does not give a whole-body constant. THE ROW STAYS `assumed` AND STAYS HONEST - what changed is that it is now a MEASURED, BOUNDED, SEARCHED debt instead of an unexamined one. || CONSEQUENCE, AND IT BINDS: no acute osmotic result from this model may be reported as a magnitude until this is sourced. Directions and multi-day steady states are unaffected. || ROUNDED 2026-09-09 TO MEASUREMENT PRECISION at the owner's instruction. Nothing physiological in this model is measured to more than four significant figures, and trailing zeros on a whole number read as precision that is not there. The discarded digits were floating-point residue from the derivation, not information. Directive 1.13."
BF.NA.STORAGE_TAU,Osmotically inactive sodium storage time constant,tau_store,day,0.1,range,0.05-0.2,body-fluids,B,"Olde Engberink RHG, Rorije NMG, van den Born BJH, Vogt L. Quantification of nonosmotic sodium storage capacity following acute hypertonic saline infusion in healthy individuals. Kidney Int 2017;91(3):738-745. doi:10.1016/j.kint.2016.12.004. PMID 28132715. READ IN FULL. 12 healthy normotensive non-smoking men on a low-sodium diet, 2.4 percent NaCl over 30 min dosed to 5 mmol Na per L total body water, 4 h follow-up. Osmotic inactivation is measurable at 2 h and larger at 4 h: 92 +/- 26 mmol of sodium or potassium should have been excreted and 51 mmol was, so only 47 and 55 percent of expected sodium and potassium excretion were retrieved in urine.",10.1016/j.cmet.2012.11.013,assumed,human,both,sprint1,2026-09-17,"ORDER OF MAGNITUDE, NOT A MEASUREMENT, AND ONE SIGNIFICANT FIGURE FOR THAT REASON. 2026-09-17, HANDOVER section 3.52, validation/sodium_store_structure_prereg.md branch X1. A first-order store with tau = 0.1 d is 57 percent loaded at 2 h and 81 percent at 4 h, which is what Olde Engberink observes; the 0.05-0.2 d range is the span consistent with that observation window and nothing narrower is supportable. Directive 1.9. || WHAT IT REPLACES AND WHY THE OLD VALUE WAS WRONG IN KIND. The previous 7 d was taken from Rakova's circaseptan rhythm - and that paper reports 'peaks at about 6 DAYS period length', not 7. But the rounding was the small error: A RHYTHM PERIOD IS NOT A FIRST-ORDER RELAXATION TIME CONSTANT. An oscillation against a relaxation; no arithmetic converts one into the other. The row's own previous note admitted the value was 'chosen to match the reported weekly infradian rhythm period rather than derived from it'. Failure mode 11. || THE SCOPE DECISION THIS VALUE BELONGS TO. ADR 0004's single compartment is now explicitly scoped to the ACUTE process. Three timescales are in evidence - 2-4 h, about 6 days, monthly and longer - and one first-order compartment carries one. THE CIRCASEPTAN AND MONTHLY RHYTHMS ARE OUT OF SCOPE FOR THIS MODEL, declared rather than forgotten: it has no machinery to generate an infradian rhythm and no protocol longer than the 30-day salt step in which one would show. || IT OVERLAPS THE MODEL'S OWN REQUIREMENT AND THAT IS DECLARED. Stage 1's diagnostic wanted 0.05-0.25 d to reproduce Drummer's half-life ratio. This row is sourced from a DIFFERENT study, a different manoeuvre and a different tonicity, and 0.1 d is NOT the best-performing value in that sweep - 0.25 d was. Read the overlap as two independent routes agreeing that the process takes HOURS, which is the claim, and not as confirmation of either. || CAVEATS THAT STAY ON THE ROW. The source's quantity is INFERRED from a mismatch between plasma sodium change and urinary excretion through the Adrogue-Madias and Nguyen-Kurtz formulas, and its own limitation is that it 'did not directly measure the amount of nonosmotic Na+ stored in the tissues'. Subjects were SALT-DEPLETED - baseline fractional sodium excretion 0.08 percent - and the paper says the capacity may be large BECAUSE of that. HYPERTONIC, not isotonic. n = 12 men. Tier B and it does not improve. || NOTHING READS THIS ROW IN THE DEFAULT BUILD. storage defaults to false and ADR 0004 stays PROVISIONAL."
CIRC.PERIOD,Circadian period,T,day,1,none,,neural,A,Circadian rhythms and the kidney. Nat Rev Nephrol 2018;14:626-635.,10.1038/s41581-018-0048-9,reported,human,both,sprint2,2026-08-08,"Free-running human period is slightly over 24 h but entrained period is 24 h. This model has no entrainment mechanism (see Circadian.jl) so the entrained value is the correct one to use. If constant-routine or shift-work protocols are ever added this must become a free-running period with an entrainment path. || ROUNDED 2026-09-09 TO MEASUREMENT PRECISION at the owner's instruction. Nothing physiological in this model is measured to more than four significant figures, and trailing zeros on a whole number read as precision that is not there. The discarded digits were floating-point residue from the derivation, not information. Directive 1.13."
CIRC.RENAL_NA.AMPLITUDE,Relative amplitude of circadian modulation of renal sodium handling,A_renal,unitless,0.25,none,,renal,B,"Kanabrocki EL, Scheving LE, Olwin JH, et al. Circadian variation in the urinary excretion of electrolytes and trace elements in men. Am J Anat 1983;166(2):121-148.",,assumed,human,both,sprint2,2026-08-25,"STILL ASSUMED AT 0.25, AND NOW WITH THE CONFLICT RECORDED RATHER THAN A SINGLE SOURCE. A wide sweep of the circadian sodium literature found the amplitude genuinely contested. UPPER END: Kanabrocki 1983, 11 healthy adult males, 3-hourly urine over 27 h with cosinor analysis, found a statistically significant population rhythm for sodium and reported that for almost every element the increase from lowest to highest 3-hour group mean exceeded 100%. A peak-to-trough ratio of 2 corresponds to a cosinor amplitude of 0.33, and >100% is a lower bound, so this supports 0.33 or more. LOWER END: Peng 2021, 85 healthy Chinese adults, every voided specimen over 24 h with cosinor analysis, found URINARY SODIUM SHOWED NON-SIGNIFICANT PARAMETERS IN THE COSINOR MODEL and that the sodium rhythm was less significant than potassium. That is close to an amplitude of zero. 0.25 sits between them and is NOT a pooled estimate - pooling a significant and a non-significant result is not defensible. THE RHYTHM'S EXISTENCE IS BETTER SUPPORTED THAN ITS SIZE: see CIRC.RENAL_NA.ENDOGENEITY_MARKER. THE PROPER SOURCE HAS BEEN IDENTIFIED AND NOT YET OBTAINED - Minors and Waterhouse 1990 provide normative ENDOGENOUS urinary sodium data from about 80 constant routines, which is exactly the unmasked quantity this parameter should carry. Get it before trusting any circadian sodium result."
CIRC.RENAL_NA.ACROPHASE,Time of peak renal sodium excretion,acro_renal,day,0.33,none,,renal,B,"Ueno M, Kawasaki T, Uezono K, Omae T, Matsuoka M. Relationship of urinary kallikrein excretion to renal water and sodium excretion. Metabolism 1983;32(5):433-437.",PMC7400814,assumed,human,both,sprint2,2026-08-25,"STILL ASSUMED AT 0.33 day, AND THE ACROPHASE IS CONTESTED TOO - the two best cosinor studies found are nearly ANTIPHASE. Ueno 1983, 20 healthy Japanese women on an ordinary diet, cosinor: acrophase of urinary sodium excretion at 16:55, i.e. late afternoon, closely tracking urine volume at 16:51 (r = 0.935). Under this component's convention with a 07:00 active-period start that is 0.41 day. Peng 2021, 85 healthy Chinese adults, cosinor: sodium excretion had a NOCTURNAL PEAK falling to its lowest around noon to afternoon - roughly the opposite. 0.33 day (about 15:00) is retained as a placeholder consistent with Ueno and inconsistent with Peng. It is NOT a compromise between them; there is no defensible compromise between antiphase estimates. Resolve with the Minors and Waterhouse constant-routine normative data before this parameter is used for anything."
CIRC.CV_MAP.AMPLITUDE,"Endogenous circadian amplitude of mean arterial pressure, relative",A_cv,unitless,0.017,range,0.012545-0.021505,cardiovascular,A,"Shea SA, Hilton MF, Hu K, Scheer FAJL. Existence of an endogenous circadian blood pressure rhythm in humans that peaks in the evening. Circ Res 2011;108(8):980-984.",10.1161/CIRCRESAHA.110.233668,derived,human,both,sprint2,2026-08-25,"PRECISION: rounded to 2 significant figures on 2026-08-27. The sources do not support more, and carrying digits that do not exist forced the closure gate and the test suite to chase arithmetic noise. Derived rows inherit the significant figures of their inputs and are rounded to match; the closure tolerance was moved to 1e-3 in the same change, which is still an order of magnitude tighter than the 6% error that motivated that gate. || REPLACES CIRC.CV_MAP.DIP_FRACTION = 0.15, WHICH WAS THE WRONG QUANTITY BY ABOUT NINE TIMES AND ALSO THE WRONG PHASE. That parameter encoded the 10-20% NOCTURNAL AMBULATORY DIP as though it were the endogenous circadian driver. It is not. Degaute 1991 (31 healthy young men, ambulatory BP with simultaneous polysomnography) found RECUMBENCY AND SLEEP ACCOUNT FOR 65-75% OF THE NOCTURNAL DECLINE, concluding that posture and the wake-sleep transition are the major factors in the 24-h BP rhythm. THE ENDOGENOUS COMPONENT IS REAL BUT SMALL. Shea 2011 measured it under three complementary protocols in 28 normotensive adults - a 38-h constant routine and forced desynchrony at 28-h and 20-h sleep/wake cycles - and found significant circadian rhythms in all three with almost identical profiles: peak-to-trough 3-6 mmHg systolic and 2-3 diastolic. Converting through MAP = DBP + (SBP-DBP)/3 gives 2.33-4.00 mmHg peak-to-trough, so a cosinor amplitude of 0.0125 to 0.0215 of MAP. Midpoint adopted, range carried. DERIVED because the MAP conversion is arithmetic on reported SBP and DBP, not a reported MAP amplitude. LIVE CONTROVERSY, RECORDED NOT RESOLVED: Kerkhof 1998 (25 normotensives, 26-h constant routine, stated power >0.95) found NO significant endogenous BP rhythm, and Van Dongen 2001 replicated that absence five times in six subjects. Shea's forced-desynchrony design separates circadian from behavioural influence more strongly than a constant routine alone and is followed here, but the disagreement is genuine and this parameter should be treated as the weakest in the cardiovascular arm."
CIRC.CV.ACROPHASE,Time of peak mean arterial pressure,acro_cv,day,0.583,none,,cardiovascular,A,"Shea SA, Hilton MF, Hu K, Scheer FAJL. Existence of an endogenous circadian blood pressure rhythm in humans that peaks in the evening. Circ Res 2011;108(8):980-984.",10.1161/CIRCRESAHA.110.233668,derived,human,both,sprint2,2026-08-25,"PRECISION: rounded to 3 significant figures on 2026-08-27. The sources do not support more, and carrying digits that do not exist forced the closure gate and the test suite to chase arithmetic noise. Derived rows inherit the significant figures of their inputs and are rounded to match; the closure tolerance was moved to 1e-3 in the same change, which is still an order of magnitude tighter than the 6% error that motivated that gate. || WAS 0.25 day (13:00) AND ASSUMED. Shea 2011 reports that all six peaks - systolic and diastolic across three protocols - occurred at a circadian phase corresponding to approximately 21:00, the biological evening. Under this component's convention that phase 0 is the start of the active period, taken as 07:00 for humans, 21:00 is 14 h later = 0.583333 day. DERIVED only in that clock time is converted to the component's phase convention. NOTE WHAT THIS MEANS FOR THE MODEL: the ENDOGENOUS BP peak is in the EVENING, whereas the familiar ambulatory dip is NOCTURNAL. They are not the same rhythm and are not even in phase, which is the second reason the old dip-fraction parameterisation was wrong. Shea also reports the BP rhythm was unrelated in phase to those of cortisol, catecholamines, cardiac vagal modulation, heart rate or urine flow."
CIRC.EFFECTOR.TAU,Clock to effector transcriptional delay,tau_clock,s,3600,none,,neural,C,Recent advances in understanding the circadian clock in renal physiology. PMC6350809.,PMC6350809,assumed,human,both,sprint2,2026-08-08,"ASSUMED. The source describes Per1 as an early aldosterone target gene regulating ENaC, SGLT1, NHE3 and ET-1, and notes Per genes have short half-lives, but does not report an effector delay. 1 h is an order-of-magnitude placeholder. This is a Neurohumoral coupling tau per ADR 0003 and is what makes the clock safe to partition across. || CITATION FLAGGED 2026-08-25 BY AUDIT. This row cites a title and a PMC identifier with NO AUTHOR LIST and no DOI, and the title does not resolve on a PubMed title search. It must be replaced with a full citation - authors, journal, year, volume, pages - or removed. Until then the parameter should be treated as uncited, not as tier-supported. || ROUNDED 2026-09-09 TO MEASUREMENT PRECISION at the owner's instruction. Nothing physiological in this model is measured to more than four significant figures, and trailing zeros on a whole number read as precision that is not there. The discarded digits were floating-point residue from the derivation, not information. Directive 1.13."
RN.GFR.NOMINAL,Glomerular filtration rate nominal,GFR0,L/day,152.6,sd,25.9,renal,A,"Soares AA, Prates AB, Weinert LS, Veronese FV, de Azevedo MJ, Silveiro SP. Reference values for glomerular filtration rate in healthy Brazilian adults. BMC Nephrol 2013;14:54. doi:10.1186/1471-2369-14-54. PMID 23448550. GFR measured by 51Cr-EDTA single injection in 285 healthy adults aged 19-70, 106 +/- 18 mL/min/1.73 m2, reference intervals built to CLSI C28.",10.1186/1471-2369-14-54,reported,human,both,sprint2,2026-08-27,"CHANGED 180.0 -> 152.6 L/day ON 2026-08-27. THE PREVIOUS VALUE WAS NOT SOURCED: the citation read 'Standard physiological reference. VERIFY.', which is not a reference, while extraction_method claimed `reported`. 180 L/day is 125 mL/min - the textbook figure - and MEASURED GFR in healthy adults is not 125. Pre-registered in validation/verify_rows_prereg.md, committed at e0195f4 before any source was opened. pooling_rule = single-source, k = 1. THE VALUE: 106 mL/min/1.73 m2 x 1440 / 1000 = 152.64 -> 152.6 L/day, 4 significant figures per directive 1.9. SD 18 mL/min/1.73 m2 -> 25.9 L/day. Measured by 51Cr-EDTA single injection, n = 285 healthy adults 19-70, reference intervals constructed to the CLSI C28 protocol. The relationship IS the subject of that paper - directive 1.7. SEX: NO DIFFERENCE, AND THAT IS A FINDING RATHER THAN AN OMISSION. Soares reports 108 +/- 18 male against 104 +/- 18 female, p = 0.134, and pooled the sexes for that reason. Under ADR 0014 this row therefore stays `both` with the cohort recorded, which is the rule's 'where only one value is supported, use it for both' branch and not a gap. CONVERGENT AND DELIBERATELY NOT POOLED: Denic A, Mathew J, Lerman LO, Lieske JC, Larson JJ, Alexander MP, Poggio E, Glassock RJ, Rule AD. Single-nephron glomerular filtration rate in healthy adults. N Engl J Med 2017;376(24):2349-2357. PMID 28614683. 1,388 healthy living kidney donors, iothalamate, mean GFR 115 +/- 24 mL/min ABSOLUTE and UNINDEXED. At a typical donor body surface area near 1.9 m2 that is about 105 mL/min/1.73 m2, agreeing closely with Soares - but the paper does not report the BSA needed to make that conversion, so it CANNOT be placed on this model's 1.73 m2 reference without an assumption. pooling.md prohibits pooling across incompatible measurement bases, and indexed against absolute is exactly that, so it is recorded as corroboration and NOT averaged in. Note also that Denic's cohort is screened kidney donors, i.e. selected for renal health above the population. WHY THE TEXTBOOK 125 IS HIGHER. The conventional figure predates routine clearance measurement in unselected healthy adults and is closer to a young-adult value; Soares finds 112 +/- 18 under 45 against 98 +/- 15 over 45, so an all-ages healthy mean sits well below 125. This is the same pattern as CV.MAP.SETPOINT and RN.AUTOREG.LOWER: a textbook convention entered as though it were a measurement. IT IS INDEXED TO 1.73 m2 AND THE MODEL SCALES BY MASS. src/scaling.jl already records that GFR properly scales with body surface area, sub-linearly in mass, and that linear scaling overstates the population spread. This row is the reference value at 1.73 m2; the mismatch between that normalisation and mass-linear scaling is the debt scaling.jl names, not a new one. RN.NA.FRACTIONAL_REABSORPTION MOVED WITH THIS ROW and had to: it is DERIVED as 1 - Na_intake/(GFR0*C_Na), so the two are not independent. Enforced by tools/check_closure.py, 'Na excretion == Na intake'."
RN.GFR.VOLUME_SENSITIVITY,GFR sensitivity to extracellular volume expansion,S_gfr_v,dimensionless,1.30,none,,renal,B,"van den Bosch JJJON, Hessels NR, Visser FW, Krikken JA, Bakker SJL, Riphagen IJ, Navis GJ. Plasma sodium, extracellular fluid volume, and blood pressure in healthy men. Physiol Rep 2021;9(24):e15103. doi:10.14814/phy2.15103. PMID 34921521. PMC8683787. n = 70 healthy normotensive men, age 24 +/- 7, crossover, 7 days per level, intake verified by 24 h urinary sodium (230 +/- 67 against 38 +/- 26 mmol/24 h). GFR and extracellular fluid volume BOTH by 125I-iothalamate. Table 1: GFR 138 +/- 18 against 128 +/- 18 ml/min (p < 0.001); ECFV 17.4 +/- 1.66 against 16.5 +/- 1.54 L/1.73 m2 (p < 0.001); BSA 2.04 +/- 0.15 against 2.03 +/- 0.15 (p < 0.001). DERIVED FROM THOSE SIX NUMBERS - the ratio is not reported by the paper; the derivation is validation/renal_hemodynamics_extract.py.",10.14814/phy2.15103,derived,human,both,claude-session7,2026-09-02,"THE FRACTIONAL GFR CHANGE PER FRACTIONAL EXTRACELLULAR VOLUME CHANGE, across chronic sodium intake in healthy humans. Pre-registered in validation/renal_hemodynamics_prereg.md, written BEFORE this extraction and sitting before it in history; verify with git log --diff-filter=A on that file. Reproduce with python validation/renal_hemodynamics_extract.py. || THE DERIVATION. ECFV is reported INDEXED to 1.73 m2 while GFR is reported ABSOLUTE, so ECFV is de-indexed using EACH ARM'S OWN BSA: (17.4*2.04 - 16.5*2.03)/1.73 = 1.157 L absolute, on a mean of 19.94 L, giving 0.05801 fractional. GFR gives 10/133 = 0.07519 fractional. S = 0.07519/0.05801 = 1.296 -> 1.30. Indexing the GFR instead of de-indexing the volume gives 1.324, 2 percent away, so the value does not turn on which side is converted. || TWO SIGNIFICANT FIGURES AND NOT THREE, per directive 1.9. The information is in the DIFFERENCES and dECFV is 0.9 L off two three-figure means; there is no third figure to keep. This is the opposite case to RN.NA.FRACTIONAL_REABSORPTION, where the difference of large numbers needed MORE digits on the inputs - here the inputs do not have them. || NO UNCERTAINTY IS ENTERED AND THAT IS DELIBERATE, not an omission. Numerator and denominator are measured in the SAME SUBJECTS BY THE SAME TRACER, so they are correlated, and the paper reports per-arm SDs rather than paired differences or their covariance. The pre-registration section 11 fixed in advance that an interval must not be fabricated by propagating the per-arm SDs as if independent. || pooling_rule = single-source, n_studies = 1 (columns pooling.md requires but this file does not have; recorded in prose by precedent, HANDOVER section 7). K IS 1 AND NOT 3, AND THAT IS A FINDING. Krikken 2007 (PMID 17091123, n = 95), Visser 2009 (PMID 19282825, n = 78) and this paper are THE SAME GRONINGEN COHORT - van den Bosch states in its Methods that it is a post-hoc analysis of the prior study, n = 70/93. Toering 2018 (PMID 28592435) is the same group. Pooling them would be the silent re-pooling validation/pooling.md prohibits and would have looked like k = 3. || CORROBORATED IN DIRECTION BY AN INDEPENDENT GROUP AND A DIFFERENT TRACER, AND NOT POOLED. Roos JC, Koomans HA, Dorhout Mees EJ, Delawi IM. Renal sodium handling in normal humans subjected to low, normal, and extremely high sodium supplies. Am J Physiol 1985;249(6 Pt 2):F941-7. PMID 3907374. Utrecht, n = 8, INULIN clearance rose 103 +/- 9 to 129 +/- 9 ml/min. NOT POOLED because its reported endpoints span 20 to 1128 meq/day, far outside this model's 103-205 and outside any diet; the 200 meq intermediate values are described but not printed and the full text is not open access. Direction only. || DECLARED CONFLICT, AND IT IS ABOUT SEX. The cohort is MEN. Under ADR 0014 the row is entered `both` because no sexed source with numbers was found, which is the rule's 'where only one value is supported, use it for both' branch - the same branch RN.GFR.NOMINAL took. BUT the pre-registered women sweep found that the only clean healthy-women study points the other way: Pechere-Bertschi A, Maillard M, Stalder H, Brunner HR, Burnier M. Renal segmental tubular response to salt during the normal menstrual cycle. Kidney Int 2002;61(2):425-31. PMID 11849382. 35 normotensive women, 40 against 250 mmol/day for 7 days: in the FOLLICULAR phase the rise in salt intake was associated with NO CHANGE in renal haemodynamics, with renal vasodilation in the LUTEAL phase instead. The companion study in women on oral contraceptives (PMID 12969156, n = 27) does find GFR and filtration fraction rising, p < 0.05, but that paper exists to show the oral-contraceptive renal salt response is altered. SO THIS ROW MAY BE A MALE NUMBER APPLIED TO WOMEN, exactly as CV.HEMATOCRIT.NOMINAL was before it was sourced as a pair. It is recorded, not hidden, and a sexed pair must NOT be entered on a direction alone. || WIRED 2026-09-03, HANDOVER section 4 item 1. It is read by Renal.jl as the relation Renal.gfr_vol_mod, clamped to RN.GFR.VOLUME_RANGE, and connected as rn.V_ecf ~ bf.V_ecf in assemble.jl. The blocker this row declared has been discharged: implementation was sequenced behind CV.VENOUS_RETURN.SENSITIVITY because the model's volume excursion is the input this term multiplies and it was 1.5-2.1x too large, and that row was sourced in healthy humans on 2026-09-03. Under ADR 0006 an E1 phenomenon defaults ON, which the pre-registration fixed in advance so that it could not be discovered conveniently later: this term is NOT a flag. || WHAT IT ACTUALLY DID, MEASURED WITH THE TERM WIRED RATHER THAN PROXIED. Chronic salt sensitivity 2.000 -> 1.849 mmHg per 100 mmol/day, a fall of 7.6 percent, against a human 1.70-2.30 - still inside the window and now nearer its floor. dMAP/dV_ecf is UNCHANGED, which is the fifth independent confirmation of the orthogonality result: this is a pressure-limb lever only. The two proxy routes predicted 8.1 and 15.2 percent; the measured 7.6 is below both, and the reason is that both were computed at G_pn = 20, G_vr = 2880 and no volume-keyed natriuretic path, so the term now competes with a sourced ADR 0010 path for the same sodium. SAME BAND AND SAME VERDICT AS BRANCH G3 - real but minor - which is the outcome that matters, and the pre-registration's numbers were never the thing being tested. || AND IT MOVED THE ONE OUT-OF-SAMPLE NUMBER THE WRONG WAY, WHICH IS RECORDED RATHER THAN BURIED. Jensen 2013's peak rise in FRACTIONAL sodium excretion goes 82.5 -> 79.3 percent against a reported 123, so the model is now slightly further low on the only endpoint it was not fitted to. The mechanism is arithmetic and it is worth understanding before anyone treats it as a defect: FENa = 1 - FR_effective, and both natriuretic terms in FR_effective are NORMALISED BY FILTERED LOAD, so raising GFR dilutes them in the fractional measure. ABSOLUTE excretion rises exactly as expected - Lobo 6 h urinary sodium 95.1 -> 97.1 mmol against a measured 95, and 6 h urine 565.6 -> 576.6 mL against 563. The model therefore excretes MORE sodium and reports a SMALLER fractional rise. Whether that is right depends on glomerulotubular balance, which this model does not represent, and nothing here sources it. DO NOT refit anything to Jensen - HANDOVER section 4 item 2 says spending the only out-of-sample datum on a fit is how this line loses its one test. || THE FUNCTIONAL FORM IS CENSORED, NOT EXTRAPOLATED. See RN.GFR.VOLUME_RANGE. The clamp is inert on the chronic salt step and binds on the acute challenges, so every acute number above is at the bound rather than on the line. || THE TIMESCALE IS AN EXTRAPOLATION AND IS DECLARED. The source is chronic, 7 days per level; the term is algebraic and therefore instantaneous. Conlin 1993 (PMID 7503952) puts the renal response to volume expansion per se at 3-7 hours, so instantaneous is fast rather than backwards. No lag was added because its time constant would be identified by nothing, which is the debt RN.ANP.TAU already carries, and branch G3 forbids the structural addition anyway. || WHAT IT WOULD BE WORTH. 4.9578 -> 4.2019 mmHg per 100 mmol/day against a human 1.70-2.30. About a sixth of the gap. Closing it by this route alone would need a 26-32 percent GFR swing across the step; the sourced human response over the same 102 mmol/day is 4.0 percent. This is a contributor, not the explanation, and under the anti-double-count rule ADR 0013 and ADR 0015 must be re-estimated against it. || THE JENSEN FIGURES IN THIS NOTE ARE SUPERSEDED. CORRECTED 2026-09-17, HANDOVER section 3.45. This note records that wiring this term moved Jensen's peak fractional sodium excretion rise 82.5 -> 79.3 percent against a reported 123, 'so the model is now slightly further low on the only endpoint it was not fitted to'. THE ARITHMETIC IS CORRECT AND THE STANDING IT DESCRIBES IS NOT, for two reasons: the macula densa arm moved the endpoint three weeks later, and the comparison was a MODEL PEAK against a STUDY'S FINAL SAMPLE rather than like for like. On Jensen's own 210-240 minute window the model is at 110.1 percent against a measured 122. || THE MECHANISM PARAGRAPH IS WORTH KEEPING FOR THE REASON IT WAS WRITTEN. It explains that raising GFR dilutes both natriuretic terms in the FRACTIONAL measure while absolute excretion rises, so the model excretes more sodium and reports a smaller fractional rise. That is still exactly what this term does; it is simply no longer the dominant influence on the endpoint. || AND ITS CLOSING SENTENCE WAS RIGHT ABOUT SOMETHING ELSE. It says 'whether that is right depends on glomerulotubular balance, which this model does not represent, and nothing here sources it'. That remains true and remains unsourced. It is no longer needed to explain a magnitude deficit, because there is none; the open question it bears on is the LATE time course, which no published number currently bounds."
RN.NA.FRACTIONAL_REABSORPTION,Fractional tubular sodium reabsorption at nominal pressure,FR_Na,unitless,0.9904044,none,,renal,B,"Derived, not measured: FR_Na = 1 - BF.NA.INTAKE_NOMINAL / (RN.GFR.NOMINAL * BF.NA.PLASMA_SETPOINT) = 1 - 205/(152.6*140) = 0.9904044186..., i.e. the fractional reabsorption that makes sodium excretion equal intake at the nominal operating point. Enforced by tools/check_closure.py, 'Na excretion == Na intake'.",,derived,human,both,sprint2,2026-08-27,"VALUE MOVED 0.9918651 -> 0.9904044 ON 2026-08-27, FORCED BY RN.GFR.NOMINAL 180 -> 152.6. This row is DERIVED and is not independent of GFR: a smaller filtered load needs a smaller reabsorbed fraction to excrete the same 205 mEq/day. Re-deriving it was mandatory, not optional - leaving it at 0.9918651 would have broken sodium balance by about 18%. The excreted fraction 1 - FR_Na moved 0.0081349 -> 0.0095956. The pre-registration fixed this dependency in advance precisely so the two could not be entered as though they were separate measurements. DISCHARGED 2026-08-27 WITHOUT A LITERATURE SEARCH, AND THAT IS THE CORRECT OUTCOME. The row carried 'Standard physiological reference. VERIFY.' while claiming extraction_method = derived. A derived value does not need a citation, it needs its DERIVATION stated and checkable, and searching for a source would have been answering a question this row is not asking. The arithmetic is exact: 1 - 205/(180*140) = 0.9918650793650794, matching the stored value to every digit it carries. Branch 1 of validation/verify_rows_prereg.md. NO NEW GATE WAS ADDED. tools/check_closure.py already asserts exactly this identity under 'Na excretion == Na intake' - directive 1.10, do not add what already exists. IT IS NOT INDEPENDENT OF RN.GFR.NOMINAL. If GFR moves this MUST move with it by the same derivation; re-entering them separately would break sodium balance silently. SIGNIFICANT FIGURES APPLY TO THE QUANTITY THAT CARRIES THE INFORMATION, WHICH HERE IS 1 - FR_Na, NOT FR_Na. This row was rounded to 4 significant figures (0.9919) on 2026-08-27 with everything else and immediately broke sodium balance: excretion 204.12 against intake 205, a 0.43% drift, because the excreted fraction is 0.0081 and four figures on FR_Na leaves only two on the difference. Restored to 0.9918651. A small difference of two large numbers needs enough digits on the large numbers to leave the difference meaningful - that is not false precision, it is the arithmetic. This is the same failure recorded in the header of tools/check_closure.py, where rounding this row to 0.9915 gave 214.2 against 205. || PRECISION: rounded to 4 significant figures on 2026-08-27. The sources do not support more, and carrying digits that do not exist forced the closure gate and the test suite to chase arithmetic noise. Derived rows inherit the significant figures of their inputs and are rounded to match; the closure tolerance was moved to 1e-3 in the same change, which is still an order of magnitude tighter than the 6% error that motivated that gate. || DERIVED to close the loop at nominal: filtered load = 180 L/day x 140 mEq/L = 25200 mEq/day; excretion must equal intake of 205 mEq/day at steady state, so FR = 1 - 205/25200 = 0.9918651. NOT rounded - rounding to 0.9915 gave excretion of 214.2 vs intake 205, a 9.2 mEq/day drift that ran the model to a lethal state while reporting Success. This is NOT an independent measurement - it is fixed by the other three values, and that dependency must be preserved if any of them changes."
RN.PRESSURE_NATRIURESIS.SLOPE,Pressure natriuresis slope,G_pn,(mEq/day)/mmHg,8.4,range,5.43-20.0,renal,B,"SOLVED INSIDE THIS MODEL against human data; not lifted from a published value. Originating model for the ROW and the FORM, and for the 20.0 that stood until 2026-09-03: Guyton AC, Coleman TG, Granger HJ. Circulation: overall regulation. Annu Rev Physiol 1972;34:13-46. See notes for what Guyton is and is not the source of.",10.1146/annurev.ph.34.030172.000305,calibrated,human,both,claude-session7,2026-09-03,"CHANGED 11.4 -> 8.4 ON 2026-09-03, on the owner's instruction, and 8.4 is the CONSTRAINT-CONSISTENT partner of the sourced volume gain rather than a second free choice. The human joint constraint is G_pn + 0.0594*G_anp = 50 per 100 mmol/day; with CV.ANP.NATRIURETIC_GAIN sourced at 700 that gives 8.4 exactly. 11.4 had paired with 650 and the mismatch was recorded on this row when 11.4 was entered - it predicted a chronic salt sensitivity just below the human window, which is what was measured, and 8.4 was predicted to land inside it. It does. || CHANGED 20.0 -> 11.4 ON 2026-09-03 ON THE OWNER'S EXPLICIT INSTRUCTION. This row had been parked at his decision since 2026-08-25 and the instruction discharges that. IT IS NOT ADR 0013'S PROPOSAL - that record proposes 51.0 on the human PRESSURE evidence alone and remains Proposed and unadopted. 11.4 is the JOINT estimate that follows from ADR 0010's volume-keyed path being sourced and turned on: the human data constrain the COMBINATION G_pn + 0.0594*G_anp = 50 per 100 mmol/day, and with G_anp identified independently by the acute route the pressure slope is what remains. || ARITHMETIC NOTE THAT MATTERS. 11.4 pairs with G_anp = 650. The entered CV.ANP.NATRIURETIC_GAIN is 700, and the same constraint at 700 gives 8.4. So 11.4 and 700 are NOT the matched pair and the combination is under-satisfied by about 3 units, which shows up as a chronic salt sensitivity above the human window. Recorded rather than silently reconciled, because reconciling it by moving either number after seeing the result is the circularity this row's own history is a warning about. || WHAT IT DOES, measured with julia --project=. validation/challenges.jl. See the session record; the acute limbs are barely affected because they are carried by the volume path, and the chronic limb moves because this row is what sets it. || THE PREVIOUS NOTE IS PRESERVED BELOW BECAUSE ITS EVIDENCE IS UNCHANGED. || CALIBRATED, not measured. VALUE UNCHANGED AT 20.0 - read the identifiability result below before altering it. Originating model: Guyton 1972 systems analysis; the EXISTENCE and steepness of pressure natriuresis is E1 and well replicated, this particular slope is a fitted constant that propagated through the modelling literature. FORM: LINEAR, AND NOW SOURCED. Roman RJ, Cowley AW Jr, Am J Physiol 1985, PMID 3970209 (rat, denervated, vasopressin/aldosterone/corticosterone/noradrenaline clamped) report the relation as the slope of a LINE, 2 uL/min/kidney/mmHg over RPP 90-160 mmHg. Osborn/Francisco/DiBona, Proc Soc Exp Biol Med 1981, independently report UNaV falling LINEARLY over dog RPP 137-55 mmHg. An earlier note in relations.csv called the curve 'markedly nonlinear'; that was asserted from memory and is RETRACTED. VALIDITY RANGE roughly 55-160 mmHg. RN.AUTOREG.UPPER was 180, outside that range; moved to 160 on 2026-08-21 and cited to the same paper. MAGNITUDE CROSS-CHECK: Mizelle HL et al, Hypertension 1993;22:102-110 (dog, split bladder, bilateral servo-control, 12 d - the cleanest isolation of pressure per se) gives 3.468 mmol/day/mmHg whole animal = 2.154e-4 of filtered load per mmHg against this row's 7.937e-4, so the calibrated value is 3.68x STEEPER than the animal datum on a scaling-free basis. That is the range in uncertainty_value; 5.43 is the Mizelle-consistent value. SINGLE SOURCE, k=1, DOG - per validation/pooling.md that is animal-derived, may not be pooled with a human value, and is recorded as a comparator rather than adopted. IDENTIFIABILITY (measured 2026-08-20 on IPE at 9a6fa42): this parameter ALONE fixes the model's salt sensitivity. At steady state excretion equals intake, so Na_excr = Na_filtered*(1-FR_Na) + G_pn*(MAP-MAP_ref) gives dMAP ~ d(intake)/G_pn, in which CV.VENOUS_RETURN.SENSITIVITY does not appear. Confirmed numerically: the 205->103 mEq/day step gives 4.934 mmHg at G_pn=20.0 and 15.698 mmHg at G_pn=5.43, while varying G_vr over 2880->600 at fixed G_pn=5.43 moves the shift only 15.698->12.403 and drives V_ecf to 9.889 L, below the 10 L floor asserted in test/runtests.jl. The residual departure from an exact 1/G_pn law is C_Na drift. CONSEQUENCE, correcting HANDOVER.md section 5 item 4: G_pn and G_vr are NOT jointly identified as one lumped loop gain. G_pn is identified by the salt-sensitivity shift and G_vr by ECF volume, separately. Adopting the Mizelle value in isolation re-balances nothing - it forces a 15.7 mmHg shift across a 102 mEq/day range, which is salt-sensitive-hypertensive behaviour, not normotensive. WHY THE GAP IS PROBABLY REAL RATHER THAN AN ERROR: IPE has NO volume-sensing natriuretic path. Seeliger et al, J Physiol 2004;559:939-951, servo-controlled RPP during saline loading in freely moving dogs with NO reduction in peak or cumulative natriuresis, and Bie 2018 (10.1152/ajpregu.00363.2017) argues excretion is keyed to extracellular volume rather than pressure. With ANP absent, all sodium regulation is forced through this one term, so an inflated G_pn is the expected COMPENSATION for the missing path. DO NOT lower this to 5.43 before a volume-sensing natriuretic path exists - doing so degrades the only behaviour the model has ever reproduced. Re-estimate G_pn and the ANP gain JOINTLY against digitised Mars500, as posteriors, not this value alone and not as a point value. || ADR 0013'S FALSIFIABLE TEST WAS RUN ON 2026-09-02 AND THE VALUE STAYS AT 20.0. Pre-registered in validation/ecf_salt_response_prereg.md; reproduce with python validation/ecf_salt_response_extract.py. ADR 0013 proposes 20.0 -> 51.0 on the human PRESSURE response and requires its volume test to pass BEFORE acceptance. It fails. van den Bosch 2021 (Physiol Rep 2021;9(24):e15103, PMID 34921521, n = 70 healthy men, 7 d per level, ECFV by iothalamate, intake verified by 24 h urinary sodium) gives dMAP/dV_ecf = 1.885 mmHg/L against the model's 9.80 at that cohort's 80.6 kg - a factor of 5.2 against a pre-registered failure threshold of 2, and it fails on all three volume proxies so it does not turn on the iothalamate space or the 1 kg = 1 L conversion. THE FAILURE IS NOT ABOUT THIS ROW. G_pn and CV.VENOUS_RETURN.SENSITIVITY are ORTHOGONAL, measured: an 8x change in G_vr moves the pressure response by 0.12% and moves the volume response exactly inversely. G_pn sets dMAP; G_vr sets dMAP/dV_ecf. So the human pressure data and the human volume data identify one parameter each with no cross-talk, and the pressure limb still supports 51. What the test shows is that ACCEPTING 51 ALONE WOULD MAKE THE VOLUME RESPONSE WORSE - from 1.26x too small at 20 to 3.2x too small at 51 - because dMAP is what this row moves and dV_ecf follows it down at a fixed, wrong ratio. Fix G_vr first, re-run the test, then accept. DECLARED CONFLICT: Heer 2000 (PMID 10751219) and Heer 2009 (PMID 19173770) report no total-body-water or body-mass increase on high sodium and a non-monotonic ECV response, which would put the error's sign the other way; that camp invokes osmotically inactive sodium storage, which is ADR 0004 and is default OFF here. || THE HUMAN BAND THIS ROW IS COMPARED AGAINST MOVED 2026-09-16. ecf_salt_response_extract.py de-indexed van den Bosch's extracellular volume with ONE body surface area where the paper prints one per arm, understating the human expansion by 9 percent. The tracer limb goes 0.553 -> 0.602 L per 100 mmol/day and the human dMAP/dV_ecf band 2.97-4.16 -> 2.82-4.02 mmHg/L. THIS ROW'S VALUE IS UNCHANGED and was not refitted to the new band - that would be fitting a parameter to a target the same pass moved. ADR 0013 addendum, validation/ecf_deindex_prereg.md. || PROVENANCE CORRECTED 2026-09-18, gpn_label_prereg.md. NO VALUE MOVED. THE CITATION FIELD DESCRIBED A NUMBER THIS ROW NO LONGER HOLDS. It read as Guyton 1972 with extraction_method=calibrated, which SOURCES.md defines as a value lifted from another model's fitted parameters - and 8.4 IS NOT GUYTON'S NUMBER. This row's own note above already said so: 8.4 is the constraint-consistent partner of the sourced volume gain, solved inside THIS model. Guyton is the origin of the ROW, of the FORM, and of the 20.0 that stood until 2026-09-03; he is not the source of the value. The citation now says which. FAILURE MODE #11, and the same shape the ANP label pass fixed the same day. || extraction_method STAYS `calibrated`, on the precedent RN.MD.RENIN_GAIN set: that row is also solved inside this model against human measurements and also carries `calibrated`, having recorded that naming the absent originating model is the honest answer to a label written for the other case. The count of calibrated rows is unchanged at two and this row is still one of them. || AND THE JOINT CONSTRAINT RECORDED ABOVE IS NO LONGER SATISFIED. The note says the human joint constraint is G_pn + 0.0594*G_anp = 50 and that 8.4 follows with the volume gain at 700. THAT PARTNER IS NOW 585 (and renamed CV.VOLUME.NATRIURETIC_GAIN): 8.4 + 0.0594*585 = 43.15, short of 50 by 6.85, about 14 percent. The value that would satisfy the linearisation at 585 is 15.25. || THAT IS NOT A VALUE DEFECT AND THE VALUE WAS NOT MOVED - DIRECTIVE 1.14, CHECKED BEFORE CHASING. The model's chronic salt sensitivity at the current pair is 1.96, inside the human 1.70-2.30, so the pair WORKS. The volume gain was re-solved 700 -> 585 against the NONLINEAR model outcome with G_pn held at 8.4, targeting a chronic salt sensitivity of 2.00; G_pn + 0.0594*G_anp = 50 is a LINEARISATION of that same target. The solved pair satisfies the outcome and not the linearisation, and THE OUTCOME IS THE THING THAT WAS EVER MEANT TO HOLD. || SO THE DEFECT IS THE NOTE, NOT THE NUMBER: a constraint was left stated as if binding when the model deliberately does not satisfy it. Two copies of a fact drifting apart, which CLAUDE.md names as the failure this repository is organised against. WHAT WOULD MAKE IT A REAL DEFECT: the chronic salt sensitivity leaving 1.70-2.30, or a demonstration that the linearisation is exact rather than approximate. Neither holds. || STILL OPEN AND NOT RESOLVED HERE: ADR 0013 proposes 51.0 on the human PRESSURE evidence alone and remains Proposed and unadopted; ADR 0015 is also Proposed. The model is running on rows those records discuss while neither has been accepted. Reported, not resolved - adopting either in a relabelling pass is exactly what this pass forbids itself."
RN.AUTOREG.LOWER,Lower limit of renal autoregulation,MAP_lo,mmHg,63.9,none,,renal,A,"Finke R, Gross R, Hackenthal E, Huber J, Kirchheim HR. Threshold pressure for the pressure-dependent renin release in the autoregulating kidney of conscious dogs. Pflugers Arch 1983;399(2):102-110. PMID 6139786. Lower limit of renal blood flow autoregulation, measured directly by servo-controlled stepwise reduction of renal artery pressure in the conscious animal.",,reported,dog,both,sprint2,2026-08-27,"VALUE CHANGED 80.0 -> 63.9 mmHg ON 2026-08-27, AND SPECIES CORRECTED human -> dog. The previous value was NOT SOURCED: citation read 'Standard physiological reference. VERIFY.', which is not a reference, and species read 'human', which was not supported. This row was the last of the seven rows carrying that identical non-citation to be flagged as genuine debt rather than discharged, and HANDOVER 3.1 named it the one to look at first because CV.MAP.SETPOINT moved 93 -> 87 on the same day, carrying the operating point TOWARD this breakpoint. PRE-REGISTERED EXTRACTION: validation/autoreg_lower_prereg.md, committed at 3fbe260 BEFORE any paper was opened; executed by validation/autoreg_lower_extract.py. 26 PubMed queries in two sweeps, 1114 unique records screened. POOLING RULE, DECLARED BEFORE EXTRACTION per validation/pooling.md: single-source, n_studies k=1. No cross-species pooling was performed and no range midpoint was taken; both are prohibited for new entries. BRANCH 7 OF THE PRE-REGISTERED PROCEDURE WAS TAKEN. Branches 1-5 fail: NO human primary study reports a numeric lower breakpoint. The one that appears to - Textor SC et al, Ann Intern Med 1985;102(3):308-314, 'Critical perfusion pressure for renal function' - measures a STENOSIS threshold in bilateral atherosclerotic renovascular disease, not the intrinsic breakpoint of a normal kidney, and the sensitivity disappeared after revascularisation. Branch 6 fails too, and that is the finding of this pass: THE HUMAN EVIDENCE CONFLICTS AT THE SAME PRESSURE. At MAP 60 mmHg, Lessard MR and Trepanier CA, Anesthesiology 1991;74(5):860-865 (n=20, GFR by inulin, ERPF by PAH, MAP 59.8 +/- 0.4 for 237 min) found GFR not significantly further reduced and renal vascular resistance FALLING to maintain renal blood flow - the autoregulatory signature; while Hara T et al, J Clin Anesth 1998;10(7):539-545 (n=26, MAP 60 for 120 min) found creatinine clearance SIGNIFICANTLY DECREASED in both arms. Lessard is the methodologically stronger study, but choosing it after seeing both is precisely what pre-registration forbids, so branch 6's condition - that human studies ESTABLISH preservation - genuinely fails on its own terms. There is no lower pressure where the human evidence is unconflicted either: at MAP 50, Zayas VM et al, Am J Physiol 1993;265(5 Pt 2):F686-F692 and Toivonen J et al, Eur J Anaesthesiol 1991;8(1):13-20 both report renal function falling. ALL FOUR HUMAN STUDIES ARE ANAESTHESIA SAFETY STUDIES and directive 1.7 predicts what they returned: apply the test - had the physiology come out differently, the conclusion would have been 'this hypotensive technique is unsafe for the kidney'. The pressure-flow relationship is the INSTRUMENT there, not the subject, and every one of them carries a confound (volatile anaesthetic, sympathetic blockade, vasodilator, or all three), with anaesthesia depressing GFR before any pressure was lowered. THE ADOPTED SOURCE IS THE OPPOSITE KIND OF STUDY. Finke 1983 varied renal artery pressure from 160 to 40 mmHg in seven CONSCIOUS foxhounds under beta-blockade on a normal sodium diet (4.1 mmol/kg/day), reducing it in steps held constant by a servo-control system driving an inflatable renal artery cuff. Between 160 mmHg and resting pressure renal blood flow did not change; between resting pressure and the lower limit of autoregulation, average 63.9 mmHg, it rose only about 7%. The relationship IS the subject. No standard deviation is reported for the limit itself, so uncertainty_type stays none rather than inventing one - the paper does report 89.8 +/- 3.3 mmHg for its separate renin threshold, so the omission is the authors' and not a transcription loss. DECLARED CONFLICTS, LOGGED AND NOT RESOLVED. (1) Shipley RE, Study RS, Am J Physiol 1951;167(3):676-688, PMID 14903093 - the ANAESTHETISED dog study that is the origin of the textbook 80-180 and therefore of the value this row carried; its PubMed record carries the MeSH term 'Humans', a legacy-indexing artefact of the AJP back catalogue already flagged in autoreg_upper_prereg.md. Anaesthesia is the most likely single explanation of 80 vs 63.9. (2) Cupples WA, Braam B, Am J Physiol Renal Physiol 2007;292(4):F1105-F1123, PMID 17229679 - a tier B review putting the limit at ~75 mmHg in dog and ~85 in rat. pooling.md: the primary source wins and the divergence is logged. Averaging 75 and 85 would produce a number describing neither species. (3) The 2025 human review already cited in this row's previous note (doi 10.22514/sv.2025.001) holds that human evidence is insufficient for 80 as the lower limit; this extraction agrees and goes further - the human evidence that does exist puts the limit near 60. THE BRANCH CHOICE IS NOT LOAD-BEARING: branch 6 would have given 59.8 and branch 7 gives 63.9, a 4.1 mmHg difference, and no conclusion depends on which. Two independent lines - conscious dog with a measured breakpoint, anaesthetised humans bracketing 50 to 60 - different species, designs, decades and authors, both land near 60. NEITHER SUPPORTS 80. NO MODEL RESULT CHANGES. The three salt arms sit at MAP 81.900 / 84.450 / 87.001 mmHg, above the old 80 and above the new 63.9, so all remain on the autoregulation plateau and every steady state is bit-identical. The pre-registration declared this BEFORE extraction so that 'it does not change the answer' could not wave the change through, and so that a value above ~81.9 would have had to be escalated rather than quietly avoided. WHAT CHANGES IS MARGIN: the low-salt arm sat 1.9 mmHg above a piecewise kink and now sits 18.0 mmHg above it. STILL DEBT, AND THE REASON IS FIXED IN THE PRE-REGISTRATION. This is a dog number and the human experiment IS performable - humans have repeatedly been taken to 50-60 mmHg. The ethical-ceiling argument that earns RN.AUTOREG.UPPER its E2 standing under the ADR 0006 amendment does NOT transfer to this row, and was ruled out in the pre-registration before the search so it could not be reached for afterwards. What is missing is a study that lowers pressure in humans WITHOUT general anaesthesia and measures GFR by inulin at graded steps. Debt with a named primary source is a real improvement on a non-citation; it is not a closure. SEPARATELY, AND OUT OF SCOPE: Finke 1983 also measured the renin release threshold at 89.8 +/- 3.3 mmHg in conscious dog, against RAAS.RENIN.PRESSURE_THRESHOLD = 93.0 currently carried on van Ochten. NOT CHANGED HERE. Recorded because that row is the rectification point HANDOVER 3.1 found the model sitting exactly on, and a second independent primary source for it now exists in a paper this repo has read. THE PIECEWISE FORM REMAINS UNSOURCED: relations.csv row Renal.GFR keeps an empty form_citation and stays in GRANDFATHERED_UNSOURCED. A NUMBER was sourced, not an EQUATION. Finke in fact reports renal blood flow rising ~7% below resting pressure rather than staying flat, so the true plateau has a slight slope the model's ifelse does not represent."
RN.AUTOREG.UPPER,Upper limit of renal autoregulation,MAP_hi,mmHg,160,none,,renal,A,"Roman RJ, Cowley AW Jr. Characterization of a new model for the study of pressure-natriuresis in the rat. Am J Physiol 1985;248:F190-F198. PMID 3970209. Highest renal perfusion pressure at which GFR was measured and found unchanged.",10.1152/ajprenal.1985.248.2.F190,reported,rat,both,claude-session4,2026-08-21,"EVIDENCE UNDER AN ETHICAL CEILING, NOT DEBT (ADR 0006 amended 2026-08-21). The rat provenance of this value is not a deficiency to be burned down. No human study raises arterial pressure to locate the failure of GFR autoregulation and none may; the human literature only ever lowers it. Where the human experiment cannot ethically exist, a well-conducted animal study is the evidence, not a substitute for it. This row is E2 with species, preparation and tested range recorded. WHAT REMAINS A REAL LIMITATION IS THE CENSORING, NOT THE SPECIES: 160 mmHg was the highest RPP tested in that preparation, so the true breakpoint is >= 160 and is not known to BE 160. UPPER BREAKPOINT MOVED 180 -> 160 mmHg ON 2026-08-21. The previous value was NOT SOURCED: citation read 'Standard physiological reference. VERIFY.' and species read 'human', neither of which was true. POOLING RULE, DECLARED BEFORE EXTRACTION per validation/pooling.md, pre-registration in validation/autoreg_upper_prereg.md: single-source, n_studies k=1. The pre-registration fixed, before any paper was read, that if zero HUMAN primary studies reported an upper breakpoint then the value could not be retained by cross-species pooling or by range-midpoint (both prohibited) and had to be brought inside the range where the model's own relations have support. SEARCH RESULT - THERE IS NO HUMAN PRIMARY EVIDENCE FOR AN UPPER BREAKPOINT. PubMed yields no human study that RAISES arterial pressure and measures the pressure at which GFR autoregulation fails; for obvious reasons the human literature only ever probes the LOWER limb by LOWERING pressure - Parving HH et al, Diabetologia 1984;27:547-552 (clonidine, MAP fall 16-18 mmHg, PMID 6442240), New JP et al, Diabetologia 1998;41:206-211 (trandolapril, MAP 103->93, PMID 9498655), Christensen PK et al, Kidney Int 2001 (PMID 11576357) and Diabetes Care 2003 (PMID 12502673). None of these reaches 160 mmHg, let alone 180. WHERE 180 ACTUALLY CAME FROM: Shipley RE, Study RS, Am J Physiol 1951;167:676-688, doi 10.1152/ajplegacy.1951.167.3.676, PMID 14903093 - DOG, acute alterations of renal artery pressure. That is the primary origin of the textbook '80-180 mmHg' and it is canine. (The PubMed MeSH record for PMID 14903093 carries the term 'Humans'; that is a known legacy-indexing artefact of the AJP back-catalogue, contradicted by the paper and by every secondary source that cites it as the canine range. Recorded here because the MeSH tag would otherwise look like human support.) 180 therefore entered this ledger as a dog number wearing a human label. WHAT IS ADOPTED: Roman RJ, Cowley AW Jr, Am J Physiol 1985;248:F190-F198, doi 10.1152/ajprenal.1985.248.2.F190, PMID 3970209. RAT, denervated kidney, vasopressin, aldosterone, corticosterone and noradrenaline clamped by infusion, RPP set by aortic clamp. Verbatim: 'Increasing RPP within the autoregulatory range from 90 to 160 mmHg produced 5- to 20-fold increases in urine flow and sodium excretion with no detectable changes in glomerular filtration rate, renal blood flow, or peritubular capillary pressure.' That is a direct primary measurement that GFR autoregulation is INTACT at 160 mmHg. THIS IS A CENSORED OBSERVATION, NOT A MEASURED BREAKPOINT. 160 mmHg is the highest RPP Roman and Cowley tested, so the true upper limit is >= 160; it is not known to BE 160. uncertainty_type is 'none' rather than a range because inventing a 160-180 interval would smuggle back the range-midpoint reasoning pooling.md prohibits. The model breakpoint is set at the edge of evidence, which is the conservative direction: it makes GFR fall with pressure slightly earlier than reality, rather than asserting a flat plateau in a region nothing has measured. WHY 160 AND NOT SOMETHING ELSE - THE TWO CONSTRAINTS COINCIDE. Roman and Cowley 1985 is ALSO the form source for the model's pressure natriuresis (see RN.PRESSURE_NATRIURESIS.SLOPE and ledger/relations.csv row Renal.FR_effective), where the LINEAR form is evidenced over roughly 55-160 mmHg. At 180 the autoregulation breakpoint sat OUTSIDE the range over which the equation it modifies has any support, so the model contained a kink in a region where its own natriuresis term was unevidenced. Setting the breakpoint to 160 makes the autoregulatory plateau and the natriuresis validity range terminate together, at the same pressure, from the SAME primary paper. That is not a coincidence chosen after the fact - the <=160 ceiling was written into the pre-registration before extraction. CROSS-SPECIES POOLING NOT PERFORMED, as prohibited. The dog value (Shipley 1951) and the rat value (Roman 1985) are NOT averaged. One rat study is adopted; the dog study is recorded as provenance archaeology for the discarded 180, not as a co-estimate. CORROBORATION, RECORDED AS CONTEXT AND NOT POOLED: Cupples WA, Braam B, Am J Physiol Renal Physiol 2007;292:F1105-F1123, doi 10.1152/ajprenal.00194.2006, describe the plateau as spanning from ~75 mmHg (dogs) or ~85 mmHg (rats) to >160 mmHg - note '>160', an open upper bound, not a fixed 180. Carlstrom M, Wilcox CS, Arendshorst WJ, Physiol Rev 2015;95:405-511, doi 10.1152/physrev.00042.2012, quote the conventional 80-180 mmHg. Both are reviews (tier B) and neither adds human primary data on the upper limit. SPECIES CHANGED human -> rat. TIER CHANGED B -> A: per SOURCES.md, tier A includes 'peer-reviewed primary research in animal models, flagged as such with species noted'. The tier RISES because the source is now a primary measurement rather than an unnamed reference, while the species flag FALLS to rat. Those are two separate axes and both moved honestly. KNOWN LIMITATION: the model is human. A rat autoregulatory breakpoint is being used in a human model because no human number exists. This is species extrapolation and is flagged as such. NO NUMERICAL EFFECT AT THE OPERATING POINT: IPE runs at MAP ~88-93 mmHg, inside [80, 160], where GFR ~ GFR0 either way. Verified: the ADR 0007 salt-step result is unchanged. The change buys honesty and removes an unevidenced kink, not different behaviour. WHAT IS STILL NOT SOURCED: the piecewise-flat-then-proportional FORM of the autoregulation equation, including its derivative discontinuity at both breakpoints. Only the breakpoint VALUE is sourced here. ledger/relations.csv row Renal.GFR therefore remains in the grandfathered unsourced list in tools/check_relations.py and its form_citation stays empty. LEDGER SCHEMA DEBT: validation/pooling.md specifies pooling_rule, n_studies and pooling_notes as columns of this CSV. Those columns do not exist yet, so the rule is recorded in prose here, following the precedent already set by RN.PRESSURE_NATRIURESIS.SLOPE. SCALING FROM RAT TO HUMAN: NO SCALING FACTOR IS APPLIED, AND THAT IS A DELIBERATE CLAIM, NOT AN OMISSION. This parameter is a PRESSURE (mmHg), an intensive variable, unlike the extensive quantities in this ledger (GFR, sodium excretion, blood volume) which would require allometric scaling by body or kidney mass. Mean arterial pressure in the conscious rat (~100-120 mmHg) and in the adult human (~93 mmHg here) are the same order of magnitude, and the autoregulatory plateau is generated by afferent-arteriolar myogenic tone and tubuloglomerular feedback, which are transmural-pressure-sensing mechanisms operating on the same pressure scale in both species rather than mass-dependent ones. Cupples and Braam 2007 report lower limits of ~75 mmHg (dog) and ~85 mmHg (rat) - a ~10 mmHg spread across a roughly 40-fold body-mass difference, which is the empirical evidence that this quantity does not scale with mass. The residual risk is therefore not a missing scale factor but genuine between-species difference in the breakpoint itself, of order 10 mmHg based on that spread, and it is unquantified in the upward direction because no species has been measured above 160 mmHg in this preparation. RE-FRAMED 2026-08-21 under the ADR 0006 amendment: an earlier version of this note treated 'not human' as a defect. It is not. What is genuinely unsourced here is the piecewise FORM of the autoregulation equation (see ledger/relations.csv row Renal.GFR) and the LOWER breakpoint - not this value's species. || ROUNDED 2026-09-09 TO MEASUREMENT PRECISION at the owner's instruction. Nothing physiological in this model is measured to more than four significant figures, and trailing zeros on a whole number read as precision that is not there. The discarded digits were floating-point residue from the derivation, not information. Directive 1.13."
RN.H2O.OBLIGATORY_LOSS,Obligatory urine volume at maximal concentration,V_min,L/day,0.947,none,,renal,C,Derived from RN.URINE.SOLUTE_LOAD and ADH.URINE.OSM_MAX.,,derived,human,both,sprint3,2026-09-01,"DERIVED 2026-09-01, AND THIS IS THE INVERSION THE ROW ITSELF ASKED FOR. V_min = RN.URINE.SOLUTE_LOAD / ADH.URINE.OSM_MAX = 600.0 / 982.0 = 0.611 L/day. Was 0.5, `assumed`, citation empty, from branch 6 of validation/verify_rows_prereg.md - whose note said the derivation in this ledger was probably inverted and that sourcing U_max and deriving this row was the right next move. It is now done, U_max is sourced from Tryding 1988, and the conventional 0.5 L/day was 18% low. THE MODEL HAD ALREADY INVERTED IT. Renal.jl records that V_min is deliberately no longer a parameter: since the urine solute load began tracking sodium excretion (2026-08-27) the floor is computed as Osm_load / U_max and varies with the salt arm. Nothing in src/ reads this row. tools/check_closure.py was its only consumer and was asserting the relationship in the OPPOSITE direction to the code it is supposed to be checking. That is fixed in the same change. TIER C, INHERITED FROM THE NUMERATOR AND NOT FROM THE DENOMINATOR. ADH.URINE.OSM_MAX is now tier A, but RN.URINE.SOLUTE_LOAD = 600 mOsm/day is an unsourced conventional figure that RN.URINE.SOLUTE_NONNA already records as too low for a Western diet - typical measured totals are 700-900. A larger true load would raise this floor proportionally. The weakest input sets the tier. WHAT IT MEANS PHYSICALLY: with a 600 mOsm/day load and a true maximal urine concentration of 982 mOsm/kg, urine output cannot fall below 611 mL/day. The old pairing claimed 500 mL, which required a concentrating ability nobody has measured. || REFERENCE POINT CORRECTED 2026-09-16, urine_solute_prereg.md Half A, AND THE VALUE MOVED WITHOUT ANY SOURCE BEING OPENED. RN.URINE.SOLUTE_NONNA was pinned so the total returned 600 at the MID salt arm, 154 mEq/day, while the model's reference is the NOMINAL arm, 205. So the load the model actually carried at its own operating point was 292 + 2*205 = 702 and never 600. Three constants - this one, ADH.URINE.OSM_BASELINE and ADH.OSM.SENSITIVITY - were all derived from a load the model never occupied, and k_adh is LIVE. The loop paid for it with a permanent 0.59 mOsm/kg offset above the plasma osmolality setpoint: it had to reach u_osm = 702/1.7 = 412.9, hence adh 0.3894, hence Osm_ecf 287.594. Measured in the running model before the fix: 0.3895 and 287.592. The mid-arm pin was change management when solute tracking landed - it kept the salt step bit-identical - and it then became the reference point for three derived constants. Recomputed as 702/982 = 0.71487. FIVE FIGURES ARE NOT A PRECISION CLAIM: this row exists to close an identity check_closure.py asserts, which is the one exemption CLAUDE.md states. || RE-DERIVED 2026-09-16 FROM THE SOURCED SOLUTE LOAD. The figures beyond the two the parent supports are NOT a precision claim: this row exists to close an identity check_closure.py asserts, which is the one exemption CLAUDE.md states, and rounding it to the parent's precision breaks that identity by more than the 1e-3 closure tolerance. 930/982 = 0.94705 L/day. IT HAS MORE THAN DOUBLED, from 0.611, and that is a real change to the model's water reserve: the obligatory urine volume is now 56 percent of the reference 1.7 L/day. Branch U6 of the pre-registration was the stop condition for this and it does not fire - 0.75 L/day of headroom remains - but it was checked rather than assumed."
CV.CO.NOMINAL,Cardiac output at rest,CO0,L/day,7947,none,,cardiovascular,B,Derived from CV.HR.NOMINAL and CV.SV.NOMINAL.,,derived,human,male,sprint3,2026-09-01,"DERIVED 2026-09-01, AND THE DEPENDENCY IS NOW THE RIGHT WAY ROUND. CO0 = HR0 * SV0 * 1440 / 1000 = 62.0 * 96 * 1.44 = 8570.88 L/day (5.95 L/min). Exact - no rounding, because a derived row that closes an identity must carry every digit, the lesson CV.SV.NOMINAL recorded when it held that position. WHAT THIS ROW WAS. 7200 L/day, a `both` row, `assumed` with an EMPTY citation since branch 6 of validation/verify_rows_prereg.md, carrying the conventional 5 L/min x 1440. Its own note said the dependency was backwards and named this as the fix: stroke volume is what echocardiography and CMR MEASURE, cardiac output is what they compute. That is now done. Pre-re-registered in validation/dependency_inversion_prereg.md, which was committed BEFORE any paper was opened and sits immediately before this change in main's history. NO COMMIT SHA IS CITED, DELIBERATELY - rebase-merge rewrites it and every such citation already in this ledger points at a commit main does not contain. Verify the ordering instead: git log --diff-filter=A -- validation/dependency_inversion_prereg.md. THE TEXTBOOK 5 L/min WAS LOW, WHICH IS DIRECTIVE 1.12 AGAIN. Measured stroke volume with measured supine resting heart rate gives 5.95 L/min in men and 4.88 in women, against a unisex conventional 5.00. Five of these rows have now been opened and the round number was materially wrong in five of them. TWO COHORTS, AND THAT IS INHERENT TO DERIVING A PRODUCT. SV0 is Petersen 2017 (UK Biobank CMR, 45-74) and HR0 is Gonzales 2023 (Fenland, supine chest sensor, 29-65). Both are supine resting measurements in health-screened adults, which is the condition this model means by nominal, but they are not the same people: Petersen's own cohort heart rate during scanning is 67-70 bpm, above Fenland's supine 63.5. Using Petersen's HR instead would give 6.4 L/min in men. The mismatch is real and is why this is `derived` rather than `reported`. OVERDETERMINATION, AND THE RULE THAT PREVENTS IT. CO = HR x SV is an identity, so at most two of the three may be sourced. HR0 and SV0 are; this one is derived. If a cardiac output is ever sourced directly it REPLACES one of them, it does not join them. NO uncertainty is carried here. The dispersion lives on SV0 (sd 20 / 14 mL) and HR0 (sd 8.9), and combining them would need their covariance, which neither source reports. The sd 1150 this row used to carry belonged to the 5 L/min convention and went with it. || ROUNDED 2026-09-09 TO MEASUREMENT PRECISION at the owner's instruction. Nothing physiological in this model is measured to more than four significant figures, and trailing zeros on a whole number read as precision that is not there. The discarded digits were floating-point residue from the derivation, not information. Directive 1.13. || RE-DERIVED 2026-09-16 FROM THE DE-INDEXED CV.SV.NOMINAL, deindexing_prereg.md Stage 2. The derivation and its citation are unchanged; only the stroke volume it is evaluated at moved. 62 x 89 x 1440/1000 = 7946.9 L/day, which is 5.52 L/min against 5.95 before. The conventional 5 L/min is a teaching figure this ledger already distrusts, and the new value sits closer to it without having been aimed at it."
CV.CO.NOMINAL,Cardiac output at rest,CO0,L/day,7394,none,,cardiovascular,B,Derived from CV.HR.NOMINAL and CV.SV.NOMINAL.,,derived,human,female,sprint3,2026-09-01,"DERIVED 2026-09-01, AND THE DEPENDENCY IS NOW THE RIGHT WAY ROUND. CO0 = HR0 * SV0 * 1440 / 1000 = 65.0 * 75 * 1.44 = 7020.0 L/day (4.88 L/min). Exact - no rounding, because a derived row that closes an identity must carry every digit, the lesson CV.SV.NOMINAL recorded when it held that position. WHAT THIS ROW WAS. 7200 L/day, a `both` row, `assumed` with an EMPTY citation since branch 6 of validation/verify_rows_prereg.md, carrying the conventional 5 L/min x 1440. Its own note said the dependency was backwards and named this as the fix: stroke volume is what echocardiography and CMR MEASURE, cardiac output is what they compute. That is now done. Pre-re-registered in validation/dependency_inversion_prereg.md, which was committed BEFORE any paper was opened and sits immediately before this change in main's history. NO COMMIT SHA IS CITED, DELIBERATELY - rebase-merge rewrites it and every such citation already in this ledger points at a commit main does not contain. Verify the ordering instead: git log --diff-filter=A -- validation/dependency_inversion_prereg.md. THE TEXTBOOK 5 L/min WAS LOW, WHICH IS DIRECTIVE 1.12 AGAIN. Measured stroke volume with measured supine resting heart rate gives 5.95 L/min in men and 4.88 in women, against a unisex conventional 5.00. Five of these rows have now been opened and the round number was materially wrong in five of them. TWO COHORTS, AND THAT IS INHERENT TO DERIVING A PRODUCT. SV0 is Petersen 2017 (UK Biobank CMR, 45-74) and HR0 is Gonzales 2023 (Fenland, supine chest sensor, 29-65). Both are supine resting measurements in health-screened adults, which is the condition this model means by nominal, but they are not the same people: Petersen's own cohort heart rate during scanning is 67-70 bpm, above Fenland's supine 63.5. Using Petersen's HR instead would give 6.4 L/min in men. The mismatch is real and is why this is `derived` rather than `reported`. OVERDETERMINATION, AND THE RULE THAT PREVENTS IT. CO = HR x SV is an identity, so at most two of the three may be sourced. HR0 and SV0 are; this one is derived. If a cardiac output is ever sourced directly it REPLACES one of them, it does not join them. NO uncertainty is carried here. The dispersion lives on SV0 (sd 20 / 14 mL) and HR0 (sd 8.9), and combining them would need their covariance, which neither source reports. The sd 1150 this row used to carry belonged to the 5 L/min convention and went with it. || ROUNDED 2026-09-09 TO MEASUREMENT PRECISION at the owner's instruction. Nothing physiological in this model is measured to more than four significant figures, and trailing zeros on a whole number read as precision that is not there. The discarded digits were floating-point residue from the derivation, not information. Directive 1.13. || RE-DERIVED 2026-09-16 FROM THE DE-INDEXED CV.SV.NOMINAL, deindexing_prereg.md Stage 2. The derivation and its citation are unchanged; only the stroke volume it is evaluated at moved. 65 x 79 x 1440/1000 = 7394.4 L/day."
CV.MAP.SETPOINT,Mean arterial pressure nominal,MAP0,mmHg,87,sd,8.0,cardiovascular,A,"Gomez-Sanchez M, Gomez-Sanchez L, Patino-Alonso C, Recio-Rodriguez JI, Alonso-Dominguez R, Sanchez-Aguadero N, Sanchez CL, Sanchez ER, Garcia-Ortiz L, Gomez-Marcos MA. Reference values of central blood pressure and central haemodynamic parameters and their relationship with cardiovascular risk factors in a Spanish population: early vascular ageing study. J Hypertens 2021;39(11):2147-2156.",,derived,human,both,sprint2,2026-08-27,"CHANGED 93.0 -> 87.0 ON 2026-08-27, AND THE OLD VALUE WAS A CATEGORY ERROR. 93 was the textbook BRACHIAL 120/80 convention - 80 + 40/3 = 93.33, matching to 0.3 mmHg - carried under the citation 'Standard physiological reference. VERIFY.' It was never verified, and this is that verification failing. NOW DERIVED from the sourced CENTRAL pressure: MAP = DBP + PP/3 = 76 + 33/3 = 87.0, on 501 adults without cardiovascular disease, age- and sex-stratified random sample. WHY CENTRAL RATHER THAN BRACHIAL. Chemla's SV/PP compliance relation is defined on aortic pressure, so the reconstruction needs a central reference. Mixing a brachial MAP with a central pulse pressure produced a form factor of 0.515 - IMPOSSIBLE, since the fraction of pulse pressure above mean must be below 0.5 when diastole is longer than systole. That contradiction is what exposed the mixing. TRUE MEAN PRESSURE IS NEARLY AMPLIFICATION-INVARIANT: pulse pressure amplifies distally, mean pressure barely does. So there is one MAP, not a central and a brachial one, and the fixed 1/3 form factor giving 87 centrally and 89.8 brachially is an artefact of the formula rather than physiology - which is exactly what reconstruct.jl says about treating the form factor as constant. STILL AN INITIALISATION VALUE AND A VALIDATION TARGET, NOT A SETPOINT THE MODEL ENFORCES. Arterial pressure remains an output of the loop. || ROUNDED 2026-09-09 TO MEASUREMENT PRECISION at the owner's instruction. Nothing physiological in this model is measured to more than four significant figures, and trailing zeros on a whole number read as precision that is not there. The discarded digits were floating-point residue from the derivation, not information. Directive 1.13."
CV.TPR.NOMINAL,Total peripheral resistance nominal,TPR0,mmHg/(L/day),0.01095,none,,cardiovascular,B,Derived from CV.MAP.SETPOINT and CV.CO.NOMINAL.,,derived,human,male,sprint3,2026-09-01,"RECOMPUTED AND SEXED 2026-09-01. TPR = MAP0 / CO0 = 87.0 / 8570.88 = 0.010151 mmHg/(L/day). Was 0.012083, a `both` row, because CO0 was a `both` row. CO0 became a male/female pair when stroke volume was sourced (Petersen 2017), so this row is dimorphic with it - as its own prior note and check_closure.py both said it would be. DEFINITIONAL GIVEN THE OTHER TWO. MAP is an OUTPUT of the closed loop; this is the resistance that makes the nominal operating point consistent, not a regulated setpoint. Because it is derived FROM MAP, arterial pressure at the operating point is unchanged by construction when CO0 moves - what moves is the volume excursion needed to produce a given pressure change, since dMAP/dV = TPR * G_vr. PRECISION: 5 significant figures, matching the 0.012083 it replaces. The identity closes to better than 1e-4 relative, an order of magnitude inside the 1e-3 closure tolerance. TPR CARRIES THE RECIPROCAL OF BODY SIZE in Cardiovascular.jl (TPR0 / sz) so that MAP stays intensive. See src/scaling.jl. That is unchanged. || ROUNDED 2026-09-09 TO MEASUREMENT PRECISION at the owner's instruction. Nothing physiological in this model is measured to more than four significant figures, and trailing zeros on a whole number read as precision that is not there. The discarded digits were floating-point residue from the derivation, not information. Directive 1.13. || RE-DERIVED 2026-09-16 FROM THE DE-INDEXED CV.SV.NOMINAL, deindexing_prereg.md Stage 2. The derivation and its citation are unchanged; only the stroke volume it is evaluated at moved. 87/7947 = 0.0109475. TPR carries the reciprocal of the cardiac output, so a lower CO at an unchanged MAP means a higher resistance - the operating point is preserved by construction and MAP does not move."
CV.TPR.NOMINAL,Total peripheral resistance nominal,TPR0,mmHg/(L/day),0.01177,none,,cardiovascular,B,Derived from CV.MAP.SETPOINT and CV.CO.NOMINAL.,,derived,human,female,sprint3,2026-09-01,"RECOMPUTED AND SEXED 2026-09-01. TPR = MAP0 / CO0 = 87.0 / 7020.0 = 0.012393 mmHg/(L/day). Was 0.012083, a `both` row, because CO0 was a `both` row. CO0 became a male/female pair when stroke volume was sourced (Petersen 2017), so this row is dimorphic with it - as its own prior note and check_closure.py both said it would be. DEFINITIONAL GIVEN THE OTHER TWO. MAP is an OUTPUT of the closed loop; this is the resistance that makes the nominal operating point consistent, not a regulated setpoint. Because it is derived FROM MAP, arterial pressure at the operating point is unchanged by construction when CO0 moves - what moves is the volume excursion needed to produce a given pressure change, since dMAP/dV = TPR * G_vr. PRECISION: 5 significant figures, matching the 0.012083 it replaces. The identity closes to better than 1e-4 relative, an order of magnitude inside the 1e-3 closure tolerance. TPR CARRIES THE RECIPROCAL OF BODY SIZE in Cardiovascular.jl (TPR0 / sz) so that MAP stays intensive. See src/scaling.jl. That is unchanged. || ROUNDED 2026-09-09 TO MEASUREMENT PRECISION at the owner's instruction. Nothing physiological in this model is measured to more than four significant figures, and trailing zeros on a whole number read as precision that is not there. The discarded digits were floating-point residue from the derivation, not information. Directive 1.13. || RE-DERIVED 2026-09-16 FROM THE DE-INDEXED CV.SV.NOMINAL, deindexing_prereg.md Stage 2. The derivation and its citation are unchanged; only the stroke volume it is evaluated at moved. 87/7394 = 0.0117663."
CV.BLOOD_VOLUME.NOMINAL,Total blood volume nominal,BV0,L,5.62,sd,0.76,cardiovascular,A,"Oberholzer L, Montero D, Robach P, Siebenmann C, Ryrsoe CK, Bonne TC, Breenfeldt Andersen A, Bejder J, Karlsen T, Edvardsen E, Ronnestad BR, Hamarsland H, Cepeda-Lopez AC, Rittweger J, Treff G, Ahlgrim C, Almquist NW, Hallen J, Lundby C. Determinants and reference values for blood volume and total hemoglobin mass in women and men. Am J Hematol 2024;99(1):88-98. doi:10.1002/ajh.27162. PMID 38032792. Carbon monoxide rebreathing in 263 women and 319 men, age 10-93: blood volume 80.3 +/- 10.8 mL/kg body mass in men and 70.3 +/- 11.3 in women.",10.1002/ajh.27162,reported,human,male,sprint2,2026-08-27,"CHANGED 5.0 L `both` -> 5.62 male / 4.92 female ON 2026-08-27, AND IT IS NOW A REAL DIMORPHISM. The previous value was NOT SOURCED: citation read 'Standard physiological reference. VERIFY.' while extraction_method claimed `reported`. 5.0 L is the round teaching figure, like 120/80 and 37 degrees - a pedagogical convention, not a measurement. Pre-registered in validation/verify_rows_prereg.md at e0195f4 before any source was opened. pooling_rule = single-source, k = 1. THE VALUE: measured per kg of body mass, so it is entered at the reference mass. 80.3 mL/kg * 70 kg = 5.621 -> 5.62 L male; 70.3 * 70 = 4.921 -> 4.92 L female, 3 significant figures per directive 1.9. SD 10.8 and 11.3 mL/kg -> 0.76 and 0.79 L. n = 319 men and 263 women, ages 10-93, BMI 14-41, plus 107 athletes analysed separately. Because blood volume is reported PER KG, it composes correctly with src/scaling.jl, which already scales this row by body mass. THE SEX DIFFERENCE IS BODY COMPOSITION, NOT A SEPARATE MECHANISM, AND THE PAPER SAYS SO. Blood volume per kg BODY MASS is 25% lower in women, but per kg LEAN MASS it is 6% HIGHER (110.9 +/- 12.5 women against 105.3 +/- 11.2 men). Lean body mass was the strongest single predictor, R2 = 0.72. This is the same shape as the Katori 1979 finding recorded under CV.SV.NOMINAL - cardiac and stroke INDEX show no sex difference once normalised - and it says the model would dissolve this pair into a lean-mass row if it carried body composition. It does not, so the pair stands. DECLARED METHOD LIMITATION, IN THE AUTHORS' OWN WORDS: these values may only be valid for blood volume assessed by CO rebreathing. Cross-method comparison is prohibited by pooling.md and none was attempted. WHAT FOLLOWS FROM IT: CV.PLASMA.ECF_FRACTION and CV.CENTRAL.VOLUME_NOMINAL are DERIVED from this row and become sexed with it. The operating point does NOT move: f_pv is derived so that f_pv*V_ecf/(1-Hct) = BV0, and VC0 = f_c*BV0, so V_central - VC0 is unchanged at nominal, stroke volume is unchanged, and MAP is unchanged. What changes is that the blood volume is now a measurement instead of a round number. STILL RESTING ON UNSOURCED HAEMATOCRIT: f_pv is computed with CV.HEMATOCRIT.NOMINAL = 0.45, which is itself still one of the VERIFY rows and is expected to be dimorphic. When it is sourced, f_pv must be re-derived per sex."
CV.VOLUME.NATRIURETIC_GAIN,Volume-keyed natriuretic gain,G_vn,(mEq/day)/L,585,range,500-900,cardiovascular,B,"ROUTE B, ACUTE ISOTONIC EXPANSION, TWO HUMAN STUDIES. Lobo DN, Stanga Z, Simpson JA, Anderson JA, Rowlands BJ, Allison SP. Clin Sci (Lond) 2001;101(2):173-9. PMID 11473492. 10 healthy men, 2 L of 0.9% saline over 1 h, double-blind crossover: 95 mmol urinary sodium over the 6 h after infusion, and a 7.5% fall in haematocrit which gives the intravascular share of the load DIRECTLY with red cell mass fixed. || Jensen JM, Mose FH, Bech JN, Nielsen S, Pedersen EB. BMC Nephrol 2013;14:202. PMID 24067081. 23 healthy subjects, randomised crossover on a standardised diet, 0.9% saline 23 mL/kg: fractional sodium excretion rose 123%. || CROSS-CHECKED against ROUTE A, the chronic steady-state constraint built from the meta-analytic human pressure response and the pooled human ECF response already extracted in this repo. || CORROBORATING the timescale: Drummer C, Heer M, Baisch F, Blomqvist CG, Lang RE, Maass H, Gerzer R. Acta Physiol Scand Suppl 1992;604:101-11. PMID 1324562. 6 healthy men, 22 mL/kg 0.9% saline: sodium excretion rose 3-fold, under 15% of the load was excreted acutely, and excretion stayed elevated beyond 48 h - the excretion of an acute isotonic load takes days, which is what this model does.",10.1042/cs1010173,derived,human,both,claude-session7,2026-09-03,"RE-ESTIMATED 2026-09-03, 700 -> 585, AND THIS ROW'S OWN NOTE REQUIRED IT. It said: part of 700 compensates for a volume excursion 1.5-2.1x too large while CV.VENOUS_RETURN.SENSITIVITY is calibrated, so re-estimate when G_vr is sourced. G_vr was sourced in healthy humans on 2026-09-03 (2880 -> 1400, section 3.19), the caveat came due, and this is that re-estimation. NOT a new search - the same two human datasets, re-solved against corrected inputs. || THE PROCEDURE IS UNCHANGED AND THE IDENTIFICATION IS CLEAN. Two data, two parameters: the CHRONIC salt-step response fixes this gain, Lobo's 6 h ACUTE time course fixes RN.ANP.TAU. A first-order lag cannot move a steady state, so the two are separately identified - measured, not assumed: at G_anp 500/700/900 the chronic sensitivity is 2.275/1.720/1.382 regardless of tau, and 1/sensitivity is linear in the gain. || THE VALUE. Solved for a chronic salt sensitivity of 2.00 mmHg per 100 mmol/day, the CENTRE of the meta-analytic human 1.70-2.30 (Cutler 1997, He 2013, He 2002; k = 3). Verified by running rather than interpolating: 585 gives exactly 2.000. || WHAT IT NOW REPRODUCES, at G_pn = 8.4 and G_vr = 1400. Lobo 2001 (PMID 11473492): 566 mL and 95.1 mmol over the 6 h after 2 L of 0.9% saline, against a measured 563 and 95 - within 0.5 percent on both. READ THAT AS A FIT RESIDUAL AND NOT AS ACCURACY: RN.ANP.TAU WAS ESTIMATED AGAINST THIS SAME 6 H TIME COURSE, as the identification paragraph on this row says, so agreeing with it closely is what estimation is FOR rather than evidence that the model predicts anything. Corrected 2026-09-04, when HANDOVER was found claiming the four Lobo endpoints as validations in three places while section 3.21 said two paragraphs above that Lobo fixed the lag. The genuinely out-of-sample number is Jensen 2013, and it is a third low. What DOES survive here is an internal consistency check: the two Lobo endpoints imply the same lag independently, 0.171 d from the volume and 0.166 d from the sodium. Two endpoints of one protocol in the same subjects are not an independent test, and the acute limb of this model rests entirely on that one protocol class - Lobo and Jensen are both intravenous isotonic saline into healthy volunteers. Chronic salt sensitivity 2.000 against 1.70-2.30. dMAP/dV_ecf 3.000 mmHg/L against a measured human 2.97-4.16. || AND AN OUT-OF-SAMPLE CHECK THAT IS REPORTED RATHER THAN TUNED. Jensen 2013 (PMID 24067081) was NOT used in the estimation. The model predicts a peak fractional sodium excretion rise of 82.5% against the reported 123%. Inside the harness band and about a third low. That is the honest standing of this parameterisation on data it was not fitted to, and it is the sharpest remaining discrepancy in the sodium limb. || WHY THE GAIN FELL WHILE THE MODEL GOT BETTER. G_vr halving roughly doubled the model's volume excursion per unit intake, so a smaller gain now produces the same chronic natriuresis. 700 x 0.836 = 585, and the 0.836 is the correction the old note predicted would be needed. || SENSED VARIABLE, FORM AND EVIDENCE BASE ARE UNCHANGED - see the citation column and ADR 0010. The algebraic form was refuted before the lag was added and that finding stands. Uncertainty range 500-900 spans the chronic window 1.70-2.30. || TRAILING ZERO REMOVED 2026-09-09: 585.0 read as four significant figures against a range of 500-900. THE ROW IS EXEMPTED from the precision gate rather than rounded further, and the reason is that this is a SOLVED value, not a measured one - it is the gain that reproduces a chronic salt sensitivity of 2.00, so its digits are reproducible even though its CONFIDENCE is only as good as the 500-900 the target window permits. Those are different quantities and this row now says so. || THE OUT-OF-SAMPLE FIGURE ON THIS ROW IS SUPERSEDED TWICE OVER. CORRECTED 2026-09-17, HANDOVER section 3.45. This note says the model predicts a peak fractional sodium excretion rise of 82.5 percent against Jensen's reported 123, 'inside the harness band and about a third low'. FIRST, IT WAS STALE: the macula densa arm of ADR 0021 moved the endpoint on 2026-09-05 and nothing recorded it. SECOND, AND WORSE, THE COMPARISON WAS NOT LIKE FOR LIKE: it set a MODEL PEAK against Jensen's value in its FINAL SAMPLING PERIOD, and Jensen's series is monotone rising to that period - 1.26, 1.93, 2.35, 2.67, 2.80 - so the study never observed a peak at all. || MEASURED ON JENSEN'S OWN 210-240 MINUTE WINDOW the model is at 110.1 percent against a measured 122, inside a reported 2.80 +/- 0.75, and it tracks the whole observed time course. || THE FIRST CLAUSE OF THIS NOTE STANDS. Jensen was and remains held out of this row's estimation - the gain is solved for a chronic salt sensitivity of 2.00 and against nothing acute - so it is still the one place this parameterisation is tested rather than fitted. What is withdrawn is the characterisation of the result. || AND THE AGREEMENT IS NOT EVIDENCE FOR THIS ROW EITHER. This row already records that the zero-correlation upper bound on Jensen's ratio is -18 to +502 percent, so 110 against 122 is as uninformative as 79 was. THE GAIN WAS NOT RE-SOLVED IN THE CORRECTION and must not be re-solved against Jensen now that the two agree - that would convert the only out-of-sample datum into an estimation set. || WHAT IS ACTUALLY OPEN IS THE LATE TIME COURSE, AND NOTHING BOUNDS IT. The model's maximum falls at 375 minutes after infusion start; Jensen's protocol ends at 240 with its series still climbing. RN.ANP.TAU, this row's partner, was estimated against Lobo's 6 h CUMULATIVE endpoints, which fix the area under the curve and leave the peak time free. A human isotonic-saline study sampling past 6 h would test it; Drummer 1992, PMID 1324562, is the first place to look. || THE ACUTE AND CHRONIC LIMBS DISAGREE BY A FACTOR OF THREE, MEASURED 2026-09-17. HANDOVER section 3.46, validation/late_time_course_prereg.md branch L2. Drummer 1992 (PMID 1590419, abstract read in full; six healthy supine volunteers, 2 L of isotonic saline in 25 min, 48 h of collections plus a 48 h control) reports elevated body weight returning to baseline with an approximate half-life of 7 hours. The model gives 13.10 h. Scaling THIS GAIN alone by 3 reaches 7.10 h and drives the chronic salt sensitivity from 1.960 to 0.766 against the human 1.70-2.30 this row is solved against. Scaling both natriuretic gains by 3 gives 6.98 h and 0.681. || THIS ROW WAS NOT RE-SOLVED AND MUST NOT BE. Section 4 of the pre-registration forbade it and nothing moved. A gain chosen to fix the acute decay would break the chronic target this row exists to reproduce, and a gain split between the two would be a fitted compromise with no evidence behind the split. || WHAT THE MEASUREMENT IS EVIDENCE ABOUT IS THE FORM, NOT THE VALUE. A single linear volume-keyed gain cannot serve an acute decay that needs 3x what the chronic steady state permits; a saturating or multi-timescale path can. That is ADR 0010's original proposal, which it never built, and the record now carries this as its identifying experiment - replacing the acute-MAGNITUDE comparison that HANDOVER section 3.45 retired earlier the same day. The two constraints any such build must satisfy SIMULTANEOUSLY are the 7 h half-life and the 1.70-2.30 chronic window. || RENAMED 2026-09-18, CV.ANP.NATRIURETIC_GAIN -> CV.VOLUME.NATRIURETIC_GAIN, anp_label_prereg.md. NO NUMBER MOVED AND THE MODEL OUTPUT IS BIT-IDENTICAL - that was the pass's only test. FAILURE MODE #11: a name carrying a convention its value contradicts. The `name` field already read 'Volume-keyed natriuretic gain' and ADR 0010's own Decision already called it 'a lumped volume-keyed natriuretic term, algebraic in V_blood, with ANP as its named evidence base rather than as a state'. THE param_id DID NOT SAY THAT, and the param_id is what appears in code, in LedgerParams.jl and in the GUI. || AND 'ANP AS ITS NAMED EVIDENCE BASE' WAS ITSELF WRONG. This gain was estimated from WHOLE-BODY ISOTONIC EXPANSION - Lobo 2001 and Jensen 2013 - which measures the TOTAL natriuretic response to a volume load. ANP was the mechanism assumed to carry that total, not the thing measured. HANDOVER section 3.57 supplied the counter-evidence: Lohmeier's split-bladder dogs give a denervated/innervated sodium ratio near 0.56 at sustained elevated pressure, so RENAL SYMPATHETIC WITHDRAWAL carries a substantial share of exactly the response this gain was fitted to. The gain is not wrong. The attribution was. || WHAT THIS LUMP CONTAINS, NAMED AND NOT QUANTIFIED: atrial natriuretic peptide; renal sympathetic withdrawal via cardiopulmonary volume receptors; and whatever else volume expansion does to tubular sodium handling that neither of those covers. THE SHARE IS DELIBERATELY NOT SPLIT. Lohmeier's ratio implies a nerve share near 47 percent, but the authors report a latent impairment in sodium excretion from the denervated kidneys, making that an UPPER BOUND rather than an estimate; the protocol is ANG II hypertension and not a salt step; n = 5 and abstract only. The supportable statement is 'between zero and about a half, biased high', and a parameter with that interval buys nothing. Directive 1.14. || THE TRAP THIS RENAME EXISTS TO PREVENT: a future ANP infusion dose-response MUST NOT be added on top of this gain. This gain ALREADY CONTAINS ANP's contribution, along with the neural one. Sourcing an ANP-specific gain would require SPLITTING this row, not supplementing it. || OLD IDENTIFIER CV.ANP.NATRIURETIC_GAIN IS RETAINED IN THE NOTE TEXT ABOVE AND THROUGHOUT THIS LEDGER'S HISTORY, which is append-only and was not rewritten - searching the old name still finds the record."
RN.VOLUME_NATRIURESIS.TAU,Volume-keyed natriuresis time constant,tau_vn,day,0.15,range,0.10-0.25,renal,C,"Drummer C, Heer M, Baisch F, Blomqvist CG, Lang RE, Maass H, Gerzer R. Diuresis and natriuresis following isotonic saline infusion in healthy young volunteers before, during, and after HDT. Acta Physiol Scand Suppl 1992;604:101-11. PMID 1324562. 6 healthy men, 0.9% saline 22 mL/kg over 20 min: sodium excretion rose 3-fold, LESS THAN 15% of the infused sodium was excreted acutely, and urine flow and sodium excretion remained significantly elevated for MORE THAN 48 HOURS. The paper's own conclusion is that excretion of an acute isotonic load REQUIRES SEVERAL DAYS. That is the qualitative evidence that the volume-natriuresis relation is lagged rather than instantaneous.",,derived,human,both,claude-session7,2026-09-03,"RE-ESTIMATED 2026-09-03, 0.50 -> 0.15 d, with CV.ANP.NATRIURETIC_GAIN, against the corrected G_pn = 8.4 and the sourced G_vr = 1400. Identified from LOBO's two 6 h endpoints, which agree independently: matching the 563 mL urine gives 0.171 d and matching the 95 mmol sodium gives 0.166 d. Entered as 0.15, which reproduces both to within 0.5 percent - 566 mL and 95.1 mmol. || IT MOVED BY A FACTOR OF 3.3 AND THE REASON IS NOT ANP. The pressure slope fell 20 -> 8.4 over the same period, so the pressure path now contributes far less to the acute natriuresis and the volume path has to respond faster to reproduce the same 6 h excretion. THIS PARAMETER IS NOT IDENTIFIED BY ANP PHYSIOLOGY; it is identified by requiring the model to match one acute human dataset given everything else, and it will move again if anything upstream of it does. Tier C, and the tier is doing work. || THE DRUMMER CORROBORATION IS WEAKER THAN THE PREVIOUS NOTE CLAIMED, and that is corrected here rather than left standing. Drummer 1992 (PMID 1324562) says excretion of an acute isotonic load takes SEVERAL DAYS and that sodium excretion is elevated beyond 48 h. At 0.15 d this lag reaches 95 percent of its steady state in about 11 h, which is hours rather than days. The reconciliation is that Drummer describes the time course of EXCRETING THE LOAD, which in this model is set by how slowly the volume itself decays, not by this lag. Drummer still supports the EXISTENCE of a lag - the algebraic form was refuted without one - but it does not constrain its VALUE, and the previous note overstated that. || WHAT WOULD FALSIFY IT: a human isotonic-loading study reporting the full cumulative sodium excretion curve out to 72 h. Drummer measured one; the abstract does not give the series and the full text would settle this row. || THIS ROW'S FALSIFICATION CLAUSE IS DISCHARGED, AND THE ANSWER IS THAT THE ROW IS NOT THE PROBLEM. 2026-09-17, HANDOVER section 3.46, validation/late_time_course_prereg.md branch L2. The clause asked for 'a human isotonic-loading study reporting the full cumulative sodium excretion curve out to 72 h'. FOUND: Drummer C, Gerzer R, Heer M, Molz B, Bie P, Schlossberger M, Stadaeger C, Roecker L, Strollo F, Heyduck B, et al. Effects of an acute saline infusion on fluid and electrolyte metabolism in humans. Am J Physiol 1992;262(5 Pt 2):F744-54. doi:10.1152/ajprenal.1992.262.5.F744. PMID 1590419. ABSTRACT READ IN FULL; the full text was not obtained, so the interval SERIES is still not in hand and nothing depends on one. Six healthy volunteers, SUPINE, strictly controlled, nine days, 2 L of isotonic saline in 25 min, 48 h of collections AND a 48 h control experiment. || IT IS A DIFFERENT PAPER FROM THE DRUMMER 1992 IN THIS ROW'S CITATION COLUMN. That one is PMID 1324562, the same group's head-down-tilt study, and HDT is its experimental variable. This one has no tilt, which makes it cleanly admissible where the other is admissible only in its control arm. || WHAT IT MEASURES: elevated body weight returned to baseline with an APPROXIMATE HALF-LIFE OF 7 HOURS, and the largest increase in fluid and electrolyte excretion between 3 and 22 h postinfusion. THE MODEL GIVES 13.10 h for the volume excursion and 5.9 h for the peak - so it passes the timing of the peak and FAILS the decay by a factor of 1.9. || AND THE FAILURE IS NOT THIS ROW'S. Swept in bench/late_time_course.jl from 1.0 d down to 0.001 d - effectively instantaneous - the half-life bottoms out at 11.97 h. TWELVE HOURS IS A FLOOR NO VALUE OF THIS LAG CAN PASS, and the measurement is 7. That is not evidence that 0.15 d is the wrong value; it is evidence that THE LAG IS NOT WHAT SETS THIS QUANTITY, which is what this row's own note already said about Drummer's timescale. The tail is set by the natriuretic GAINS, and no single one of them reaches 7 h without taking the chronic salt sensitivity below the human 1.70-2.30. || SO THE ROW IS UNCHANGED AND STILL IDENTIFIED BY LOBO ALONE. What the search bought is not a value but a DISQUALIFICATION: the late time course cannot constrain this lag, so the dimension in which it is unidentified is narrower than it looked. What would still constrain it is the SHAPE inside the first 12 hours, which needs Drummer's interval series and therefore its full text. || THE FULL TEXT WAS PURSUED ON 2026-09-17 AND IT IS CLOSED. EVERY ROUTE TRIED, RECORDED SO NOBODY REPEATS THE SEARCH. Drummer 1992, Am J Physiol 262(5 Pt 2):F744-54, PMID 1590419, doi 10.1152/ajprenal.1992.262.5.F744. (a) Europe PMC: isOpenAccess=N, inEPMC=N, inPMC=N, hasPDF=N, single full-text link marked 'Subscription required'. (b) OpenAlex: oa_status CLOSED, best_oa_location null, FOUR locations and none open - the publisher, PubMed, the DLR electronic library and a University of Copenhagen research profile. (c) journals.physiology.org returns HTTP 403. (d) THE AUTHORS' OWN INSTITUTIONAL REPOSITORY, elib.dlr.de/27251, holds a metadata record that says in terms 'Dieses Archiv kann nicht den Volltext zur Verfuegung stellen' - this archive cannot provide the full text. || SO THE INTERVAL SERIES THIS ROW ASKED FOR IS NOT OBTAINABLE without institutional access, and the row stays where HANDOVER section 3.46 left it: identified by Lobo's two 6 h cumulative endpoints, with the late time course constraining the GAINS and not this lag. The falsification clause is NOT discharged - it is BLOCKED, which is a different thing and is recorded as such. Same standing as RESP.CO2.ARTERIAL_RESTING's Crapo 1999. || AND THE COMPANION PAPER IS CLOSED TOO: PMID 1324562, the head-down-tilt study, isOpenAccess=N. So is Luft FC et al, Am J Kidney Dis 1983;2(4):464-70, PMID 6823962, oa_status CLOSED - which would otherwise have been the sharpest instrument available, because it infused 2 L of saline over 2 h into normal men at FOUR prior sodium intakes (10, 300, 600 and 800 mEq/day) and reports that the natriuresis DEPENDS ON PRIOR INTAKE, with fractional sodium excretion of 6-7 percent maximal at 600 mEq/day. That is the acute response measured at four chronic operating points and it would bear directly on the conflict in section 3.47. ABSTRACT ONLY. || THE FULL TEXT ARRIVED 2026-09-17 AND IT CHANGES WHAT THIS ROW'S FAILURE MEANS. HANDOVER section 3.49, bench/drummer_fulltext.jl. The owner supplied Drummer 1992 (PMID 1590419) from institutional access after the search recorded above came back closed. THE ABSTRACT CARRIED ONE HALF-LIFE AND THE PAPER CARRIES TWO: 'a half-life of ~7 h for returning to baseline body weights was found. The respective half-life for reachieving SODIUM BALANCE WAS 10 h.' || MEASURED: the model's VOLUME excursion half-life is 13.33 h against 7.0, which is 1.90x too slow, but its SODIUM excursion half-life is 12.52 h against 10.0, only 1.25x. The interval series agrees far better than the half-lives suggest - over the bulk 3-22 h window the model excretes 1429 mL against 1322 and 220.6 mmol against 261.0. THE SODIUM LIMB IS ROUGHLY RIGHT AND THE WATER LIMB IS NOT. || SO SECTION 3.46's THREE-FOLD GAIN REQUIREMENT WAS A WATER PROBLEM PUSHED THROUGH A SODIUM LEVER, and section 3.47's conclusion that Drummer and Jensen disagree by twofold IS WITHDRAWN. Jensen measures FRACTIONAL SODIUM EXCRETION and the model is 1.25x off on sodium; the two agree. || THIS ROW IS STILL NOT THE PROBLEM AND THAT PART STANDS. The lag floors at 11.97 h when made instantaneous. What the full text adds is that the quantity to fix is not the natriuretic gain either: Drummer's weight returns FASTER than his sodium, a half-life ratio of 0.70 against the model's 1.065, and in this model extracellular volume is tied to extracellular sodium so water cannot leave ahead of salt. That is ADR 0004's compartment, which is PROVISIONAL and switched off. || PROTOCOL CORRECTIONS: the dose is 30 mL/kg and not the '2 litres' the abstract rounds to, 2.1 L at 70 kg; the subjects were SUPINE throughout and ate and drank nothing from 06:30 to noon, so the first three post-infusion hours are a fasting measurement. || RENAMED 2026-09-18, RN.ANP.TAU -> RN.VOLUME_NATRIURESIS.TAU, anp_label_prereg.md. NO NUMBER MOVED AND THE MODEL OUTPUT IS BIT-IDENTICAL - that was the pass's only test. FAILURE MODE #11: a name carrying a convention its value contradicts. The `name` field already read 'Volume-keyed natriuretic gain' and ADR 0010's own Decision already called it 'a lumped volume-keyed natriuretic term, algebraic in V_blood, with ANP as its named evidence base rather than as a state'. THE param_id DID NOT SAY THAT, and the param_id is what appears in code, in LedgerParams.jl and in the GUI. || AND 'ANP AS ITS NAMED EVIDENCE BASE' WAS ITSELF WRONG. This gain was estimated from WHOLE-BODY ISOTONIC EXPANSION - Lobo 2001 and Jensen 2013 - which measures the TOTAL natriuretic response to a volume load. ANP was the mechanism assumed to carry that total, not the thing measured. HANDOVER section 3.57 supplied the counter-evidence: Lohmeier's split-bladder dogs give a denervated/innervated sodium ratio near 0.56 at sustained elevated pressure, so RENAL SYMPATHETIC WITHDRAWAL carries a substantial share of exactly the response this gain was fitted to. The gain is not wrong. The attribution was. || WHAT THIS LUMP CONTAINS, NAMED AND NOT QUANTIFIED: atrial natriuretic peptide; renal sympathetic withdrawal via cardiopulmonary volume receptors; and whatever else volume expansion does to tubular sodium handling that neither of those covers. THE SHARE IS DELIBERATELY NOT SPLIT. Lohmeier's ratio implies a nerve share near 47 percent, but the authors report a latent impairment in sodium excretion from the denervated kidneys, making that an UPPER BOUND rather than an estimate; the protocol is ANG II hypertension and not a salt step; n = 5 and abstract only. The supportable statement is 'between zero and about a half, biased high', and a parameter with that interval buys nothing. Directive 1.14. || THE TRAP THIS RENAME EXISTS TO PREVENT: a future ANP infusion dose-response MUST NOT be added on top of this gain. This gain ALREADY CONTAINS ANP's contribution, along with the neural one. Sourcing an ANP-specific gain would require SPLITTING this row, not supplementing it. || OLD IDENTIFIER RN.ANP.TAU IS RETAINED IN THE NOTE TEXT ABOVE AND THROUGHOUT THIS LEDGER'S HISTORY, which is append-only and was not rewritten - searching the old name still finds the record."
CV.BLOOD_VOLUME.NOMINAL,Total blood volume nominal,BV0,L,4.92,sd,0.79,cardiovascular,A,"Oberholzer L, Montero D, Robach P, Siebenmann C, Ryrsoe CK, Bonne TC, Breenfeldt Andersen A, Bejder J, Karlsen T, Edvardsen E, Ronnestad BR, Hamarsland H, Cepeda-Lopez AC, Rittweger J, Treff G, Ahlgrim C, Almquist NW, Hallen J, Lundby C. Determinants and reference values for blood volume and total hemoglobin mass in women and men. Am J Hematol 2024;99(1):88-98. doi:10.1002/ajh.27162. PMID 38032792. Carbon monoxide rebreathing in 263 women and 319 men, age 10-93: blood volume 80.3 +/- 10.8 mL/kg body mass in men and 70.3 +/- 11.3 in women.",10.1002/ajh.27162,reported,human,female,sprint2,2026-08-27,"CHANGED 5.0 L `both` -> 5.62 male / 4.92 female ON 2026-08-27, AND IT IS NOW A REAL DIMORPHISM. The previous value was NOT SOURCED: citation read 'Standard physiological reference. VERIFY.' while extraction_method claimed `reported`. 5.0 L is the round teaching figure, like 120/80 and 37 degrees - a pedagogical convention, not a measurement. Pre-registered in validation/verify_rows_prereg.md at e0195f4 before any source was opened. pooling_rule = single-source, k = 1. THE VALUE: measured per kg of body mass, so it is entered at the reference mass. 80.3 mL/kg * 70 kg = 5.621 -> 5.62 L male; 70.3 * 70 = 4.921 -> 4.92 L female, 3 significant figures per directive 1.9. SD 10.8 and 11.3 mL/kg -> 0.76 and 0.79 L. n = 319 men and 263 women, ages 10-93, BMI 14-41, plus 107 athletes analysed separately. Because blood volume is reported PER KG, it composes correctly with src/scaling.jl, which already scales this row by body mass. THE SEX DIFFERENCE IS BODY COMPOSITION, NOT A SEPARATE MECHANISM, AND THE PAPER SAYS SO. Blood volume per kg BODY MASS is 25% lower in women, but per kg LEAN MASS it is 6% HIGHER (110.9 +/- 12.5 women against 105.3 +/- 11.2 men). Lean body mass was the strongest single predictor, R2 = 0.72. This is the same shape as the Katori 1979 finding recorded under CV.SV.NOMINAL - cardiac and stroke INDEX show no sex difference once normalised - and it says the model would dissolve this pair into a lean-mass row if it carried body composition. It does not, so the pair stands. DECLARED METHOD LIMITATION, IN THE AUTHORS' OWN WORDS: these values may only be valid for blood volume assessed by CO rebreathing. Cross-method comparison is prohibited by pooling.md and none was attempted. WHAT FOLLOWS FROM IT: CV.PLASMA.ECF_FRACTION and CV.CENTRAL.VOLUME_NOMINAL are DERIVED from this row and become sexed with it. The operating point does NOT move: f_pv is derived so that f_pv*V_ecf/(1-Hct) = BV0, and VC0 = f_c*BV0, so V_central - VC0 is unchanged at nominal, stroke volume is unchanged, and MAP is unchanged. What changes is that the blood volume is now a measurement instead of a round number. STILL RESTING ON UNSOURCED HAEMATOCRIT: f_pv is computed with CV.HEMATOCRIT.NOMINAL = 0.45, which is itself still one of the VERIFY rows and is expected to be dimorphic. When it is sourced, f_pv must be re-derived per sex."
CV.HEMATOCRIT.NOMINAL,Hematocrit,Hct,unitless,0.453,none,,cardiovascular,A,"Morales-Mendoza E, Suarez-Ramos MDP, Godoy-Corredor M, Gomez-Lopera N, Combariza-Vallejo JF, Murcia J, Isaza-Ruget MA. Reference intervals for hemoglobin and hematocrit adjusted for altitude, sex, and age: a big data-based study in the Colombian population. Med Sci (Basel) 2026;14(1):136. doi:10.3390/medsci14010136. PMID 41892851. 662,024 hematocrit results from apparently healthy adults, 2022-2024, stratified by sex, age and residential altitude; LOW-ALTITUDE stratum (<1100 m a.s.l.) taken.",10.3390/medsci14010136,reported,human,male,sprint2,2026-09-02,"CHANGED 0.45 `both` -> 0.453 male / 0.395 female ON 2026-08-28. The previous value was NOT SOURCED: citation read 'Standard physiological reference. VERIFY.' while extraction_method claimed `reported`. Pre-registered in validation/verify_rows_prereg.md at e0195f4. pooling_rule = single-source, k = 1. THE INCUMBENT 0.45 WAS ESSENTIALLY THE MALE VALUE APPLIED TO EVERYONE. That is the specific shape of the error here, and it is why the prereg fixed in advance that this row was expected to be dimorphic: androgen-driven erythropoiesis is not a body-size effect and does not dissolve into body_mass. THE VALUE: median hematocrit in the LOW-ALTITUDE stratum, men 18-64 45.3% and women 18-50 39.5%. The low-altitude stratum is taken deliberately - hematocrit rises with residential altitude, and this model carries no altitude. In the same cohort the men's median climbs 45.3 -> 48.9% from <1100 m to 2000-3000 m, so choosing the stratum matters more than the choice between plausible sources. Medians rather than means because the paper reports medians. INDEPENDENT CORROBORATION, DELIBERATELY NOT POOLED: Fulgoni VL 3rd, Agarwal S, Kellogg MD, Lieberman HR. Establishing pediatric and adult RBC reference intervals with NHANES data using piecewise regression. Am J Clin Pathol 2019;151(2):128-142. PMID 30285066. NHANES 1999-2012, n = 44,328, nationally representative US healthy population. It reports REFERENCE INTERVALS, not central values: male 20-35 y 40.2-51.0%, female 20-45 y 32.5-45.2%. Both adopted medians sit comfortably inside those intervals. It is NOT pooled with the Colombian medians - an interval and a median are not the same statistic, the populations differ, and pooling.md prohibits range-midpoint for new entries, which is the only way an interval could have been turned into a point estimate here. FULGONI INDEPENDENTLY MAKES THE TEXTBOOK POINT: it reports that suggested hematocrit and haemoglobin reference values for older adult males are SUBSTANTIALLY LOWER than current standards - a male lower limit of 35.0% at 71-79 years against a non-age-based conventional 38.8%. THE MODEL IS CURRENTLY INSENSITIVE TO THIS ROW, AND THAT IS A STRUCTURAL FACT WORTH KNOWING RATHER THAN A REASON NOT TO SOURCE IT. Haematocrit enters only through V_blood = f_pv*V_ecf/(1-Hct), and CV.PLASMA.ECF_FRACTION is DERIVED as BV0*(1-Hct)/V_ecf, so f_pv/(1-Hct) = BV0/V_ecf identically and the haematocrit cancels. Verified empirically: entering this pair left every simulated result bit-identical. It will bite the moment f_pv is sourced independently - plasma volume as a fraction of extracellular volume is directly measurable - or when anything depending on viscosity or oxygen carriage exists. Until then this row is honest provenance for a quantity the model reports but does not yet use. || THIS ROW BECAME IDENTIFIABLE ON 2026-09-02, AND HANDOVER SECTION 3.5 SAID IT WOULD NOT. That section recorded haematocrit as non-identifiable: CV.PLASMA.ECF_FRACTION is DERIVED as BV0*(1-Hct)/V_ecf, so f_pv/(1-Hct) = BV0/V_ecf and this row cancelled out of every result - verified empirically at the time, a 15% sex difference leaving every output identical to seven figures. THAT CANCELLATION IS IN THE LEVEL ONLY. Cardiovascular.jl computed V_blood as V_plasma/(1-Hct) with Hct constant, which makes red cell volume expand with plasma; over a 30 day salt step red cell mass is fixed, so that was wrong. The equation is now V_blood ~ V_plasma + Hct*BV0, and the DERIVATIVE dV_blood/dV_ecf is f_pv = BV0*(1-Hct)/V_ecf0, which depends on this row. The sourced 0.453/0.395 pair now moves a result: the male/female ECF excursion ratio goes 1.069 -> 1.182, and the part that is new is entirely haematocrit because it is the only term that stopped cancelling. ADR 0014's falsifiable test is satisfied a second time. THE GENERAL LESSON, RECORDED BECAUSE IT COST TWO WRONG CONCLUSIONS: a parameter can be non-identifiable in a model's steady-state LEVELS and identifiable in its RESPONSES, so testing whether a pair moves the answer at one operating point is not a test of identifiability at all."
CV.HEMATOCRIT.NOMINAL,Hematocrit,Hct,unitless,0.395,none,,cardiovascular,A,"Morales-Mendoza E, Suarez-Ramos MDP, Godoy-Corredor M, Gomez-Lopera N, Combariza-Vallejo JF, Murcia J, Isaza-Ruget MA. Reference intervals for hemoglobin and hematocrit adjusted for altitude, sex, and age: a big data-based study in the Colombian population. Med Sci (Basel) 2026;14(1):136. doi:10.3390/medsci14010136. PMID 41892851. 662,024 hematocrit results from apparently healthy adults, 2022-2024, stratified by sex, age and residential altitude; LOW-ALTITUDE stratum (<1100 m a.s.l.) taken.",10.3390/medsci14010136,reported,human,female,sprint2,2026-09-02,"CHANGED 0.45 `both` -> 0.453 male / 0.395 female ON 2026-08-28. The previous value was NOT SOURCED: citation read 'Standard physiological reference. VERIFY.' while extraction_method claimed `reported`. Pre-registered in validation/verify_rows_prereg.md at e0195f4. pooling_rule = single-source, k = 1. THE INCUMBENT 0.45 WAS ESSENTIALLY THE MALE VALUE APPLIED TO EVERYONE. That is the specific shape of the error here, and it is why the prereg fixed in advance that this row was expected to be dimorphic: androgen-driven erythropoiesis is not a body-size effect and does not dissolve into body_mass. THE VALUE: median hematocrit in the LOW-ALTITUDE stratum, men 18-64 45.3% and women 18-50 39.5%. The low-altitude stratum is taken deliberately - hematocrit rises with residential altitude, and this model carries no altitude. In the same cohort the men's median climbs 45.3 -> 48.9% from <1100 m to 2000-3000 m, so choosing the stratum matters more than the choice between plausible sources. Medians rather than means because the paper reports medians. INDEPENDENT CORROBORATION, DELIBERATELY NOT POOLED: Fulgoni VL 3rd, Agarwal S, Kellogg MD, Lieberman HR. Establishing pediatric and adult RBC reference intervals with NHANES data using piecewise regression. Am J Clin Pathol 2019;151(2):128-142. PMID 30285066. NHANES 1999-2012, n = 44,328, nationally representative US healthy population. It reports REFERENCE INTERVALS, not central values: male 20-35 y 40.2-51.0%, female 20-45 y 32.5-45.2%. Both adopted medians sit comfortably inside those intervals. It is NOT pooled with the Colombian medians - an interval and a median are not the same statistic, the populations differ, and pooling.md prohibits range-midpoint for new entries, which is the only way an interval could have been turned into a point estimate here. FULGONI INDEPENDENTLY MAKES THE TEXTBOOK POINT: it reports that suggested hematocrit and haemoglobin reference values for older adult males are SUBSTANTIALLY LOWER than current standards - a male lower limit of 35.0% at 71-79 years against a non-age-based conventional 38.8%. THE MODEL IS CURRENTLY INSENSITIVE TO THIS ROW, AND THAT IS A STRUCTURAL FACT WORTH KNOWING RATHER THAN A REASON NOT TO SOURCE IT. Haematocrit enters only through V_blood = f_pv*V_ecf/(1-Hct), and CV.PLASMA.ECF_FRACTION is DERIVED as BV0*(1-Hct)/V_ecf, so f_pv/(1-Hct) = BV0/V_ecf identically and the haematocrit cancels. Verified empirically: entering this pair left every simulated result bit-identical. It will bite the moment f_pv is sourced independently - plasma volume as a fraction of extracellular volume is directly measurable - or when anything depending on viscosity or oxygen carriage exists. Until then this row is honest provenance for a quantity the model reports but does not yet use. || THIS ROW BECAME IDENTIFIABLE ON 2026-09-02, AND HANDOVER SECTION 3.5 SAID IT WOULD NOT. That section recorded haematocrit as non-identifiable: CV.PLASMA.ECF_FRACTION is DERIVED as BV0*(1-Hct)/V_ecf, so f_pv/(1-Hct) = BV0/V_ecf and this row cancelled out of every result - verified empirically at the time, a 15% sex difference leaving every output identical to seven figures. THAT CANCELLATION IS IN THE LEVEL ONLY. Cardiovascular.jl computed V_blood as V_plasma/(1-Hct) with Hct constant, which makes red cell volume expand with plasma; over a 30 day salt step red cell mass is fixed, so that was wrong. The equation is now V_blood ~ V_plasma + Hct*BV0, and the DERIVATIVE dV_blood/dV_ecf is f_pv = BV0*(1-Hct)/V_ecf0, which depends on this row. The sourced 0.453/0.395 pair now moves a result: the male/female ECF excursion ratio goes 1.069 -> 1.182, and the part that is new is entirely haematocrit because it is the only term that stopped cancelling. ADR 0014's falsifiable test is satisfied a second time. THE GENERAL LESSON, RECORDED BECAUSE IT COST TWO WRONG CONCLUSIONS: a parameter can be non-identifiable in a model's steady-state LEVELS and identifiable in its RESPONSES, so testing whether a pair moves the answer at one operating point is not a test of identifiability at all."
CV.PLASMA.ECF_FRACTION,Plasma volume as fraction of extracellular fluid,f_pv,unitless,0.2111,none,,cardiovascular,B,Derived to close the loop at nominal.,,derived,human,male,sprint2,2026-09-02,"RE-DERIVED 2026-08-28 when CV.HEMATOCRIT.NOMINAL became a sourced male/female pair. f_pv = BV0*(1-Hct)/V_ecf, so it moves with either parent. NOTE the identity that makes haematocrit currently non-identifiable in this model: f_pv/(1-Hct) = BV0/V_ecf, so the Hct in the numerator cancels the one in the denominator of the blood-volume equation. BECAME SEX-SPECIFIC 2026-08-27 because CV.BLOOD_VOLUME.NOMINAL did. This row is DERIVED and is not independent of it. Enforced by tools/check_closure.py, which runs per sex. PRECISION: rounded to 4 significant figures on 2026-08-27. The sources do not support more, and carrying digits that do not exist forced the closure gate and the test suite to chase arithmetic noise. Derived rows inherit the significant figures of their inputs and are rounded to match; the closure tolerance was moved to 1e-3 in the same change, which is still an order of magnitude tighter than the 6% error that motivated that gate. || DERIVED and NOT rounded: f_pv = BV0 x (1-Hct) / V_ecf = 5.0 x 0.55 / 14.56 = 0.188874. Rounding to 0.20 put blood volume 0.295 L above nominal, which through the venous return gain produced MAP = 104 rather than 93 mmHg. The conventional textbook figure is 0.25; the discrepancy comes from using the measured ECF fraction (20.8% of body mass) rather than the textbook 20%. This is a CLOSURE constraint - if Hct BF.ECF.MASS_FRACTION or CV.BLOOD_VOLUME.NOMINAL change this must be recomputed. Enforced by tools/check_closure.py. || THE DERIVATION IS UNCHANGED AND ITS MEANING IS NOT, 2026-09-02. This row is still DERIVED as BV0*(1-Hct)/V_ecf and its value has not moved. What changed is that it is now the WHOLE of dV_blood/dV_ecf rather than one factor in f_pv/(1-Hct). Cardiovascular.jl stopped letting red cell volume expand with plasma - V_blood is V_plasma + Hct*BV0, not V_plasma/(1-Hct) - so the blood volume response to an ECF change is exactly this fraction. It fell 0.386 -> 0.211 as a sensitivity, which is a factor of 1/(1-Hct) = 1.83, and it closed 1.83x of the 2.7-5.2x discrepancy ADR 0013's falsifiable test measured against seven human primaries. SOURCING THIS ROW INDEPENDENTLY IS NOW WORTH MORE THAN IT WAS: plasma volume as a fraction of extracellular volume is measurable, and it is no longer only the level that depends on it. || ROUNDED 2026-09-09 TO MEASUREMENT PRECISION at the owner's instruction. Nothing physiological in this model is measured to more than four significant figures, and trailing zeros on a whole number read as precision that is not there. The discarded digits were floating-point residue from the derivation, not information. Directive 1.13."
CV.PLASMA.ECF_FRACTION,Plasma volume as fraction of extracellular fluid,f_pv,unitless,0.2044,none,,cardiovascular,B,Derived to close the loop at nominal.,,derived,human,female,sprint2,2026-09-02,"RE-DERIVED 2026-08-28 when CV.HEMATOCRIT.NOMINAL became a sourced male/female pair. f_pv = BV0*(1-Hct)/V_ecf, so it moves with either parent. NOTE the identity that makes haematocrit currently non-identifiable in this model: f_pv/(1-Hct) = BV0/V_ecf, so the Hct in the numerator cancels the one in the denominator of the blood-volume equation. BECAME SEX-SPECIFIC 2026-08-27 because CV.BLOOD_VOLUME.NOMINAL did. This row is DERIVED and is not independent of it. Enforced by tools/check_closure.py, which runs per sex. PRECISION: rounded to 4 significant figures on 2026-08-27. The sources do not support more, and carrying digits that do not exist forced the closure gate and the test suite to chase arithmetic noise. Derived rows inherit the significant figures of their inputs and are rounded to match; the closure tolerance was moved to 1e-3 in the same change, which is still an order of magnitude tighter than the 6% error that motivated that gate. || DERIVED and NOT rounded: f_pv = BV0 x (1-Hct) / V_ecf = 5.0 x 0.55 / 14.56 = 0.188874. Rounding to 0.20 put blood volume 0.295 L above nominal, which through the venous return gain produced MAP = 104 rather than 93 mmHg. The conventional textbook figure is 0.25; the discrepancy comes from using the measured ECF fraction (20.8% of body mass) rather than the textbook 20%. This is a CLOSURE constraint - if Hct BF.ECF.MASS_FRACTION or CV.BLOOD_VOLUME.NOMINAL change this must be recomputed. Enforced by tools/check_closure.py. || THE DERIVATION IS UNCHANGED AND ITS MEANING IS NOT, 2026-09-02. This row is still DERIVED as BV0*(1-Hct)/V_ecf and its value has not moved. What changed is that it is now the WHOLE of dV_blood/dV_ecf rather than one factor in f_pv/(1-Hct). Cardiovascular.jl stopped letting red cell volume expand with plasma - V_blood is V_plasma + Hct*BV0, not V_plasma/(1-Hct) - so the blood volume response to an ECF change is exactly this fraction. It fell 0.386 -> 0.211 as a sensitivity, which is a factor of 1/(1-Hct) = 1.83, and it closed 1.83x of the 2.7-5.2x discrepancy ADR 0013's falsifiable test measured against seven human primaries. SOURCING THIS ROW INDEPENDENTLY IS NOW WORTH MORE THAN IT WAS: plasma volume as a fraction of extracellular volume is measurable, and it is no longer only the level that depends on it. || ROUNDED 2026-09-09 TO MEASUREMENT PRECISION at the owner's instruction. Nothing physiological in this model is measured to more than four significant figures, and trailing zeros on a whole number read as precision that is not there. The discarded digits were floating-point residue from the derivation, not information. Directive 1.13."
CV.VENOUS_RETURN.SENSITIVITY,Cardiac output sensitivity to blood volume,G_vr,(L/day)/L,1400,range,1012-1941,cardiovascular,B,"Diaz-Canestro C, Pentz B, Sehgal A, Montero D. Blood withdrawal acutely impairs cardiac filling, output and aerobic capacity in proportion to induced hypovolemia in middle-aged and older women. Appl Physiol Nutr Metab 2022;47(1):75-82. doi:10.1139/apnm-2021-0196. PMID 34875180. n = 30 healthy women. Supporting: Fortney 1983 PMID 6629925 (both limbs, n=5 healthy men); Bundgaard-Nielsen 2010 PMID 20545713 (n=20 healthy supine); Nguyen 1988 PMID 2901018 (n=8 healthy men); Kanstrup 1982 PMID 7096143.",10.1139/apnm-2021-0196,derived,human,both,claude-session7,2026-09-03,"SOURCED IN HEALTHY HUMANS 2026-09-03, 2880 -> 1400, `calibrated` -> `derived`. Pre-registered in validation/venous_return_human_prereg.md; reproduce with python validation/venous_return_human_extract.py. HANDOVER section 4 item 2 and section 7. || THE EARLIER SEARCH MISSED IT BY LOOKING FOR THE WRONG OBJECT. This row is dCO/dV_blood, NOT a compliance in mL/mmHg. Section 3.9 records a whole line of work withdrawn for composing a compliance and a resistance into it while treating right atrial pressure as fixed. Blood volume can be changed by a KNOWN amount in healthy people - withdrawal, or plasma expansion - and cardiac output measured, so the composite is directly measurable in a performable paradigm. || THE VALUE, from the resting withdrawal limb. Diaz-Canestro C, Pentz B, Sehgal A, Montero D. Appl Physiol Nutr Metab 2022;47(1):75-82, PMID 34875180: 30 healthy women aged 47-77, non-smokers, non-obese, blood volume 3.8-6.6 L; a standard 10% reduction of blood volume (0.5 +/- 0.1 L withdrawn, haematocrit unchanged) reduced left ventricular end-diastolic volume and stroke volume by at least 10% AT REST, P <= 0.009. On a female cardiac output of 4.88 L/min that is 0.98 (L/min)/L = 1404 (L/day)/L, entered as 1400. The paper's title is 'in proportion to induced hypovolemia' - the relationship IS the subject, directive 1.7. || IT IS AN UPPER BOUND AND IS ENTERED AS ONE. A study reporting STROKE volume bounds dCO/dV from above, because heart rate can compensate; the pre-registration said so before the search. Three expansion studies all indicate the true resting value is at or below it and none resolves how far: Bundgaard-Nielsen 2010 (PMID 20545713, n=20 healthy supine) gave 200 mL of colloid and NO subject raised stroke volume by 10%, with cardiac output and heart rate both unchanged; Nguyen 1988 (PMID 2901018, n=8 healthy men) expanded intravascular volume 10-11% with hypertonic saline for small NON-SIGNIFICANT changes in stroke volume and cardiac index; Kanstrup 1982 (PMID 7096143) found cardiac output rose after 700 mL but reports no resting magnitude. || ASYMMETRY, MEASURED, AND IT NEARLY FAILED THE PRE-REGISTERED TEST. Fortney SM, Wenger CB, Bove JR, Nadel ER. J Appl Physiol 1983;55(3):884-90, PMID 6629925 is the only study giving BOTH limbs in the SAME 5 healthy men under the same protocol: -490 mL gave -2.2 L/min and +440 mL gave +1.0 L/min, i.e. 4.49 against 2.27 (L/min)/L, a ratio of 1.98 against a failure threshold of 2 fixed before the numbers. It passes by 1 percent. A LINEAR SYMMETRIC GAIN IS AT THE EDGE OF WHAT THIS EVIDENCE SUPPORTS, and the direction is the expected one - the heart sits nearer the flat part of its filling curve above normovolemia than below. Those figures are at 65-70 percent of VO2max and are recorded as evidence about the FORM; the pre-registration fixed that resting values govern, because the salt step is a resting protocol. || TWO INDEPENDENT LINES AGREE AND THAT IS THE RESULT. Chronic sodium balance implies 1012-1941 (HANDOVER 3.7, 3.8) from human pressure and volume responses. Acute volume manipulation in healthy people gives 1400. The two share no data, no subjects, no measurement and no timescale. THE MODEL WAS 2.06x TOO STIFF, which is inside the 1.5-2.1x that section 3.7 estimated from the salt data alone. || NOT CIRCULAR, AND CHECKABLE. The pre-registration forbade choosing a value to land the salt step in the human window, because the salt data are the TEST and may not also be the estimator. 1400 does NOT land it in the window; a value chosen to pass would have been nearer 1700. || STILL UNSOURCED IN HEALTHY HUMANS: systemic venous compliance in mL/mmHg, mean systemic filling pressure, and resistance to venous return. The one human compliance value found is Takatsu 1989 (PMID 2545936), 2.3 +/- 0.7 mL/mmHg/kg - close to the anaesthetised dog and pig values already held - but its cohort is 56 CARDIAC PATIENTS graded by NYHA class and even class I is cardiac patients. The pre-registration excluded NYHA class I in advance. Those three quantities are no longer NEEDED, because the composite was sourced directly. || PREVIOUS NOTE PRESERVED: CALIBRATED, not measured. Originating model: Guyton 1972. The Frank-Starling and venous return relationships are E1; this linearised sensitivity around the operating point is a fitted constant. Second most consequential unmeasured number after the pressure natriuresis slope - together these two set the loop gain. || THE TEST THAT SHOULD SET THIS ROW HAS NOW BEEN RUN, AND IT GIVES A NUMBER: 2880 SHOULD BE ABOUT 554. 2026-09-02, from ADR 0013's falsifiable test - validation/ecf_salt_response_extract.py. This row sets dMAP/dV_ecf, which is 11.285 mmHg/L at the 70 kg reference and scales as 1/mass. van den Bosch 2021 (n = 70 healthy men, ECFV by iothalamate and blood pressure in the SAME subjects, intake verified by 24 h urinary sodium) gives 1.885 mmHg/L at 80.6 kg, which is 2.170 at the 70 kg reference and corresponds to G_vr = 554. THE MODEL IS 5.2x TOO STIFF ON PRESSURE PER UNIT VOLUME. This is measurable independently of G_pn: an 8x change in this row moves the salt-step PRESSURE response by 0.12% while moving the VOLUME response exactly inversely, so the two parameters are orthogonal and each is identified by its own human datum. DO NOT SIMPLY REFIT IT TO 554. This row is `calibrated` and HANDOVER section 4 item 1 is to REPLACE it with sourced venous compliance - Pmsf, right atrial pressure, stressed versus unstressed volume. 554 is the target that work now has to explain, not a value to enter; entering it would swap one fitted constant for another and lose the falsifiable test in the process. DECLARED CONFLICT: Heer 2000 and Heer 2009 report no body-mass or total-body-water rise on high sodium, which would reverse the sign of this discrepancy. See ADR 0013. || EVIDENCE BASE WIDENED THE SAME DAY, AND THE TARGET IS A RANGE, NOT 554. Two further sweeps (24 queries, 162 records) because the verdict rested on one cohort. The body-weight limb now has FOUR independent groups - van den Bosch 2021 (n=70, 0.729 kg/100 mmol), Rorije 2018 (Anesthesiology 2018;128(2):352-360, PMID 29206647, n=12, +2.5 kg 95% CI 1.7-3.2 with blood pressure UNCHANGED), Foo 1998 (Clin Sci 1998;95(2):157-164, PMID 9680497, n=18, +0.45 +/- 0.69 kg) and Heer 2000 (n=32, no increase, entered as zero and that is an interpretation of a null). n-weighted pooled 0.572 kg/100 mmol over n=132, or 0.755 excluding Heer. THE TRACER LIMB GIVES 0.553 L, so two independent methods agree to 4% and the pre-registered 1 kg = 1 L conversion is corroborated rather than assumed - prereg section 8 said it would be falsified if they diverged. Pairing the META-ANALYTIC pressure (1.70-2.30 mmHg/100 mmol) with the pooled volume gives 2.97-4.16 mmHg/L, so the model is 2.7-3.8x too stiff and G_vr's target is 758-1062; the within-subject van den Bosch pair gives 5.2x and 554 as the harshest reading. USE THE POOLED RANGE: the mechanistic volume studies are underpowered for the 2 mmHg the meta-analyses detect - Kirkendall 1976 (PMID 1249473, n=8, FOUR WEEKS per level, the closest protocol to this model's 30 days), Rorije 2018 and Taurio 2023 (PMID 36708156, n=510, the largest dataset found) all report NO blood pressure change at all, and taking that at face value would drive this row to zero. PART OF THE DISCREPANCY IS NOT THIS ROW: Cardiovascular.jl computes V_blood as V_plasma/(1-Hct) with Hct constant, so red cell volume expands with plasma over a 30 day salt step when red cell mass is fixed. dV_blood/dV_ecf should be f_pv = 0.211, not f_pv/(1-Hct) = 0.386 - a factor of 1.83 that would take the model ratio to 6.17 and leave this row needing only 1.5-2.8x, i.e. about 1000-1950. DIAGNOSED, NOT YET RUN. || TARGET REVISED 2026-09-02 AFTER THE RED CELL CORRECTION: 1012-1941, NOT 758-1062. Cardiovascular.jl stopped letting red cell volume expand with plasma, which moved dMAP/dV_ecf from 11.285 to 6.173 and closed 1.83x of the discrepancy on its own. The residual attributable to THIS row is therefore 1.5-2.1x rather than 2.7-5.2x. Required ratio 2.97-4.16 mmHg/L at the 70 kg reference gives 2880 * ratio / 6.173 = 1385-1941, or 1012 on the harshest within-subject reading. AND THE ENDPOINT IS NOW MEASURED: with G_pn = 51 (ADR 0013) AND this row near 1400 the model returns dMAP = 1.944 mmHg and dV_ecf = 0.648 L per 100 mmol/day at a ratio of 3.001, against human 1.70-2.30, 0.553-0.572 and 2.97-4.16 - inside all three at once. NEITHER CORRECTION ALONE LANDS: ADR 0013 alone gives the right pressure with dV 0.315 (1.8x too small), and this row alone gives the right ratio with dMAP 4.958 (2.5x too large). DO NOT ENTER 1400. It is illustrative. This row must be REPLACED by sourced venous compliance, and that table is the target the sourced relation has to EXPLAIN. || ROUNDED 2026-09-09 TO MEASUREMENT PRECISION at the owner's instruction. Nothing physiological in this model is measured to more than four significant figures, and trailing zeros on a whole number read as precision that is not there. The discarded digits were floating-point residue from the derivation, not information. Directive 1.13. || THE HUMAN BAND THIS ROW IS COMPARED AGAINST MOVED 2026-09-16. ecf_salt_response_extract.py de-indexed van den Bosch's extracellular volume with ONE body surface area where the paper prints one per arm, understating the human expansion by 9 percent. The tracer limb goes 0.553 -> 0.602 L per 100 mmol/day and the human dMAP/dV_ecf band 2.97-4.16 -> 2.82-4.02 mmHg/L. THIS ROW'S VALUE IS UNCHANGED and was not refitted to the new band - that would be fitting a parameter to a target the same pass moved. ADR 0013 addendum, validation/ecf_deindex_prereg.md."
BF.OSM.NONSODIUM,Non-sodium contribution to plasma osmolality,Osm_other,mOsm/kg,7,none,,body-fluids,B,Derived from the standard osmolality estimate.,,derived,human,both,sprint3,2026-08-10,"DERIVED as Osm_set - 2*C_Na = 287 - 280 = 7. Represents glucose potassium urea and other solutes in the conventional estimate Osm = 2[Na] + glucose/18 + BUN/2.8. Without this term the model started 7 mOsm hypertonic at nominal and drove osmotic flux from t=0. CLOSURE constraint - recompute if BF.NA.PLASMA_SETPOINT or BF.OSM.PLASMA_SETPOINT change. Enforced by tools/check_closure.py. || ROUNDED 2026-09-09 TO MEASUREMENT PRECISION at the owner's instruction. Nothing physiological in this model is measured to more than four significant figures, and trailing zeros on a whole number read as precision that is not there. The discarded digits were floating-point residue from the derivation, not information. Directive 1.13."
BR.OPEN_LOOP_GAIN,Sympathetic arterial baroreflex open-loop gain,G_br,unitless,5.62,sd,0.98,neural,B,"Yamasaki F, Sato T, Sato K, Diedrich A. Analytic and integrative framework for understanding human sympathetic arterial baroreflex function. Front Neurosci 2021;15:707345.",10.3389/fnins.2021.707345,reported,human,both,sprint6,2026-08-19,"2.0 -> 5.62 ON 2026-09-09, AT THE OWNER'S EXPLICIT INSTRUCTION, AND THE CITATION DID NOT CHANGE. That is the whole point of this row's history: it cited Yamasaki 2021 the entire time and carried a number from his INTRODUCTION instead of his RESULT. || WHAT IT WAS. 2.0, the mid-point of an ANIMAL range of 1.0-3.5 that Yamasaki cites in his introduction from Kent 1972, Shoukas and Sagawa 1973, McRitchie 1976, Burattini 1994, Sato 1999 and Sunagawa 2001 - isolated carotid sinus or aortic arch perfusion in dog and rabbit. The note also repeated his sentence that the invasive approach is not applicable to humans and that human open-loop gain HAS NOT BEEN CLARIFIED. || THAT SENTENCE IS THE PAPER'S PROBLEM STATEMENT AND THE PAPER IS THE ANSWER TO IT. Yamasaki F, Sato T, Sato K, Diedrich A. Front Neurosci 2021;15:707345, PMC8322947, OPEN ACCESS, READ IN FULL. He measured it in humans: GL(0) = 5.62 +/- 0.98 SUPINE and GL(15) = 3.75 +/- 0.62 at 15 degrees head-up tilt. Table 2, and both Methods and the table legend state 'Values are means +/- SD'. THE SUPINE VALUE IS TAKEN because supine is the posture this model means by nominal - the same reason CV.HR.NOMINAL takes the supine Fenland figure. || IT IS THE SAME QUANTITY IN THE SAME UNITS AS THE MODEL'S SLOT. GL is defined as the product of the mechanoneural and neuromechanical arcs, with ARTERIAL PRESSURE as the output variable - the ratio of an arterial pressure change to a baroreceptor pressure change, dimensionless. The addendum to ADR 0009 computes that this model's G_br is exactly that: the tanh slope at the operating point is G_br/MAP_ref and dMAP/dtpr_mod is about MAP_ref, so the product is G_br. Commensurable by definition rather than by assumption. || AND IT IS THE VAGAL-EXCLUDED GAIN, WHICH IS EXACTLY WHAT THIS ROW SHOULD NOW HOLD. Yamasaki blocked vagal effects with atropine 0.4 mg/kg in every protocol, so 5.62 is sympathetic arterial pressure control with the cardiac vagal limb removed. Since 2026-09-08 that limb is a SEPARATE effector, BR.CARDIAC.GAIN under ADR 0022, so the two rows now partition the reflex the way the measurements do. Before ADR 0022 this change would have LOST the vagal contribution entirely; after it, it is the coherent pairing. THE RESIDUAL OVERLAP IS UNCHANGED AND DECLARED: atropine removes vagal chronotropy but not cardiac sympathetic chronotropy, so a small part of the cardiac limb sits inside 5.62 as well as inside BR.CARDIAC.GAIN. || THE WEAKNESSES, AND THEY ARE REAL. n = 7. Healthy male volunteers aged 19-37. THE AUTHORS THEMSELVES DISCLAIM REPRESENTATIVENESS in their limitations: 'we could not conclude that the parameters are representative of a normal population', and they call for larger studies across ages and health statuses. It is entered `both` under ADR 0014's rule that a single supported value serves both sexes, so THIS IS A MALE NUMBER APPLIED TO WOMEN - the CV.HEMATOCRIT.NOMINAL failure exactly, declared rather than hidden. It is also a YOUNG cohort against a model whose stroke volume comes from 45-74 year olds and whose heart rate comes from 29-65, and baroreflex gain falls steeply with age. || WHY IT IS STILL BETTER THAN WHAT IT REPLACED. Seven young men measured directly beat six animal studies read through an introduction, in the right species, the right posture and the right units. The uncertainty is now a reported SD rather than the spread of somebody else's citations. || THE ETHICAL-CEILING ARGUMENT IN ADR 0009'S ADDENDUM IS FALSIFIED BY THIS SAME PAPER. That addendum tiered this row E2 on the grounds that opening the baroreflex loop is 'definitionally terminal' and so not performable in humans. Yamasaki performed it - not by isolating a carotid sinus, but by constructing an equilibrium diagram from graded tilt and ganglionic blockade, which reaches the open-loop gain without opening the loop surgically. THE QUANTITY WAS OBTAINABLE ALL ALONG BY A DIFFERENT METHOD, which is HANDOVER section 3.19's lesson repeated: that pass missed the venous return relation by searching for the wrong OBJECT. Ask what is measurable, not whether the obvious preparation is permitted. || IT CHANGES NO STEADY STATE AND EVERY TRANSIENT. The reflex resets, so tpr_mod returns to 1 whatever the gain and no resting value, no chronic salt sensitivity and no pressure-volume ratio moves. What moves is buffering: total loop gain goes from about 3.35 to about 6.97 with ADR 0022's arm included, so a pressure disturbance is attenuated roughly twice as hard. THE CONSEQUENCES FOR THE ACUTE LIMB ARE MEASURED AND REPORTED IN HANDOVER section 3.39 RATHER THAN COMPENSATED FOR: nothing else was re-estimated, and in particular RN.MD.RENIN_GAIN and CV.ANP.NATRIURETIC_GAIN were NOT re-solved."
BR.EFFECTOR.TAU,Sympathetic vasomotor effector time constant,tau_br,s,3,range,2.0-3.0,neural,A,"La Rovere MT, Pinna GD, Raczak G. Baroreflex sensitivity: measurement and clinical implications. Ann Noninvasive Electrocardiol 2008;13(2):191-207.",10.1111/j.1542-474X.2008.00219.x,reported,human,both,sprint6,2026-08-19,"Cardiac and vasomotor sympathetic activation occurs with a 2-3 second delay and reaches maximal effect more slowly. Parasympathetic activation is far faster (200-600 ms) but acts on heart rate, which is not a state in this cycle-averaged model (ADR 0002) - hence the lumped single-arm treatment. 3.0 s is the upper end of the stated range. || ROUNDED 2026-09-09 TO MEASUREMENT PRECISION at the owner's instruction. Nothing physiological in this model is measured to more than four significant figures, and trailing zeros on a whole number read as precision that is not there. The discarded digits were floating-point residue from the derivation, not information. Directive 1.13."
BR.RESET.TAU,Baroreflex setpoint resetting time constant,tau_reset,day,1,none,,neural,B,Dampney RAL. Resetting of the baroreflex control of sympathetic vasomotor activity during natural behaviors. Front Physiol 2017.,,assumed,human,both,sprint6,2026-08-19,"ASSUMED. Baroreflex resetting is well established qualitatively - the reflex re-centres on prevailing pressure over hours to days, which is WHY it cannot set long-run arterial pressure. A specific human time constant is not reported in the sources consulted. 1 day is an order-of-magnitude placeholder. CRITICAL: this parameter is what makes the baroreflex a fast buffer rather than a long-term regulator. If it were infinite the reflex would set long-run pressure and the Guyton claim in ADR 0007 would be false. Sensitivity to it must be tested. || ROUNDED 2026-09-09 TO MEASUREMENT PRECISION at the owner's instruction. Nothing physiological in this model is measured to more than four significant figures, and trailing zeros on a whole number read as precision that is not there. The discarded digits were floating-point residue from the derivation, not information. Directive 1.13."
BR.TPR.MAX_FRACTION,Maximum fractional change in TPR from baroreflex,br_sat,unitless,0.5,none,,neural,B,Saturation bound; see notes.,,assumed,human,both,sprint6,2026-08-19,"ASSUMED. The baroreflex characteristic is sigmoidal and saturates; an unbounded linear gain would let TPR go negative under large pressure excursions. 0.5 means TPR can move at most +/-50 percent from baseline by reflex action alone. Placeholder chosen to keep the model well-posed under hemorrhage-scale perturbations, not extracted from a reported response range."
BR.CARDIAC.SENSITIVITY,Cardiac baroreflex sensitivity,BRS,ms/mmHg,15,none,,neural,B,"Laitinen T, Hartikainen J, Vanninen E, Niskanen L, Geelen G, Lansimies E. Age and gender dependency of baroreflex sensitivity in healthy subjects. J Appl Physiol 1998;84(2):576-583.",10.1152/jappl.1998.84.2.576,reported,human,male,claude-session10,2026-09-08,"SOURCED 2026-09-08 under validation/chronotropic_baroreflex_prereg.md, which was committed BEFORE any source was opened. Reproduce with python validation/chronotropic_baroreflex_extract.py. NO COMMIT SHA IS CITED, DELIBERATELY - rebase-merge rewrites it and every such citation already in this ledger points at a commit main does not contain. Verify the ordering instead: git log --diff-filter=A -- validation/chronotropic_baroreflex_prereg.md. || THE MEASURED QUANTITY, AND THE MODEL CONSUMES A DERIVED ONE. Baroreflex sensitivity is reported in ms/mmHg because what is measured is the lengthening of the cardiac interval against a pressure ramp. BR.CARDIAC.GAIN is derived from this row and is what Baroreflex.jl reads. Sourcing the milliseconds and deriving the dimensionless gain is the dependency direction section 3.6 established and sections 3.26, 3.29 and 3.31 each repeated. || THE METHOD IS PART OF THE QUANTITY. Phenylephrine bolus injection - a pharmacological ramp, which prereg section 2.1 admits because it perturbs pressure by tens of mmHg over tens of seconds, a timescale this cycle-averaged model can represent at the 1 s sampling ADR 0002 fixes inside a challenge window. SPONTANEOUS-SEQUENCE AND SPECTRAL SENSITIVITIES ARE EXCLUDED AND ARE NOT A SUBSTITUTE: they are computed from beat-to-beat fluctuations ADR 0002 states in terms this model cannot represent. || THAT EXCLUSION IS MEASURED, NOT ASSERTED. Bonyhay I, Risk M, Freeman R. PLoS One 2013;8(11):e79513, PMC3828383, OPEN ACCESS READ IN FULL: the same 18 healthy adults measured both ways give modified Oxford 15.7 +/- 9.2 against a transfer-function modulus 19.4 +/- 10.5 ms/mmHg, P < 0.05, mean relative difference 20.7 percent, typical error 3.9 and limit of agreement 10.8 ms/mmHg. The methods correlate across subjects, r = 0.85, and do NOT agree within them. Prereg branch C6 would have widened admissibility had they agreed; it does not fire. || READING LEVEL: ABSTRACT ONLY. journals.physiology.org returns 403 and there is no PubMed Central record. Directive 1.5 - what was opened is the PubMed abstract and nothing else. || NO DISPERSION IS ENTERED AND THAT IS DELIBERATE. The abstract prints 15.0 +/- 1.2 and 10.2 +/- 1.1 without stating whether that is SD or SEM. At n = 117 split by sex, and against SDs near 9 reported by every other study in this literature, these are almost certainly SEM. Directive 1.9 and the BF.BODY_MASS.TYPICAL precedent: where the estimator is not stated, none is chosen after the fact. || THE SEX PAIR IS THE FIRST IN THE NEURAL SUBSYSTEM, and one good study disagrees. Laitinen reports men 15.0 against women 10.2, P < 0.01, and finds age and gender the two most important correlates, together over half the variance. The direction is corroborated by the sex-differences literature, which reports women having blunted cardiovagal sensitivity during a rapid hypertensive stimulus. IT IS CONTRADICTED BY Wada N, Singer W, Gehrking TL, Sletten DM, Schmelzer JD, Kihara M, Low PA. Muscle Nerve 2014;50(4):535-540, PMID 24477673, PMC4115054, READ IN FULL: 166 normal subjects aged 18-81, 73 men and 93 women, VALSALVA manoeuvre, BRS 7.3 +/- 3.6 ms/mmHg, and 'we did not find a gender effect in BRS indices'. TWO METHODS, TWO ANSWERS, AND THEY ARE NOT POOLED - pooling.md bars pooling across measurement methods and prereg section 2.1 prefers the ramp, so Laitinen governs and Wada is recorded as a method-discordant comparison rather than averaged away. Wada is also a lower LEVEL by half, which is itself a method difference and not a disagreement about people. || AGE IS NOT REPRESENTED AND THIS IS A MIXED-AGE COHORT VALUE. Laitinen reports BRS correlating with age at r = -0.65 across 23-77 years, and Wada gives ln BRS = 2.72 - 0.02 x age. This model has no age dimension, so the entered value is a cohort mean over that range - the same debt ADH.URINE.OSM_MAX carries and records rather than approximates. || DIRECTIVE 1.7 WAS PREDICTED TO BITE FOR THE EIGHTH SUBSYSTEM AND IT DID. Most of this literature measures baroreflex sensitivity as a PROGNOSTIC MARKER after myocardial infarction, where depressed sensitivity predicts mortality and the relationship is the instrument rather than the subject. The 6 ms/mmHg figure that recurs in it is a risk-stratification cutoff and is not a measurement of anything in health; it is listed in prereg section 4 as a number not to enter. Laitinen is admissible precisely because its subject IS the relationship - age and gender dependency in healthy people. || ROUNDED 2026-09-09 TO MEASUREMENT PRECISION at the owner's instruction. Nothing physiological in this model is measured to more than four significant figures, and trailing zeros on a whole number read as precision that is not there. The discarded digits were floating-point residue from the derivation, not information. Directive 1.13."
BR.CARDIAC.SENSITIVITY,Cardiac baroreflex sensitivity,BRS,ms/mmHg,10.2,none,,neural,B,"Laitinen T, Hartikainen J, Vanninen E, Niskanen L, Geelen G, Lansimies E. Age and gender dependency of baroreflex sensitivity in healthy subjects. J Appl Physiol 1998;84(2):576-583.",10.1152/jappl.1998.84.2.576,reported,human,female,claude-session10,2026-09-08,"SOURCED 2026-09-08 under validation/chronotropic_baroreflex_prereg.md, which was committed BEFORE any source was opened. Reproduce with python validation/chronotropic_baroreflex_extract.py. NO COMMIT SHA IS CITED, DELIBERATELY - rebase-merge rewrites it and every such citation already in this ledger points at a commit main does not contain. Verify the ordering instead: git log --diff-filter=A -- validation/chronotropic_baroreflex_prereg.md. || THE MEASURED QUANTITY, AND THE MODEL CONSUMES A DERIVED ONE. Baroreflex sensitivity is reported in ms/mmHg because what is measured is the lengthening of the cardiac interval against a pressure ramp. BR.CARDIAC.GAIN is derived from this row and is what Baroreflex.jl reads. Sourcing the milliseconds and deriving the dimensionless gain is the dependency direction section 3.6 established and sections 3.26, 3.29 and 3.31 each repeated. || THE METHOD IS PART OF THE QUANTITY. Phenylephrine bolus injection - a pharmacological ramp, which prereg section 2.1 admits because it perturbs pressure by tens of mmHg over tens of seconds, a timescale this cycle-averaged model can represent at the 1 s sampling ADR 0002 fixes inside a challenge window. SPONTANEOUS-SEQUENCE AND SPECTRAL SENSITIVITIES ARE EXCLUDED AND ARE NOT A SUBSTITUTE: they are computed from beat-to-beat fluctuations ADR 0002 states in terms this model cannot represent. || THAT EXCLUSION IS MEASURED, NOT ASSERTED. Bonyhay I, Risk M, Freeman R. PLoS One 2013;8(11):e79513, PMC3828383, OPEN ACCESS READ IN FULL: the same 18 healthy adults measured both ways give modified Oxford 15.7 +/- 9.2 against a transfer-function modulus 19.4 +/- 10.5 ms/mmHg, P < 0.05, mean relative difference 20.7 percent, typical error 3.9 and limit of agreement 10.8 ms/mmHg. The methods correlate across subjects, r = 0.85, and do NOT agree within them. Prereg branch C6 would have widened admissibility had they agreed; it does not fire. || READING LEVEL: ABSTRACT ONLY. journals.physiology.org returns 403 and there is no PubMed Central record. Directive 1.5 - what was opened is the PubMed abstract and nothing else. || NO DISPERSION IS ENTERED AND THAT IS DELIBERATE. The abstract prints 15.0 +/- 1.2 and 10.2 +/- 1.1 without stating whether that is SD or SEM. At n = 117 split by sex, and against SDs near 9 reported by every other study in this literature, these are almost certainly SEM. Directive 1.9 and the BF.BODY_MASS.TYPICAL precedent: where the estimator is not stated, none is chosen after the fact. || THE SEX PAIR IS THE FIRST IN THE NEURAL SUBSYSTEM, and one good study disagrees. Laitinen reports men 15.0 against women 10.2, P < 0.01, and finds age and gender the two most important correlates, together over half the variance. The direction is corroborated by the sex-differences literature, which reports women having blunted cardiovagal sensitivity during a rapid hypertensive stimulus. IT IS CONTRADICTED BY Wada N, Singer W, Gehrking TL, Sletten DM, Schmelzer JD, Kihara M, Low PA. Muscle Nerve 2014;50(4):535-540, PMID 24477673, PMC4115054, READ IN FULL: 166 normal subjects aged 18-81, 73 men and 93 women, VALSALVA manoeuvre, BRS 7.3 +/- 3.6 ms/mmHg, and 'we did not find a gender effect in BRS indices'. TWO METHODS, TWO ANSWERS, AND THEY ARE NOT POOLED - pooling.md bars pooling across measurement methods and prereg section 2.1 prefers the ramp, so Laitinen governs and Wada is recorded as a method-discordant comparison rather than averaged away. Wada is also a lower LEVEL by half, which is itself a method difference and not a disagreement about people. || AGE IS NOT REPRESENTED AND THIS IS A MIXED-AGE COHORT VALUE. Laitinen reports BRS correlating with age at r = -0.65 across 23-77 years, and Wada gives ln BRS = 2.72 - 0.02 x age. This model has no age dimension, so the entered value is a cohort mean over that range - the same debt ADH.URINE.OSM_MAX carries and records rather than approximates. || DIRECTIVE 1.7 WAS PREDICTED TO BITE FOR THE EIGHTH SUBSYSTEM AND IT DID. Most of this literature measures baroreflex sensitivity as a PROGNOSTIC MARKER after myocardial infarction, where depressed sensitivity predicts mortality and the relationship is the instrument rather than the subject. The 6 ms/mmHg figure that recurs in it is a risk-stratification cutoff and is not a measurement of anything in health; it is listed in prereg section 4 as a number not to enter. Laitinen is admissible precisely because its subject IS the relationship - age and gender dependency in healthy people."
BR.CARDIAC.GAIN,Chronotropic baroreflex open-loop gain,G_hr,unitless,1.35,none,,neural,B,"Derived from BR.CARDIAC.SENSITIVITY, CV.HR.NOMINAL and CV.MAP.SETPOINT.",,derived,human,male,claude-session10,2026-09-08,"DERIVED 2026-09-08, and it is what Baroreflex.jl actually reads. BR.CARDIAC.GAIN = BR.CARDIAC.SENSITIVITY * CV.HR.NOMINAL * CV.MAP.SETPOINT / 60000. Male: 15.0 * 62.0 * 87.0 / 60000 = 1.34850. Female: 10.2 * 65.0 * 87.0 / 60000 = 0.961350. Asserted in tools/check_closure.py. || THE ARITHMETIC, AND IT WAS FIXED IN THE PRE-REGISTRATION BEFORE ANY VALUE WAS KNOWN. With RR = 60000/HR in ms, a sensitivity BRS = dRR/dP gives (1/HR)(dHR/dP) = -(HR/60000)*BRS, and multiplying by MAP_ref makes it the dimensionless gain this component's tanh consumes, matching the form BR.OPEN_LOOP_GAIN already sits in. || EVERY DIGIT IS CARRIED BECAUSE THIS ROW CLOSES AN IDENTITY, which is the lesson CV.CO.NOMINAL recorded when it held this position. The values are exact decimals, not rounded ones. The INPUT significant figures are three, and no result computed from this row may be quoted to more - directive 1.9. || THE CONVERSION IS LOCAL AND THAT IS A SCALE STATEMENT, NOT A CAVEAT. The relation between rate and interval is a reciprocal, so this factor holds at the operating heart rate and nowhere else. pooling.md requires two rows to share a measurement SCALE and not merely a unit symbol - section 5 item 18, the free-thyroxine error - and this is the line where that is honoured. A sensitivity measured at one heart rate cannot be composed with a different operating rate without redoing this conversion. || IT IS SEXED TWICE OVER AND THE TWO DIMORPHISMS ARE INDEPENDENT FACTS. The sensitivity is a male/female pair, and CV.HR.NOMINAL is a second one, 62 against 65. Neither is evidence for the other and the product carries both. This row would be sexed even if the sensitivity were entered as `both`. || WHAT IT IS AGAINST. BR.OPEN_LOOP_GAIN is 2.0, so the chronotropic arm is 67 percent of the vasomotor arm in men and 48 percent in women. Section 7.1 of the pre-registration predicted 'the same order' from the conversion factor alone, before any source was opened, and that is why section 6 was made the stop condition rather than a caveat. || AND IT DOES NOT DOUBLE-COUNT BR.OPEN_LOOP_GAIN - see that row, which now records why. Three independent lines: Yamasaki's open-loop gain decomposes through PLASMA NOREPINEPHRINE and a cholinergic vagal limb cannot appear in a noradrenergic arc; the animal preparations behind its 1.0-3.5 are vagotomized where it could be checked; and Dutoit AP, Hart EC, Charkoudian N, Wallin BG, Curry TB, Joyner MJ. Hypertension 2010;56(6):1118-23, PMID 21060001, found cardiac and sympathetic baroreflex sensitivity UNCORRELATED within 53 healthy adults at R-squared 0.0003. Two arms that vary independently are not one gain to be apportioned between effectors. THE RESIDUAL OVERLAP IS NOT ZERO AND IS DECLARED: 'sympathetic' includes cardiac sympathetic chronotropy, and the phenylephrine ramp is PREDOMINANTLY but not exclusively vagal, so some small part of this limb may already sit inside the 2.0 routed through resistance. || ROUNDED 2026-09-09 TO THREE SIGNIFICANT FIGURES, WHICH IS WHAT THE INPUTS CARRY, and the previous entry was a direct violation of directive 1.13. It stored 1.3485 and 0.96135 - five figures - from a product of 15.0, 62.0 and 87.0, every one of which carries three. THE EXTRA DIGITS WERE AN ARTEFACT OF FLOATING POINT AND NOT INFORMATION. The note even said the inputs support three and then stored five, which is worse than not noticing: the rule was written down and then not applied. || THE CLOSURE-IDENTITY EXCEPTION WAS CLAIMED AND DOES NOT APPLY. That exception exists for rows like CV.CO.NOMINAL where extra digits are a bookkeeping device so the closure gate can compare arithmetic exactly. It is never a licence to invent precision, and check_closure.py now compares this row to its inputs at the precision this row is STORED to, which is the correct test for a deliberately rounded derived value. || WHAT IT COSTS: nothing. 1.35 against 1.3485 is 0.1%, against a sensitivity whose own population spread is nearer 60%."
BR.CARDIAC.GAIN,Chronotropic baroreflex open-loop gain,G_hr,unitless,0.961,none,,neural,B,"Derived from BR.CARDIAC.SENSITIVITY, CV.HR.NOMINAL and CV.MAP.SETPOINT.",,derived,human,female,claude-session10,2026-09-08,"DERIVED 2026-09-08, and it is what Baroreflex.jl actually reads. BR.CARDIAC.GAIN = BR.CARDIAC.SENSITIVITY * CV.HR.NOMINAL * CV.MAP.SETPOINT / 60000. Male: 15.0 * 62.0 * 87.0 / 60000 = 1.34850. Female: 10.2 * 65.0 * 87.0 / 60000 = 0.961350. Asserted in tools/check_closure.py. || THE ARITHMETIC, AND IT WAS FIXED IN THE PRE-REGISTRATION BEFORE ANY VALUE WAS KNOWN. With RR = 60000/HR in ms, a sensitivity BRS = dRR/dP gives (1/HR)(dHR/dP) = -(HR/60000)*BRS, and multiplying by MAP_ref makes it the dimensionless gain this component's tanh consumes, matching the form BR.OPEN_LOOP_GAIN already sits in. || EVERY DIGIT IS CARRIED BECAUSE THIS ROW CLOSES AN IDENTITY, which is the lesson CV.CO.NOMINAL recorded when it held this position. The values are exact decimals, not rounded ones. The INPUT significant figures are three, and no result computed from this row may be quoted to more - directive 1.9. || THE CONVERSION IS LOCAL AND THAT IS A SCALE STATEMENT, NOT A CAVEAT. The relation between rate and interval is a reciprocal, so this factor holds at the operating heart rate and nowhere else. pooling.md requires two rows to share a measurement SCALE and not merely a unit symbol - section 5 item 18, the free-thyroxine error - and this is the line where that is honoured. A sensitivity measured at one heart rate cannot be composed with a different operating rate without redoing this conversion. || IT IS SEXED TWICE OVER AND THE TWO DIMORPHISMS ARE INDEPENDENT FACTS. The sensitivity is a male/female pair, and CV.HR.NOMINAL is a second one, 62 against 65. Neither is evidence for the other and the product carries both. This row would be sexed even if the sensitivity were entered as `both`. || WHAT IT IS AGAINST. BR.OPEN_LOOP_GAIN is 2.0, so the chronotropic arm is 67 percent of the vasomotor arm in men and 48 percent in women. Section 7.1 of the pre-registration predicted 'the same order' from the conversion factor alone, before any source was opened, and that is why section 6 was made the stop condition rather than a caveat. || AND IT DOES NOT DOUBLE-COUNT BR.OPEN_LOOP_GAIN - see that row, which now records why. Three independent lines: Yamasaki's open-loop gain decomposes through PLASMA NOREPINEPHRINE and a cholinergic vagal limb cannot appear in a noradrenergic arc; the animal preparations behind its 1.0-3.5 are vagotomized where it could be checked; and Dutoit AP, Hart EC, Charkoudian N, Wallin BG, Curry TB, Joyner MJ. Hypertension 2010;56(6):1118-23, PMID 21060001, found cardiac and sympathetic baroreflex sensitivity UNCORRELATED within 53 healthy adults at R-squared 0.0003. Two arms that vary independently are not one gain to be apportioned between effectors. THE RESIDUAL OVERLAP IS NOT ZERO AND IS DECLARED: 'sympathetic' includes cardiac sympathetic chronotropy, and the phenylephrine ramp is PREDOMINANTLY but not exclusively vagal, so some small part of this limb may already sit inside the 2.0 routed through resistance. || ROUNDED 2026-09-09 TO THREE SIGNIFICANT FIGURES, WHICH IS WHAT THE INPUTS CARRY, and the previous entry was a direct violation of directive 1.13. It stored 1.3485 and 0.96135 - five figures - from a product of 15.0, 62.0 and 87.0, every one of which carries three. THE EXTRA DIGITS WERE AN ARTEFACT OF FLOATING POINT AND NOT INFORMATION. The note even said the inputs support three and then stored five, which is worse than not noticing: the rule was written down and then not applied. || THE CLOSURE-IDENTITY EXCEPTION WAS CLAIMED AND DOES NOT APPLY. That exception exists for rows like CV.CO.NOMINAL where extra digits are a bookkeeping device so the closure gate can compare arithmetic exactly. It is never a licence to invent precision, and check_closure.py now compares this row to its inputs at the precision this row is STORED to, which is the correct test for a deliberately rounded derived value. || WHAT IT COSTS: nothing. 1.35 against 1.3485 is 0.1%, against a sensitivity whose own population spread is nearer 60%."
BR.HR.MAX_FRACTION,Maximum fractional change in heart rate from baroreflex,hr_sat,unitless,0.5,none,,neural,C,Saturation bound; see notes.,,assumed,human,both,claude-session10,2026-09-08,"ASSUMED, and it is the same convention BR.TPR.MAX_FRACTION carries for the vasomotor arm - 0.5, entered for the same reason and with the same standing, which is none. It bounds the fractional heart-rate excursion the tanh characteristic can produce, so heart rate cannot be driven negative or to an absurd tachycardia under a large pressure excursion. At 0.5 the bound is a heart rate between 31 and 93 in men. || DIRECTIVE 1.12: THIS IS A ROUND NUMBER AND IT IS ENTERED AS `assumed` RATHER THAN DRESSED UP. No source was sought for it in this pass and none is claimed. It is inert at the operating point and at every steady state, because the reflex resets and the drive returns to zero, so it can only matter in a transient large enough to reach the bound - which no protocol this model currently runs comes close to. || WHAT WOULD MAKE IT MATTER: a haemorrhage, lower-body negative pressure or orthostatic protocol, none of which this model can run, because the cardiopulmonary receptors ADR 0009 names as a separate component do not exist. If one is ever built, this row must be sourced before any result that reaches the bound is reported."
BR.CARDIAC.TAU,Vagal chronotropic effector time constant,tau_hr,s,0.4,range,0.2-0.6,neural,A,"La Rovere MT, Pinna GD, Raczak G. Baroreflex sensitivity: measurement and clinical implications. Ann Noninvasive Electrocardiol 2008;13(2):191-207.",10.1111/j.1542-474X.2008.00219.x,reported,human,both,claude-session10,2026-09-08,"ADDED 2026-09-08 BECAUSE THE MODEL DEMANDED IT, NOT BECAUSE THE PRE-REGISTRATION WANTED IT. validation/chronotropic_baroreflex_prereg.md section 5 made the chronotropic arm ALGEBRAIC by default and put the burden on ADDING a lag, on the directive 1.10 grounds that a 200-600 ms effector is quasi-static against a six-hour protocol. THAT WAS REFUTED BY BUILDING IT. || WHY. An algebraic hr_mod closes an INSTANTANEOUS ALGEBRAIC LOOP through arterial pressure: cardiac output sets MAP, MAP sets the baroreflex error, the error sets heart rate, and heart rate sets cardiac output. structural_simplify resolved it by promoting Blood.CO to a state - so the 'stateless' arm cost a state anyway, in another component, where it meant nothing. The vasomotor arm never had this problem because BR.EFFECTOR.TAU makes tpr_mod a STATE, and a lag is exactly what breaks an algebraic loop. || SO THE STATE IS PAID FOR EITHER WAY AND THIS IS THE HONEST PLACE TO PUT IT: on a variable with a physical meaning and a sourced time constant, rather than on an implicit nonlinear unknown inside the blood component. Ten states before, eleven after, and the eleventh is br.hr_mod. || THE VALUE. La Rovere reports the parasympathetic limb of the baroreflex acting on heart rate in 200-600 ms, against 2-3 s for the sympathetic vasomotor limb - the same sentence BR.EFFECTOR.TAU is entered from, and the reason ADR 0009 gave for lumping the arms in the first place. 0.4 s is the midpoint of that reported range, entered the same way BR.EFFECTOR.TAU takes 3.0 from 2.0-3.0. THE RANGE IS THE UNCERTAINTY AND IT IS THREEFOLD. || IT IS SEVEN TIMES FASTER THAN THE VASOMOTOR EFFECTOR, which is the physiology: vagal transmission is fast and cholinergic, sympathetic vasomotor transmission is slow and noradrenergic. That ratio is now the smallest declared time constant in the model and it widens the stiffness range - 0.4 s against a 10.3 day thyroxine turnover is about 2.2 million. ADR 0003 stays deferred on state count, but this is the fastest thing in the model and a multirate partition may not cut across it. || IT IS ALSO WHAT THE COUPLING DECLARATION READS. baroreflex_couplings() carried a hardcoded 0.5 s for one commit, which is directive 1.4's violation - a number in a component rather than in the ledger. It now reads this row."
CV.CENTRAL.FRACTION,Central (intrathoracic) blood volume as fraction of total,f_central,unitless,0.25,none,,cardiovascular,C,,,assumed,human,both,claude-session6,2026-08-24,"PLACEHOLDER, NOT SOURCED, AND INERT AT ADR 0012 STAGE 1. Do not quote this number anywhere. Stage 1 introduces the central/peripheral partition as a change of variables only: CV.CENTRAL.CO_SENSITIVITY and CV.CENTRAL.VOLUME_NOMINAL are both derived from this value so that it cancels out of the CO relation algebraically. VERIFIED 2026-08-24 by perturbation: setting f_central to 0.30 with both derived values recomputed moves the salt-step shift by 3.7e-10 relative, i.e. not at all physiologically. 0.25 IS NOT AN ARBITRARY READABLE VALUE - it is a power of two and therefore exact in binary, which is why it deviates from the pre-partition result by only 3.5e-13 where 0.30 deviates by 3.7e-10. A non-power-of-two placeholder is equally correct algebraically but noisier. IT MUST BE SOURCED UNDER A PRE-REGISTRATION BEFORE STAGE 2, when f_central becomes posture-dependent and stops cancelling. At that point this row is load-bearing and this note must be replaced, not amended."
CV.CENTRAL.VOLUME_NOMINAL,Central blood volume at the nominal operating point,VC0,L,1.405,none,,cardiovascular,C,Derived from CV.CENTRAL.FRACTION and CV.BLOOD_VOLUME.NOMINAL.,,derived,human,male,claude-session6,2026-08-27,"BECAME SEX-SPECIFIC 2026-08-27 because CV.BLOOD_VOLUME.NOMINAL did. This row is DERIVED and is not independent of it. Enforced by tools/check_closure.py, which runs per sex. DERIVED: VC0 = f_central x BV0 = 0.25 x 5. Closure constraint - if either factor changes this must be recomputed. Enforced by tools/check_closure.py."
CV.CENTRAL.VOLUME_NOMINAL,Central blood volume at the nominal operating point,VC0,L,1.23,none,,cardiovascular,C,Derived from CV.CENTRAL.FRACTION and CV.BLOOD_VOLUME.NOMINAL.,,derived,human,female,claude-session6,2026-08-27,"BECAME SEX-SPECIFIC 2026-08-27 because CV.BLOOD_VOLUME.NOMINAL did. This row is DERIVED and is not independent of it. Enforced by tools/check_closure.py, which runs per sex. DERIVED: VC0 = f_central x BV0 = 0.25 x 5. Closure constraint - if either factor changes this must be recomputed. Enforced by tools/check_closure.py."
CV.CENTRAL.CO_SENSITIVITY,Cardiac output sensitivity to central blood volume,G_vc,(L/day)/L,5600,none,,cardiovascular,C,Derived from CV.VENOUS_RETURN.SENSITIVITY and CV.CENTRAL.FRACTION.,,derived,human,both,claude-session7,2026-09-03,"MOVED WITH CV.VENOUS_RETURN.SENSITIVITY ON 2026-09-03, 11520 -> 5600. Derived as G_vr / f_c = 1400 / 0.25. They are NOT independent and must not be entered as if they were. || DERIVED: G_vc = G_vr / f_central = 2880 / 0.25. This is what makes ADR 0012 stage 1 a change of variables rather than a change of behaviour - G_vc x (V_central - VC0) equals G_vr x (V_blood - BV0) identically. VERIFIED 2026-08-24 that breaking it is caught twice: a 10% error fails tools/check_closure.py outright and moves the salt-step MAP levels by 8e-5 relative, which the 1e-9 assertion in test/runtests.jl also catches. INHERITS EVERY WEAKNESS OF G_vr, which is CALIBRATED, not measured, and which ADR 0011 is in the process of replacing. || ROUNDED 2026-09-09 TO MEASUREMENT PRECISION at the owner's instruction. Nothing physiological in this model is measured to more than four significant figures, and trailing zeros on a whole number read as precision that is not there. The discarded digits were floating-point residue from the derivation, not information. Directive 1.13."
RAAS.RENIN.PRESSURE_THRESHOLD,Renal perfusion pressure above which renin release plateaus,P_thr,mmHg,93,sd,2.0,raas,A,"van Ochten M, El Fathi W, Bovee EME, Spaanderman MEA, Hooijmans CR, van Drongelen J. The renal baroreflex: a systematic review and meta-analysis in healthy and hypertensive animals. Physiol Rep 2025;13(17):e70547.",10.14814/phy2.70547,reported,"animal (mixed, meta-analysis of 30 studies)",both,claude-session6,2026-08-25,"THE COINCIDENCE IS BROKEN AS OF 2026-08-27, AND IT WAS THE FRAGILITY THIS ROW WARNED ABOUT. This threshold, 93 mmHg from van Ochten, used to equal CV.MAP.SETPOINT exactly, so the model sat ON the rectification point and RAAS was inactive at baseline BY CONSTRUCTION. The note said that rested on one unverified number. It did: the setpoint was the textbook brachial 120/80 convention and is now 87.0, derived from sourced central pressure. The model therefore sits 6 mmHg BELOW threshold and RAAS IS NOW ACTIVE AT REST - renin drive 0.069, plasma renin activity 2.31x baseline. That is more physiological, not less: resting renin is not zero. || Meta-analysis of 30 animal studies: renin falls linearly with rising renal pressure and plateaus above 93 +/- 2 mmHg. ADR 0006 E2 - servo-controlling renal perfusion pressure is not performable in humans, the same ethical ceiling as RN.PRESSURE_NATRIURESIS.SLOPE. QUALITY CAVEAT FROM THE PAPER ITSELF: risk of bias was high in most studies. FRAGILITY, RECORDED: this threshold equals CV.MAP.SETPOINT = 93.0, whose own citation reads 'Standard physiological reference. VERIFY.' The model therefore sits exactly ON the rectification threshold and RAAS is inactive at and above baseline BY CONSTRUCTION. That coincidence is doing structural work and rests on one unverified number. Verified against PubMed record PMID 40930784 on 2026-08-25. SCALING: none applied, and none is needed. The quantity is a PRESSURE THRESHOLD in mmHg, and arterial pressure is not body-size scaled across the mammals in this meta-analysis the way a flow or a volume would be - the threshold is reported in the same units the model uses. What is assumed instead is that the threshold TRANSFERS to humans unchanged, which is a species assumption rather than a scaling one, and it is the assumption to attack if this component misbehaves. Note the meta-analysis itself found the threshold comparable between healthy and hypertensive animals while the slope differed, which is weak evidence that the threshold is the more transferable of the two. || ROUNDED 2026-09-09 TO MEASUREMENT PRECISION at the owner's instruction. Nothing physiological in this model is measured to more than four significant figures, and trailing zeros on a whole number read as precision that is not there. The discarded digits were floating-point residue from the derivation, not information. Directive 1.13."
RAAS.RENIN.SYMPATHETIC_THRESHOLD_SHIFT,Rightward shift of the renin pressure threshold at saturating renal sympathetic activity,dP_sym,mmHg,17,ci,12.0-22.0,raas,B,"Kirchheim HR, Finke R, Hackenthal E, Lowe W, Persson P. Baroreflex sympathetic activation increases threshold pressure for the pressure-dependent renin release in conscious dogs. Pflugers Arch 1985;405(2):127-135.",10.1007/BF00584533,derived,dog,both,claude-session-2026-09-18,2026-09-18,"SOURCED 2026-09-18 FROM KIRCHHEIM 1985, renal_sympathetic_prereg.md amendment 1. SEVEN chronically instrumented CONSCIOUS FOXHOUNDS, daily sodium 6.1 mmol/kg, renal artery pressure reduced in steps with an inflatable cuff and a pressure control system and held 5 min at each step. Stimulus-response curves of the renal-venous-arterial plasma renin activity difference against mean renal artery pressure. ABSTRACT ONLY - Pflugers Arch 1985 is paywalled and no PMC record exists; the abstract carries the numbers with dispersion, which is why the row is possible at all. Directive 1.5: the MEDLINE abstract was opened, the full text was not. || THE EFFECT IS A THRESHOLD SHIFT AND NOT A GAIN CHANGE, WHICH IS WHY THIS ROW EXISTS RATHER THAN A SYMPATHETIC RENIN GAIN. Common carotid occlusion shifted the stimulus-response curve to the RIGHT: threshold pressure 92.7 +/- 2.8 -> 109.7 +/- 4.1 mmHg (P < 0.05), while the PLATEAU level was unchanged (0.98 +/- 0.14 vs 0.99 +/- 0.14 ng AI/ml/h) and the SLOPE below threshold was unchanged (-0.379 +/- 0.041 vs -0.416 +/- 0.082 ng AI/ml/h/mmHg). The pre-registration assumed a gain and was wrong; opening the source is what caught it. || 109.7 - 92.7 = 17.0 mmHg, TWO SIGNIFICANT FIGURES. The SEs combine to about 5 mmHg, so the shift is 17 +/- 5 and the range on this row is one pooled SE either way. n = 7 dogs. Directive 1.13: nothing derived from this may carry three figures. || IT IS THE SHIFT AT NEAR-MAXIMAL CAROTID ACTIVATION, NOT A SLOPE. Carotid occlusion removes sinus baroreceptor input; Gross 1981 in the same laboratory reports bilateral occlusion raising systemic pressure 51 +/- 6.3 mmHg, so the stimulus is large. The model therefore applies this as the shift at SATURATING renal sympathetic activity and interpolates with the tanh the baroreflex already uses for its vasomotor efferent. THAT INTERPOLATION IS AN ASSUMPTION AND NOT KIRCHHEIM'S: he measured two points, control and occlusion, and no submaximal curve. || AND THE THRESHOLD IT SHIFTS WAS INDEPENDENTLY CONFIRMED BY THE SAME PAPER. RAAS.RENIN.PRESSURE_THRESHOLD is 93 +/- 2 mmHg from van Ochten's 2025 meta-analysis of 30 mostly-rodent studies whose own limitations say risk of bias was high in most; Kirchheim's conscious dogs give 92.7 +/- 2.8 by a different method in a different species. Nobody arranged that agreement. || MECHANISM CONTROL, Gross R et al. J Physiol 1981;313:237-250, PMID 7024507, twelve conscious foxhounds: with renal perfusion pressure held at control, carotid occlusion changed renin release in NEITHER the surgically denervated kidney (n = 3) NOR the intact kidney after beta-adrenergic blockade (n = 4), and renal blood flow did not change. So the pathway is DIRECT BETA-ADRENERGIC on the juxtaglomerular cells, with no vasomotor component - which is why this row moves a renin threshold and touches no haemodynamic quantity. || SPECIES: DOG, conscious, chronically instrumented. Directive 1.15 - the owner's standing default for neurogenic control of pressure through renal or baroreceptor mechanisms where no usable human measurement exists, and servo-control of renal artery pressure is not performable in humans, the same ethical ceiling that applies to RN.PRESSURE_NATRIURESIS.SLOPE and to the threshold this row shifts. || SETTING THIS ROW TO 0 RECOVERS THE PREVIOUS MODEL EXACTLY, on the precedent RN.MD.RENIN_GAIN was introduced on. No new structural variant and no new compilation. || SCALING: NONE, AND THAT IS AN ARGUMENT RATHER THAN AN OMISSION. This row is a difference of two ARTERIAL PRESSURES, which is an INTENSIVE quantity - it carries no mass or surface-area dimension, so the body-size scaling that BF.SIZE.EXPONENT applies to extensive rows does not apply here and multiplying by a mass ratio would be wrong. Dog and human operate at similar arterial pressures: Kirchheim's conscious foxhounds sit at a control threshold of 92.7 mmHg and Lohmeier's conscious dogs at a control MAP of 92 +/- 4 and 98 +/- 4 mmHg, against this model's central MAP setpoint of 87 mmHg and a renin threshold of 93. The pressures the two species regulate are the same to within the dispersion of either, so the shift transfers directly. WHAT DOES NOT TRANSFER WITHOUT ASSUMPTION is the mapping from carotid occlusion to this model's normalised sympathetic activity, which is stated above and is the real cross-species risk on this row - not the units."
RAAS.ALDO.PRA_LOG_SLOPE,"Aldosterone response to renin activity, log-log slope",g_aldo,unitless,0.5372,none,,raas,A,"Walker WG, Moore MA, Horvath JS, Whelton PK. Arterial and venous angiotensin II in normal subjects. Circ Res 1976;38(6):477-483.",,derived,human,both,claude-session6,2026-08-25,"DERIVED: log(5)/log(20) = 0.5372, from a 5-fold aldosterone rise against a 20-fold PRA rise across sodium restriction plus furosemide versus sodium surfeit, 16 normal subjects. COMPRESSIVE - a power law with exponent below 1. THE EXPONENT IS AGAINST PRA, NOT ANGIOTENSIN II. The parked component docstring said 'aldosterone vs angiotensin'; Walker reports a 2.72-fold arterial AngII rise, so aldosterone against AngII is log-log 1.47 and EXPANSIVE. Attaching the PRA-derived exponent to an angiotensin variable would have been wrong, and the model state is named pra for that reason. Verified against PMID 773568 on 2026-08-25."
RAAS.ALDO.ESCAPE_TAU,Time constant of escape from mineralocorticoid sodium retention,tau_esc,day,1.669,none,,raas,A,"Kelly TM, Nelson DH. Sodium excretion and atrial natriuretic peptide levels during mineralocorticoid administration. Endocr Res 1987;13(4):363-383.",10.3109/07435808709035463,derived,human,both,claude-session6,2026-08-25,"DERIVED from the reported time course, not read off directly. Urinary sodium fell 27% immediately on fludrocortisone and returned to baseline levels in an average of 5 days, in four healthy males at 180 +/- 2 mEq/day. Modelling that as first-order recovery reaching 95% at 5 days gives tau = 5/ln(20) = 1.669 day. THE 95% CONVENTION IS A CHOICE and is recorded as one; 5/3 is within 0.1% of it. n=4, single study, so this is the weakest link in the escape path. Attribution was corrected once already, from 'Yokota N et al.' on 2026-08-21; re-verified against PMID 2966064 on 2026-08-25 and authors and every quoted number check out."
RAAS.PRA.TAU,Time constant of the renin response to a pressure step,tau_pra,day,0.0035,none,,raas,C,,,assumed,human,both,claude-session6,2026-08-25,"ASSUMED, and deliberately not cited. The parked component attributed renin kinetics to Hofbauer KG et al. Pflugers Arch 1975; that paper was NOT opened, so per directive 1.5 it is not recorded here. 0.0035 day is about 5 minutes. WHY THE VALUE BARELY MATTERS: it is three orders of magnitude faster than the escape time constant and four faster than the renal-body fluid loop, so on this timebase the renin step is effectively instantaneous and any value in the minutes range gives the same trajectory. If it is ever made to matter, source it first. ADR 0002 would also justify making pra algebraic and dropping the state entirely."
RAAS.RENIN.PRESSURE_GAIN,Fractional renin rise per fractional fall in perfusion pressure,g_renin,unitless,4.35,none,,raas,B,"van Ochten M, El Fathi W, Bovee EME, Spaanderman MEA, Hooijmans CR, van Drongelen J. The renal baroreflex: A systematic review and meta-analysis in healthy and hypertensive animals. Physiol Rep 2025;13(17):e70547. doi:10.14814/phy2.70547. PMID 40930784. PMC12422813. THE SLOPE, section 3.3.2 and Figure 6, read as full text: 'A decrease of 10 mmHg in renal blood pressure leads to an increase of 50 percentage points renin in healthy animals', where renin is expressed as a percentage of the value at the baseline mean renal arterial pressure of 110 mmHg, set to 100%. That baseline is ABOVE the 93 mmHg threshold, so the 100% reference IS the plateau - which is exactly what pra = 1 means in Raas.jl. Slope = 0.05 of plateau renin per mmHg.",10.14814/phy2.70547,derived,"animal (mixed, meta-analysis of 5 comparisons)",both,claude-session7,2026-09-02,"RE-DERIVED 2026-09-02, 19.0 -> 4.35, AND THE ROW STOPS BEING `assumed`. Pre-registered in validation/renin_gain_prereg.md, written before any source was opened and sitting before this change in history; verify with git log --diff-filter=A on that file. Reproduce with python validation/renin_gain_extract.py. Branch R1. || THE DERIVATION, and it is one line. Raas.jl sets pra -> 1 + g_renin*(P_thr - MAP)/MAP_ref, so d(pra)/d(MAP) = -g_renin/MAP_ref, and pra is normalised to the plateau. van Ochten reports the same derivative as 0.05 of plateau renin per mmHg. Therefore g_renin = 0.05 * MAP_ref = 0.05 * 87.0 = 4.35. || THE PREVIOUS NOTE ON THIS ROW WAS WRONG ABOUT THE SOURCE, AND THAT IS WHY THE ROW SAT `assumed` FOR SIX DAYS. It said van Ochten 'reports the renal baroreflex slope in animal units this model cannot consume directly, so the gain is fitted rather than converted.' The paper says the opposite in its own Limitations: it could NOT meta-analyse absolute renin because studies reported PRA, PRC or renin release on assay-dependent scales, so it converted the dose-response to PERCENTAGE OF BASELINE - which is the one form this model can consume, because pra here is dimensionless and normalised. The units were never the obstacle. Nobody had opened the paper. || ONE SIGNIFICANT FIGURE IN THE SOURCE, THREE IN THE VALUE, AND THE DIFFERENCE IS ARITHMETIC NOT PRECISION. '50 percentage points per 10 mmHg' carries one figure. 4.35 is stored so that g_renin = 0.05*MAP_ref reproduces exactly and stays exact if CV.MAP.SETPOINT moves again; the third digit is the conversion, not a measurement. Directive 1.9. A test asserts the identity rather than the digits. || SPECIES AND TIER. Animal, mixed (rat, dog, mouse, rabbit, cat, fowl). ADR 0006 E2 under an ethical ceiling: servo-controlling renal perfusion pressure is not performable in humans, the same clause RAAS.RENIN.PRESSURE_THRESHOLD already invokes from this same paper. TIER B RATHER THAN THE THRESHOLD ROW'S A, deliberately: the threshold 93 +/- 2 comes from the full 30-study dose-response meta-analysis, while this slope is quoted only for the 5-comparison healthy-versus-hypertensive subset (Figure 6). The paper gives no numeric slope for the 30-study analysis in text - Figure 4 would have to be digitised, which is a different extraction_method. The paper also states 'Risk of bias was high in most studies.' || VALIDITY RANGE. The linear regression was fitted below 90 mmHg renal arterial pressure; the plateau was averaged above 105; the threshold is their intersection. This model runs at MAP 82-87, INSIDE the fitted linear range, so no extrapolation is involved. The pre-existing simplification that systemic MAP is used directly as renal perfusion pressure is unchanged by this row and is Raas.jl's, not this row's. || WHAT IT CHANGES, MEASURED with bench/renin_gain_sweep.jl. Resting pra falls 2.31 -> 1.30 relative to the plateau. THE SALT-STEP STEADY STATE DOES NOT MOVE: escape drives fr_mod to zero, and a 16-fold change in this gain moves the shift by at most 0.81%, so the headline 5.0570 mmHg is unchanged to five significant figures. THE STEADY STATE WITH ESCAPE SUPPRESSED DOES MOVE, and that is ADR 0015's configuration: the fall in the salt-step shift goes from 50.7% at 19.0 to about 22% here. ADR 0015 stays LIVE by its own pre-registered 20% rule and its magnitude more than halves. || DECLARED STRUCTURAL LIMITATION, branch S2 of the pre-registration, and it is NOT a defect in this value. The rectified linear form caps the PRA ratio it can produce between two pressures at the ratio of their drives, independently of the gain. van den Bosch 2021 (PMID 34921521, n = 70 healthy men) reports PRA 2.10 on high salt against 5.74 on low, a ratio of 2.73, at MAP 88 against 86 - where this form's ceiling is (93-86)/(93-88) = 1.40. NO VALUE OF THIS GAIN REPRODUCES THAT. Human salt-induced renin runs mostly through macula densa sodium delivery and renal sympathetic traffic, neither of which this component has. The pre-registration forbade fitting to those data for exactly this reason, and the gap is recorded in HANDOVER section 7 rather than absorbed into this number - which is how RN.PRESSURE_NATRIURESIS.SLOPE became a hypertensive value (section 3.3)."
RAAS.ALDO.REABSORPTION_GAIN,Additive fractional sodium reabsorption per unit aldosterone,k_aldo,unitless,0.011,none,,raas,C,,,assumed,human,both,claude-session6,2026-08-25,"ASSUMED, not measured and NOT fitted to any published target. Recorded as assumed rather than calibrated because the target itself is an assumption: no source gives this quantity in a form the model can consume, so there was nothing to calibrate against. Sized so the peak unescaped tubular effect is about half a percent of filtered load, the order of magnitude implied by the 27% acute fall in urinary sodium excretion reported by Kelly and Nelson. NOT derived from it - converting a urinary excretion change into a fractional reabsorption increment needs the filtered load at the time, which that paper does not report. Same standing as RAAS.RENIN.PRESSURE_GAIN: escape zeroes fr_mod at steady state so this shapes the transient only."
RAAS.ANGII.TUBULAR_GAIN,"Direct angiotensin II tubular sodium reabsorption, per unit normalised renin activity",k_angii,dimensionless,0.0011,ci,0.00087-0.0013,raas,B,"Hall JE, Granger JP, Hester RL, Coleman TG, Smith MJ Jr, Cross RB. Mechanisms of escape from sodium retention during angiotensin II hypertension. Am J Physiol 1984;246(5 Pt 2):F627-F634.",10.1152/ajprenal.1984.246.5.F627,derived,dog,both,claude-session-2026-09-19,2026-09-19,"SOURCED 2026-09-19 FROM HALL 1984, FULL TEXT READ, angii_tubular_prereg.md. PMID 6720967. Twelve conscious male mongrel dogs 21-27 kg (mean 22.2 +/- 0.8), chronically instrumented, sodium-deficient diet plus supplement to about 80 meq/day, ANG II [Asp1,Val5] at 5 ng/kg/min. EIGHT DOGS HAD RENAL PERFUSION PRESSURE SERVO-CONTROLLED AT THE CONTROL LEVEL by an inflatable aortic occluder driven by a proportional servo-control unit, 24 h a day. That preparation is the whole reason this row is possible: it excludes the pressure-natriuresis route by construction, and it cannot be performed in a human. Directive 1.15. || THE MAGNITUDE IS THE DAY-6 RATE AND NOT THE SIX-DAY AVERAGE. Cumulative sodium balance rose 210 +/- 37 meq over 6 days, which is 35 meq/day averaged - but that average is FRONT-LOADED over a transient the free arm shows directly (Table 1: UNaV falls to 20 meq/day on day 1 and recovers). At day 6 the servo arm excreted 56 +/- 5 meq/day against an intake of about 80, so the ONGOING retention is 24 +/- 5 meq/day. TWO SIGNIFICANT FIGURES, directive 1.13. || WHY THE DAY 6 POINT IS THE RIGHT ONE FOR A NON-ESCAPING TERM: at that point the renal perfusion pressure is STILL CLAMPED, so the pressure route is excluded by the preparation; plasma aldosterone has RETURNED TO CONTROL, 4.9 +/- 0.8 against a control of 4.6 +/- 1.0, so the aldosterone route is excluded BY MEASUREMENT rather than by assumption; and retention continues anyway. What is left is the direct tubular action of angiotensin II, which is exactly what ADR 0015 defines fr_angii to be. || AND HALL CONFIRMS ADR 0015'S STRUCTURAL CHOICE INDEPENDENTLY. His conclusion is that a rise in renal arterial pressure is ESSENTIAL for escape; releasing the occluder took urinary sodium from 56 to 322 +/- 35 meq/day in one day. So escape is PRESSURE-MEDIATED and not intrinsic to the tubular effect, which is why this term is added OUTSIDE the aldosterone escape state rather than inside it. The design was right before the source was found. || THE DERIVATION. Expressed as a fraction of the filtered load, which is intensive: 24 meq/day / (81.5 ml/min = 117.4 L/day x 142.5 meq/l = 16724 meq/day) = 0.00144. Anchored on Hall's own statement that the 5 ng/kg/min dose was calculated to reach plasma ANG II levels found during SODIUM DEPRIVATION, which on this model's pra axis is the low-salt arm: pra 2.5795 at 38 mEq/day against a resting 1.2956, a difference of 1.2839. So k_angii = 0.00144 / 1.2839 = 0.0011 per unit pra, TWO FIGURES. || SCALING: THE TRANSFER IS DONE ON THE FRACTION AND NOT ON THE RATE. A retention in meq/day is EXTENSIVE and would need a body-size scaling to cross species; a fraction of the filtered load is INTENSIVE and does not. That is the same argument RAAS.RENIN.SYMPATHETIC_THRESHOLD_SHIFT makes for an intensive pressure. It is the strongest transfer available and it is still dog to human, which this row states rather than hides. || THREE WEAK LINKS, NAMED IN THE PRE-REGISTRATION BEFORE ANY VALUE WAS ENTERED. (1) The cross-species fractional transfer above. (2) Mapping SODIUM DEPRIVATION onto this model's 38 mEq/day arm is THIS REPOSITORY'S JUDGEMENT AND NOT HALL'S - he names the physiological state, not a pra. (3) Hall's preparation has EXOGENOUS ANG II with SUPPRESSED ENDOGENOUS RENIN, plasma renin activity falling 0.27 to 0.04 ng/ml/h, and this model's pra conflates renin with angiotensin II and cannot represent that dissociation; the anchor therefore rests on total angiotensin II activity being comparable, not on the renin state matching. || NOT FITTED TO ANYTHING THIS MODEL IS JUDGED BY. ADR 0015 requires that the magnitude never be fitted to salt data, and it was not: it comes from a servo-controlled dog preparation at fixed pressure. Hall 1980's clamp contrast - control dogs taking under 7 mmHg across 5 to 500 meq/day against AngII-clamped dogs taking +42 percent - is ADR 0015's FALSIFIABLE TEST and was deliberately kept out of the estimation. || SPECIES: DOG, conscious, chronically instrumented, n = 8 in the servo arm. FULL TEXT READ - supplied by the owner on 2026-09-19, which is what made this row possible after the 2026-09-18 search recorded the mapping as the precise blocker. || THE ESTIMATION COHORT IS MALE - twelve conscious male mongrel dogs - and this row is entered as 'both' because it is a dimensionless fraction of the filtered load with no sexed input, not because the cohort was mixed. No sex difference in the direct tubular action of angiotensin II was sought or found here. Recorded the way RN.MD.RENIN_GAIN records its own all-male estimation set. || CORROBORATED AND QUALIFIED 2026-09-19 BY HALL 1977, FULL TEXT READ. Hall JE, Guyton AC, Trippodo NC, Lohmeier TE, McCaa RE, Cowley AW Jr. Intrarenal control of electrolyte excretion by angiotensin II. Am J Physiol 1977;232(6):F538-F544, PMID 879288. Supplied by the owner. || IT IS THE ENDOGENOUS VERSION OF THE SAME EXPERIMENT, AND IT NEEDS NO DOSE MAPPING AT ALL. Instead of infusing exogenous angiotensin II, Hall BLOCKED the endogenous hormone with intrarenal [Sar1,Ile8] angiotensin II at 0.25 ug/kg/min - so the contrast is a dog's own angiotensin II acting against the same dog with it blocked, in the same kidney. The anchor problem this row's derivation works around does not arise. || THE NORMAL-SODIUM ARM IS THE CLEAN ONE AND IT SITS AT THIS MODEL'S OWN OPERATING POINT. Five normal dogs, Table 1: fractional sodium excretion 1.23 +/- 0.19 percent rising to 1.74 +/- 0.28 percent after 90 min of blockade, with GLOMERULAR FILTRATION RATE UNCHANGED (0.83 +/- 0.08 to 0.86 +/- 0.11 ml/min per g, not significant) and mean arterial pressure unchanged (128.2 to 131.6 mmHg). So the 0.51 percentage point change is very nearly PURELY TUBULAR: endogenous angiotensin II accounts for 0.0051 of the filtered load being reabsorbed at normal sodium status. || AND ALDOSTERONE IS EXCLUDED AGAIN, BY A SECOND ROUTE. In four sodium-depleted dogs the blocker produced NO CONSISTENT CHANGES in plasma aldosterone concentration, so the natriuresis is not adrenal. That is the same conclusion Hall 1984 reaches by watching aldosterone return to control while retention continues - two different designs, same exclusion. || THE TWO STUDIES TOGETHER SAY THE RELATION IS SATURATING, AND THAT IS WHY THIS ROW'S TERM IS TOO WEAK. Hall 1977 gives the TOTAL angiotensin II-dependent tubular reabsorption at normal sodium as 0.0051 of the filtered load; Hall 1984 gives the MARGINAL increment on raising angiotensin II to sodium-deprivation levels as 24/16724 = 0.00144. The marginal is 0.28 of the total, so ROUGHLY A QUARTER OF THE RESTING EFFECT IS ADDED BY TAKING ANGIOTENSIN II TO SODIUM-DEPRIVATION LEVELS. The tubular action is largely SATURATED at normal angiotensin II. || THIS EXPLAINS THE REFUTATION RATHER THAN OVERTURNING IT. The marginal slope really is small - that is physiology, not a sourcing error - and the measured 1.2x amplification against ADR 0015's required 2x stands. What it indicts is the FORM: fr_angii linear in pra through a reference cannot represent a relation that is mostly saturated at rest with a small marginal slope. || A FALSIFIABLE PREDICTION FOR WHOEVER TAKES THIS NEXT, RECORDED BEFORE IT IS TRIED. A saturating form has a LARGER LOCAL SLOPE AT REST than a straight line fitted across pra 1.296 to 2.58, because the line averages over a range the curve flattens across. So replacing the linear term with a saturating one SHOULD RAISE the amplification above 1.2x. If it does not, the form is not what is wrong and ADR 0015's own suspicion - that the record is necessary and nowhere near sufficient - is the answer. || WHAT THESE NUMBERS DO NOT SUPPORT. Two points do not establish a saturation curve; they are CONSISTENT with one. The preparations differ - 1977 is intrarenal blockade in dogs whose kidneys averaged 59.5 +/- 4.1 g, 1984 is systemic infusion with servo-controlled pressure - and the sodium-depleted arm of 1977 is NOT usable for the tubular effect because glomerular filtration rate rose 22 percent in it, which the paper says accounts for an important part of the natriuresis. Only the normal-sodium arm is clean. NO VALUE ON THIS ROW WAS CHANGED on the strength of any of this."
RAAS.PRA.REFERENCE,"Resting normalised plasma renin activity, the reference for the AngII tubular term",pra_ref,dimensionless,1.2956,none,,raas,C,Derived: this model's own resting pra with the AngII tubular term off. See notes.,,derived,human,both,claude-session-2026-09-19,2026-09-19,"DERIVED, and it exists so that RAAS.ANGII.TUBULAR_GAIN's term is IDENTICALLY ZERO AT THE OPERATING POINT. fr_angii = k_angii * (pra - pra_ref), so with pra_ref set to this model's own resting plasma renin activity the term vanishes at rest, the operating point does not move, and therefore the resting pra does not move either - the fixed point is self-consistent immediately and needs no iteration. || THE VALUE is the resting pra measured with the angiotensin II tubular term OFF, which is the state every other constant in this ledger was derived in. Measured by running: 1.2956. || IT IS NOT A MEASUREMENT AND MUST NEVER BE COMPARED WITH ONE. pra in this model is normalised so that 1.0 is the RECTIFIED PLATEAU, not resting renin - Raas.jl records that conflating the two is what broke RAAS.RENIN.PRESSURE_GAIN in the first place. This row is the model's own operating point on that normalised axis and carries no claim about human plasma renin activity. || CHANGING IT MOVES THE OPERATING POINT. If the resting pra ever changes - because a gain, a threshold or an arm upstream of renin changes - this row must be re-measured in the same pass, or fr_angii stops being zero at rest and every pinned resting value drifts with it."
ADH.OSM.THRESHOLD,Osmotic threshold for urinary dilution (antidiuretic activity zero),Osm_thr,mOsm/kg,282.56,range,280.0-288.0,adh,C,"Derived to position the Baylis 1986 slope at this model's 24 h operating point; contained by the measured individual range of Zerbe RL, Miller JZ, Robertson GL. The reproducibility and heritability of individual differences in osmoregulatory function in normal human subjects. J Lab Clin Med 1991;117(1):51-59.",,derived,human,both,claude-session6,2026-08-25,"Linear regression of plasma vasopressin on plasma osmolality during hypertonic saline infusion. Individual thresholds ranged 280 to 288 mOsm/kg and the frequency distribution across 80 healthy adults was essentially normal, so the MIDPOINT 284.0 is adopted and the range is carried as the uncertainty rather than an SD, which the paper does not give in a poolable form. Thresholds correlated within monozygotic but not dizygotic twins. NOTE the companion SENSITIVITY spans 0.12 to 1.66 pg/ml per mOsm/kg - fourteen-fold, and highly reproducible within a subject at r = 0.94 - which is NOT used here because this model carries no plasma vasopressin concentration. That spread is the obvious population covariate for src/ensemble.jl. Verified against PMID 1987308 on 2026-08-25. || PRECISION CORRECTED 2026-09-09 under directive 1.13, second pass. Trailing zero read as a fourth figure against an interval of 280-288. The first pass rounded this row but stopped one figure short, because the gate then allowed two figures beyond what the interval supports - a tolerance I had given myself rather than the rule. The gate now enforces the rule exactly. Discarded digits were inside the row's own stated interval, so no claim changes. || RE-KINDED AND INVERTED 2026-09-18, adh_osmotic_map_prereg.md. FAILURE MODE #11 - A NAME CARRYING A CONVENTION ITS VALUE CONTRADICTS. This row was tier A, extraction_method=reported, named 'Osmotic threshold for vasopressin RELEASE', and sourced from Zerbe's regressions of PLASMA VASOPRESSIN on plasma osmolality. THE MODEL NEVER USED IT AS THAT: in Adh.jl it is the osmolality at which adh reaches zero, i.e. where URINE reaches U_min. Release BEGINNING and urine reaching its FLOOR are different osmolalities and cannot coincide - minimal urine needs vasopressin fully suppressed, which is BELOW where release starts. || BAYLIS 1986 MEASURES THE DILUTION THRESHOLD DIRECTLY: at plasma 279.2 mmol/kg his subjects' urine was 69 mmol/kg against an assumed floor of 50, i.e. essentially at the bottom. So the dilution threshold is near 279 and Zerbe's 284 is a correct measurement of a DIFFERENT QUANTITY. Zerbe is NOT deleted and NOT contradicted - his individual range 280-288 mOsm/kg across 80 healthy adults is retained as the uncertainty on this row and it CONTAINS the derived value. || VALUE NOW DERIVED, not reported: with the sourced Baylis slope the threshold is what positions the curve at the model's 24 h operating point. Osm_thr = Osm_set - (U_base - U_min) / ((U_max - U_min) * k_adh) = 287 - (547.06 - 50)/((982 - 50) * 0.12) = 282.56 mOsm/kg. Closure constraint enforced by tools/check_closure.py, which is why the digits are carried - the one exemption CLAUDE.md states. || WHY THE PIN MOVED HERE RATHER THAN STAYING ON THE SLOPE. Baylis's own two points fix slope AND threshold together at 0.117 and 279.0, and imposing BOTH puts baseline urine at 1.0 L/day instead of 1.7. That is not a model defect: Baylis's basal is a SPOT MORNING SAMPLE and this model's 547.06 is a 24 h MEAN, which are different estimands. The like-for-like 24 h comparator is Kitada's measured 508 +/- 170 mmol/kg in this model's own salt arm, and 547 is inside it. SO BAYLIS SETS THE SHAPE AND MAY NOT SET THE POSITION, and U_min was not touched to absorb the difference - it would have had to become 311, which is not a minimum urine osmolality."
ADH.URINE.OSM_MIN,Minimum urine osmolality at full water diuresis,U_min,mOsm/kg,50,none,,adh,C,,,assumed,human,both,claude-session6,2026-08-25,"ASSUMED and NOT SOURCED. A relationship-shaped search for maximal and minimal urinary concentrating ability in healthy humans returned lithium cohorts, hydration indices and clinical case series - none characterising the limit in a healthy population in a form this model can consume. 50 mOsm/kg is the conventional figure and it is recorded as an assumption rather than dressed in a textbook citation nobody opened. IT SETS THE MAXIMAL DIURESIS: with the assumed solute load it gives 12.0 L/day, which is plausible but unverified. Source this before using the component near the dilute end. || ROUNDED 2026-09-09 TO MEASUREMENT PRECISION at the owner's instruction. Nothing physiological in this model is measured to more than four significant figures, and trailing zeros on a whole number read as precision that is not there. The discarded digits were floating-point residue from the derivation, not information. Directive 1.13."
ADH.URINE.OSM_MAX,Maximum urine osmolality at maximal antidiuresis,U_max,mOsm/kg,982,none,,adh,A,"Tryding N, Berg B, Ekman S, Nilsson JE, Sterner G, Harris A. DDAVP test for renal concentration capacity. Age-related reference intervals. Scand J Urol Nephrol 1988;22(2):141-145.",10.1080/00365599.1988.11690400,reported,human,both,sprint3,2026-09-01,"SOURCED 2026-09-01, AND THE TEXTBOOK 1200 WAS HIGH. Was 1200.0 mOsm/kg, DERIVED as RN.URINE.SOLUTE_LOAD / RN.H2O.OBLIGATORY_LOSS = 600 / 0.5 - maximal concentrating ability computed from an obligatory volume that was itself `assumed` with an empty citation. The dependency was backwards: MAXIMAL CONCENTRATING ABILITY IS WHAT IS MEASURED, by water deprivation or DDAVP, and the obligatory volume is what follows from it given a solute load. RN.H2O.OBLIGATORY_LOSS is now derived from this row. Pre-re-registered in validation/dependency_inversion_prereg.md, which was committed BEFORE any paper was opened and sits immediately before this change in main's history. NO COMMIT SHA IS CITED, DELIBERATELY - rebase-merge rewrites it and every such citation already in this ledger points at a commit main does not contain. Verify the ordering instead: git log --diff-filter=A -- validation/dependency_inversion_prereg.md. NOW REPORTED: Tryding 1988. Maximal urinary concentration after a single 4 microgram subcutaneous injection of DDAVP in 212 healthy adults aged 20 to 80. Mean values decline significantly with age, 982 mOsm/kg at 20 years to 823 at 80. 982 IS THE VALUE AT THE YOUNG ADULT END and is adopted because U_max is a CEILING - the saturation limit of the ADH curve in Adh.jl, reached at adh = 1 - rather than a population mean. The age decline is real, is roughly 16% across six decades, and this model has no age dimension: recorded as debt, not approximated. The same paper reports that maximal osmolality did not differ significantly between strict fluid restriction and liberal intake before the DDAVP, so the number is not an artefact of the deprivation protocol. CORROBORATED, NOT POOLED. Bech AP, Wetzels JFM, Nijenhuis T. Reference values of renal tubular function tests are dependent on age and kidney function. Physiol Rep 2017;5(23):e13542. Median maximal urine osmolality after desmopressin 1002 mOsm/kg in healthy individuals aged 18-50, 820 in healthy individuals over 50, 624 with compromised renal function. Two independent studies thirty years apart, both near 1000 in young healthy adults and both near 820 in the old. NOT POOLED: Bech reports a MEDIAN of 10 subjects and Tryding a fitted mean by age, and pooling.md forbids inventing a rule that fits them. SINGLE SOURCE, k = 1, rule 6. WHAT WAS SCREENED AND NOT USED. Fourteen further queries over two sweeps returned paediatric series, lithium and polycystic-kidney cohorts, desmopressin bioequivalence studies and hydration-marker papers. Nadvornikova 1980 (Clin Nephrol 1980;14(3):142-147, 45 healthy volunteers, standardised DDAVP protocol) is the right design but reports no normative osmolality in the record read. Curtis 1979 (Br Med J 1979;1(6159):304-305) reports that most normal subjects reach maximal concentration spontaneously over 24 hours, which supports the protocol but gives no value. NO DISPERSION IS ENTERED. Tryding reports age-related reference INTERVALS; the record read gives the age-related means, not an SD at a given age. Directive 1.12 wants a centre with spread and this row has only the centre - recorded rather than invented. || ROUNDED 2026-09-09 TO MEASUREMENT PRECISION at the owner's instruction. Nothing physiological in this model is measured to more than four significant figures, and trailing zeros on a whole number read as precision that is not there. The discarded digits were floating-point residue from the derivation, not information. Directive 1.13."
ADH.OSM.SENSITIVITY,Normalised antidiuretic activity per mOsm/kg above threshold,k_adh,1/(mOsm/kg),0.12,ci,0.082-0.208,adh,B,"Baylis PH, Pippard C, Gill GV, Burd J. Development of a cytochemical assay for plasma vasopressin: application to studies on water loading normal man. Clin Endocrinol (Oxf) 1986;24(4):383-393.",,derived,human,both,sprint3,2026-09-01,"PRECISION: rounded to 3 significant figures on 2026-08-27. The sources do not support more, and carrying digits that do not exist forced the closure gate and the test suite to chase arithmetic noise. Derived rows inherit the significant figures of their inputs and are rounded to match; the closure tolerance was moved to 1e-3 in the same change, which is still an order of magnitude tighter than the 6% error that motivated that gate. || DERIVED, not fitted and not assumed. Forced by requiring that at the plasma osmolality setpoint the model excretes exactly intake minus insensible loss, which is what the pre-ADH placeholder did. k_adh = ((solute/(intake-insensible)) - U_min) / ((U_max - U_min) * (Osm_set - Osm_thr)) = 0.08780904 per mOsm/kg, giving antidiuretic activity 0.263427 at baseline - a quarter of maximal, with room to move both ways. Closure constraint enforced by tools/check_closure.py. THIS IS NOT ZERBE'S SENSITIVITY: that is 0.12-1.66 pg/ml per mOsm/kg and this is a normalised 0-1 activity, because no sourced map from plasma vasopressin to urine osmolality was found. || RECOMPUTED 2026-09-01, 0.0878 -> 0.10835, when ADH.URINE.OSM_MAX moved 1200 -> 982 (Tryding 1988). k_adh = ((solute/v_base) - U_min) / ((U_max - U_min) * (Osm_set - Osm_thr)) = (352.941176 - 50) / (932 * 3). The DERIVATION is unchanged and so is the operating point it pins: at the plasma osmolality setpoint the model still excretes exactly intake minus insensible loss, by construction. What changes is the SLOPE - a lower ceiling reached over the same osmolality span means each mOsm/kg buys more antidiuretic activity. Five significant figures because the closure check compares this against its own derivation at 1e-3 relative and three figures would fail it. || ROUNDED 2026-09-09 TO MEASUREMENT PRECISION at the owner's instruction. Nothing physiological in this model is measured to more than four significant figures, and trailing zeros on a whole number read as precision that is not there. The discarded digits were floating-point residue from the derivation, not information. Directive 1.13. || REFERENCE POINT CORRECTED 2026-09-16, urine_solute_prereg.md Half A, AND THE VALUE MOVED WITHOUT ANY SOURCE BEING OPENED. RN.URINE.SOLUTE_NONNA was pinned so the total returned 600 at the MID salt arm, 154 mEq/day, while the model's reference is the NOMINAL arm, 205. So the load the model actually carried at its own operating point was 292 + 2*205 = 702 and never 600. Three constants - this one, ADH.URINE.OSM_BASELINE and ADH.OSM.SENSITIVITY - were all derived from a load the model never occupied, and k_adh is LIVE. The loop paid for it with a permanent 0.59 mOsm/kg offset above the plasma osmolality setpoint: it had to reach u_osm = 702/1.7 = 412.9, hence adh 0.3894, hence Osm_ecf 287.594. Measured in the running model before the fix: 0.3895 and 287.592. The mid-arm pin was change management when solute tracking landed - it kept the salt step bit-identical - and it then became the reference point for three derived constants. Recomputed as (412.94 - 50)/((982 - 50)*(287 - 284)) = 0.129783. THIS IS THE ONE THAT MATTERS: k_adh is the gain of the whole osmoregulatory limb and it was 20 percent low because its parent was stated at the wrong arm. || RE-DERIVED 2026-09-16 FROM THE SOURCED SOLUTE LOAD. The figures beyond the two the parent supports are NOT a precision claim: this row exists to close an identity check_closure.py asserts, which is the one exemption CLAUDE.md states, and rounding it to the parent's precision breaks that identity by more than the 1e-3 closure tolerance. (547.06 - 50)/((982 - 50)*(287 - 284)) = 0.177774. IT HAS RISEN 64 PERCENT from the 0.1084 that stood before this pass - 20 percent of that from Half A's reference-point correction and the rest from the sourcing. This is the gain of the whole osmoregulatory limb and it was low because its parent was both unsourced and stated at the wrong salt arm. Antidiuretic activity at the reference is now 0.533, inside the 0.2-0.6 the pre-registration required and with room to move both ways. || SOURCED 2026-09-18 FROM BAYLIS 1986, adh_osmotic_map_prereg.md. THIS ROW WAS EXPLICITLY UNSOURCED and its own note said so: 'no sourced map from plasma vasopressin to urine osmolality was found'. Baylis IS that map. Eight healthy male adults, sustained water load, PAIRED plasma and urine osmolality: plasma 286.5 +/- 2.0 -> 279.2 +/- 2.4 mmol/kg (p < 0.001) with urine 867 +/- 54 -> 69 +/- 3 mmol/kg. Mapped onto this model's normalised activity with U_min = 50 and U_max = 982: adh 0.8766 -> 0.0204, so k = 0.8562 / 7.3 = 0.1173. TWO SIGNIFICANT FIGURES AND NOT MORE - the numerator is a difference of three-figure urine values and the denominator a difference of four-figure plasma values carrying two, directive 1.13. || IT FELL 32 PERCENT, 0.17777 -> 0.12. The old value was DERIVED to pin ONE point, the 24 h baseline water balance, and pinning one point fixes no slope at all; a measured slope now replaces it and the BASELINE PIN MOVES TO THE THRESHOLD, which is the row that was carrying the wrong quantity. || THE INTERVAL IS HONEST AND WIDE. p < 0.001 at df = 7 bounds t > 5.41, so the paired SE of the 7.3 mmol/kg fall is under 1.35 and the 95 percent interval on it is at worst 4.1-10.5, giving k in 0.082-0.208. THE OLD 0.17777 IS INSIDE THAT, so Baylis does NOT refute it on the slope alone - directive 1.14, and the pre-registration says so in section 0.1. What Baylis settles is the THRESHOLD's kind, not the slope's value. || NOT ZERBE'S SENSITIVITY, which is 0.12-1.66 pg/ml per mOsm/kg of PLASMA VASOPRESSIN. The numerical coincidence with 0.12 is exactly that and means nothing: different quantity, different units."
ADH.URINE.OSM_BASELINE,Urine osmolality reproducing the pre-ADH placeholder,U_base,mOsm/kg,547.06,none,,adh,C,"Derived from RN.URINE.SOLUTE_LOAD, BF.H2O.INTAKE_NOMINAL and BF.H2O.INSENSIBLE_LOSS.",,derived,human,both,claude-session6,2026-08-25,"PRECISION: rounded to 3 significant figures on 2026-08-27. The sources do not support more, and carrying digits that do not exist forced the closure gate and the test suite to chase arithmetic noise. Derived rows inherit the significant figures of their inputs and are rounded to match; the closure tolerance was moved to 1e-3 in the same change, which is still an order of magnitude tighter than the 6% error that motivated that gate. || DERIVED: solute load / (intake - insensible loss) = 600 / 1.7 = 352.941176. Used ONLY by the disabled branch, where it holds urine osmolality at the value that reproduces the old placeholder water excretion exactly, so enabled=false recovers pre-ADH behaviour. Closure constraint enforced by tools/check_closure.py. || ROUNDED 2026-09-09 TO MEASUREMENT PRECISION at the owner's instruction. Nothing physiological in this model is measured to more than four significant figures, and trailing zeros on a whole number read as precision that is not there. The discarded digits were floating-point residue from the derivation, not information. Directive 1.13. || REFERENCE POINT CORRECTED 2026-09-16, urine_solute_prereg.md Half A, AND THE VALUE MOVED WITHOUT ANY SOURCE BEING OPENED. RN.URINE.SOLUTE_NONNA was pinned so the total returned 600 at the MID salt arm, 154 mEq/day, while the model's reference is the NOMINAL arm, 205. So the load the model actually carried at its own operating point was 292 + 2*205 = 702 and never 600. Three constants - this one, ADH.URINE.OSM_BASELINE and ADH.OSM.SENSITIVITY - were all derived from a load the model never occupied, and k_adh is LIVE. The loop paid for it with a permanent 0.59 mOsm/kg offset above the plasma osmolality setpoint: it had to reach u_osm = 702/1.7 = 412.9, hence adh 0.3894, hence Osm_ecf 287.594. Measured in the running model before the fix: 0.3895 and 287.592. The mid-arm pin was change management when solute tracking landed - it kept the salt step bit-identical - and it then became the reference point for three derived constants. Recomputed as 702/1.7 = 412.94. It is the urine osmolality that reproduces the reference water excretion, and it is now computed at the reference load rather than at 600. || RE-DERIVED 2026-09-16 FROM THE SOURCED SOLUTE LOAD. The figures beyond the two the parent supports are NOT a precision claim: this row exists to close an identity check_closure.py asserts, which is the one exemption CLAUDE.md states, and rounding it to the parent's precision breaks that identity by more than the 1e-3 closure tolerance. 930/1.7 = 547.06 mOsm/kg. Against Kitada's MEASURED urine osmolality of 508 +/- 170 mOsm/kg in the same arm - well inside one SD, and it is NOT a fit: the model's urine volume is fixed by its own water balance at 1.7 L/day and the load is sourced independently, so this agreement was free."
RN.URINE.SOLUTE_LOAD,Daily urinary solute excretion,Osm_load,mOsm/day,930,sd,200,renal,B,"Kitada K, Daub S, Zhang Y, Klein JD, Nakano D, Pedchenko T, Lantier L, LaRocque LM, Marton A, Neubert P, Schroeder A, Rakova N, Jantsch J, Dikalova AE, Dikalov SI, Harrison DG, Mueller DN, Nishiyama A, Rauh M, Harris RC, Luft FC, Wassermann DH, Sands JM, Titze J. High salt intake reprioritizes osmolyte and energy metabolism for body fluid conservation. J Clin Invest 2017;127(5):1944-1959. doi:10.1172/JCI88532. PMID 28414295. PMC5409074. OPEN ACCESS, FULL TEXT READ. Table 1, human balance study, 12 g/day salt arm: 10 healthy men, 739 complete 24 h collections, urine osmolality 508 +/- 170 mOsm/kg and urine volume 22 +/- 7 mL/kg/day. Companion paper Rakova N et al, J Clin Invest 2017;127(5):1932-1943, PMID 28414302, FULL TEXT AND SUPPLEMENT READ, supplies the protocol (12 g/d = 200 mmol Na/d) and Supplemental Table S1, the anthropometrics (81.5 +/- 10.0 and 84.2 +/- 7.8 kg in the 12 g/d arms, BSA 2.0 m2, age about 33).",10.1172/JCI88532,reported,human,both,claude-session6,2026-08-25,"ASSUMED and NOT SOURCED, and it is the load-bearing assumption of the ADH component - urine volume is this divided by urine osmolality, so it scales the whole water-excretion limb. 600 mOsm/day is a conventional adult figure. It is HELD CONSTANT, which is itself a modelling choice: in reality it tracks protein and salt intake, so a salt step should move it and here it does not. That omission makes the model under-respond to a salt load on the water side. Source it, and consider making it depend on Na_excr, before trusting any water result under a changed diet. || ROUNDED 2026-09-09 TO MEASUREMENT PRECISION at the owner's instruction. Nothing physiological in this model is measured to more than four significant figures, and trailing zeros on a whole number read as precision that is not there. The discarded digits were floating-point residue from the derivation, not information. Directive 1.13. || REFERENCE POINT CORRECTED 2026-09-16, urine_solute_prereg.md Half A, AND THE VALUE MOVED WITHOUT ANY SOURCE BEING OPENED. RN.URINE.SOLUTE_NONNA was pinned so the total returned 600 at the MID salt arm, 154 mEq/day, while the model's reference is the NOMINAL arm, 205. So the load the model actually carried at its own operating point was 292 + 2*205 = 702 and never 600. Three constants - this one, ADH.URINE.OSM_BASELINE and ADH.OSM.SENSITIVITY - were all derived from a load the model never occupied, and k_adh is LIVE. The loop paid for it with a permanent 0.59 mOsm/kg offset above the plasma osmolality setpoint: it had to reach u_osm = 702/1.7 = 412.9, hence adh 0.3894, hence Osm_ecf 287.594. Measured in the running model before the fix: 0.3895 and 287.592. The mid-arm pin was change management when solute tracking landed - it kept the salt step bit-identical - and it then became the reference point for three derived constants. THIS ROW IS NOW THE LOAD AT THE REFERENCE and is derived from the residual, which is the primitive until it is sourced. It is still tier C and still rests on an unsourced 292: Half A fixes WHERE the constant is stated, not WHAT it is. || SOURCED 2026-09-16 UNDER urine_solute_prereg.md BRANCH U1, replacing an `assumed` conventional 600 mOsm/day that carried no citation at all. || THE VALUE: 508 mOsm/kg x 22 mL/kg/day x 83 kg = 928, entered at TWO SIGNIFICANT FIGURES as 930 because the volume and the body weight carry two. || TABLE 1 WAS READ AS AN IMAGE. It is published as a figure rather than as HTML, and an automated text extraction of it returned numbers that did not self-consistently add up - a transposed mouse column. The values were read off the rendered table and then checked against themselves: 2Na + 2K + urea = 10.9 against a reported U2Na2KUreaV of 10.8 mmol/kg/day, and osmolality x volume exceeds that sum by 3.4 percent, which is the unmeasured ammonium, phosphate, sulfate and creatinine. || THE BODY WEIGHT IS PINNED TWO INDEPENDENT WAYS and that is what makes the per-kg units trustworthy: the 12 g/day arm is 200 mmol/day of dietary sodium against a measured UNaV of 2.3 mmol/kg/day, which at the usual 95 percent urinary recovery implies 83 kg; Supplemental Table S1 reports 81.5 and 84.2 kg for the two 12 g/day arms. || THE COHERENCE CONSTRAINT OF THE PRE-REGISTRATION SECTION 3 IS SATISFIED, AND THAT WAS THE POINT OF FIXING IT IN ADVANCE. The urine solute load is a DIET, not a physiological constant, so it had to come from a cohort at this model's own salt intake or the mismatch would land silently in the residual. Rakova's 12 g/day arm is 200 mmol Na/day against BF.NA.INTAKE_NOMINAL = 205, and it is the SAME COHORT BF.NA.INTAKE_MID is already derived from - section 3.24's same-cohort rule satisfied by construction rather than by luck. || THE LEDGER PREDICTED THE ANSWER. RN.URINE.SOLUTE_NONNA's note already said the non-sodium remainder was 'almost certainly TOO LOW' and should be 'nearer 400-500'. Measured: 546 at the cohort, 520 at this model's reference sodium intake. || THE SD IS DAY-TO-DAY AND BETWEEN-SUBJECT SPREAD ACROSS 739 COLLECTIONS, NOT UNCERTAINTY ON A MEAN, and it is taken from U2Na2KUreaV (10.8 +/- 2.3, i.e. 21 percent) rather than from the osmolality and volume SDs, which are large and strongly anti-correlated so their product is far tighter than either factor. Directive 1.9: saying which statistic this is, is the point. || MEN ONLY, n = 10, mean age 33, in an enclosed habitat on a fully controlled diet. A controlled diet is exactly the preparation this row needs - directive 1.7, since the alternative literature is kidney-stone risk profiling and hydration-intervention trials where the excretion is the instrument - but it is not a free-living Western diet and the row is not a population mean."
RN.URINE.OSM_PER_NA,Urinary osmoles per mEq of sodium excreted,osm_Na,mOsm/mEq,2,none,,renal,B,"Imamura T, Kinugawa K, Minatsuki S, Muraoka H, Kato N, Inaba T, Maki H, Shiga T, Hatano M, Yao A, Kyo S, Komuro I. Urine osmolality estimated using urine urea nitrogen, sodium and creatinine can effectively predict response to tolvaptan in decompensated heart failure patients. Circ J 2013;77(5):1208-1213. PMID 23318562. The validated estimator carries urine sodium with a coefficient of 2.",10.1253/circj.cj-12-1328,reported,human,both,sprint2,2026-08-27,"THE COEFFICIENT IS ELECTRONEUTRALITY, NOT A FITTED CONSTANT. Every sodium ion leaving in the urine leaves with an accompanying anion, predominantly chloride, so one mEq of excreted sodium contributes approximately two milliosmoles - one for the cation and one for the anion. That is why the standard urine osmolality estimators all carry urine sodium with a coefficient of 2. WHAT THE CITATION ACTUALLY SUPPLIES. Imamura 2013 validated the whole estimator 1.07*(2*[urine Na] + [urine urea nitrogen]/2.8 + [urine creatinine]*2/3) + 16 against MEASURED urine osmolality in 66 patients and reports r = 0.938, p < 0.001. The paper does not measure this coefficient; it measures that a formula containing it reproduces the real thing. That is the honest description of the evidence and is why this row is tier B rather than A. DECLARED LIMITATION OF THE COHORT: decompensated heart failure patients receiving tolvaptan, i.e. a diseased population under a V2 antagonist. Directive 1.7 test - had the correlation come out poorly, the conclusion would have been that estimated urine osmolality cannot predict tolvaptan response, so the composition relation is the INSTRUMENT there and not the subject. It is accepted anyway because the coefficient is not an empirical finding of that paper but a charge-balance requirement, and the validation is corroboration that the requirement holds in real urine. INDEPENDENT CORROBORATION OF THE STRUCTURE, not pooled with it: Alwis US, Delanghe J, Dossche L, Walle JV, Van Camp J, Monaghan TF, Roggeman S, Everaert K. Could evening dietary protein intake play a role in nocturnal polyuria? J Clin Med 2020;9(8):2532. PMID 32764521. 170 subjects, 24 h collections in 8 timed samples with volume, osmolality, creatinine, urea and sodium all measured; reports urea as the largest single contributor to urine osmolality with sodium excretion the other major term. That is the two-part structure this row and RN.URINE.SOLUTE_NONNA implement. || ROUNDED 2026-09-09 TO MEASUREMENT PRECISION at the owner's instruction. Nothing physiological in this model is measured to more than four significant figures, and trailing zeros on a whole number read as precision that is not there. The discarded digits were floating-point residue from the derivation, not information. Directive 1.13."
RN.URINE.SOLUTE_NONNA,"Non-sodium urinary solute load, held constant",Osm_nonNa,mOsm/day,520,none,,renal,B,"Derived from RN.URINE.SOLUTE_LOAD, RN.URINE.OSM_PER_NA and BF.NA.INTAKE_NOMINAL.",,derived,human,both,sprint2,2026-08-27,"DERIVED, and it is a RESIDUAL rather than a measurement: SOLUTE_NONNA = RN.URINE.SOLUTE_LOAD - RN.URINE.OSM_PER_NA * BF.NA.INTAKE_MID = 600.0 - 2.0 * 154.0 = 292.0 mOsm/day. It stands for urea plus potassium salts plus everything else, all held constant. WHY IT IS DEFINED THIS WAY. RN.URINE.SOLUTE_LOAD is load-bearing: ADH.URINE.OSM_MAX, ADH.URINE.OSM_BASELINE and ADH.OSM.SENSITIVITY are all derived from it and four closure checks depend on it. Making the solute load track sodium must therefore leave the REFERENCE load untouched, or every derived ADH constant and every steady state moves. Pinning the residual so that total load returns exactly 600.0 at the mid salt arm (154 mEq/day) achieves that: the mid arm is unchanged to the last digit and only the high and low arms move. INHERITED DEBT, STATED PLAINLY: 292 mOsm/day is almost certainly TOO LOW for the non-sodium fraction. Urea alone is normally the largest single contributor to urine osmolality (Alwis 2020) and potassium salts add roughly another 100-120 mOsm/day, so a real non-sodium remainder on a Western diet is nearer 400-500. The residual is small because the parent RN.URINE.SOLUTE_LOAD = 600 mOsm/day is itself an unsourced conventional figure that is low for a 154 mEq/day sodium intake - typical measured totals are 700-900. THIS ROW DOES NOT FIX THAT AND MUST NOT BE READ AS FIXING IT. Correcting the total would move U_max, U_base, k_adh and every steady state, and needs its own pre-registered extraction. What this row does is make the load RESPOND to salt, which it previously did not do at all. Tier C, inherited from the parent. || ROUNDED 2026-09-09 TO MEASUREMENT PRECISION at the owner's instruction. Nothing physiological in this model is measured to more than four significant figures, and trailing zeros on a whole number read as precision that is not there. The discarded digits were floating-point residue from the derivation, not information. Directive 1.13. || RE-DERIVED 2026-09-16 AGAINST THE SOURCED TOTAL, AND THE PIN MOVED FROM THE MID ARM TO THE NOMINAL ARM. 930 - 2*205 = 520 mOsm/day. It was 292, pinned so the total returned 600 at 154 mEq/day while the model runs at 205 - see the Half A note on RN.URINE.SOLUTE_LOAD. || THE INHERITED DEBT THIS ROW DECLARED IS NOW DISCHARGED. Its own text said 292 was 'almost certainly TOO LOW', that urea is normally the largest single contributor and potassium salts add another 100-120 mOsm/day, and that a real remainder is 'nearer 400-500'. Kitada measures urea at 4.1 and potassium at 1.1 mmol/kg/day, which at 83 kg is 340 mOsm/day of urea and 182 of potassium salts. || IT IS STILL A RESIDUAL AND IT IS STILL HELD CONSTANT, AND THE SECOND HALF OF THAT IS NOW MEASURABLY WRONG. In the source the non-sodium remainder FALLS from 7.08 to 6.58 mOsm/kg/day as salt goes 6 -> 12 g/day, because urine urea concentration falls 13.9 percent - the natriuretic-ureotelic pattern the paper is about. So the true slope of total osmolar excretion against excreted sodium is about 1.5 mOsm/mEq, where this model uses 2.0 and holds the rest fixed. ACROSS ITS OWN SALT ARMS THE MODEL THEREFORE OVER-RESPONDS ON THE SOLUTE LIMB BY ROUGHLY 30 PERCENT: 204 mOsm/day of swing from 205 to 103 mEq/day where the data imply about 157. Not built, because the dependence would need a urea-recycling or glucocorticoid mechanism with no sourced form and this pass pre-registered none. It is now a NUMBER rather than an unknown."
RN.URINE.SOLUTE_NONNA_SLOPE,Non-sodium urinary solute response to sodium excretion,k_nonNa,mOsm/(kg*mEq),-0.0049,none,,renal,B,"Kitada K, Daub S, Zhang Y, Klein JD, Nakano D, Pedchenko T, Lantier L, LaRocque LM, Marton A, Neubert P, Schroeder A, Rakova N, Jantsch J, Dikalova AE, Dikalov SI, Harrison DG, Mueller DN, Nishiyama A, Rauh M, Harris RC, Luft FC, Wassermann DH, Sands JM, Titze J. High salt intake reprioritizes osmolyte and energy metabolism for body fluid conservation. J Clin Invest 2017;127(5):1944-1959. doi:10.1172/JCI88532. PMID 28414295. PMC5409074. OPEN ACCESS, FULL TEXT READ - it is already the citation on RN.URINE.SOLUTE_LOAD. 10 healthy men, 739 complete 24 h collections. THE NON-SODIUM REMAINDER FALLS FROM 7.08 TO 6.58 mOsm/kg/day as salt intake goes 6 -> 12 g/day NaCl, because urine urea concentration falls 13.9 percent - the natriuretic-ureotelic pattern the paper is about.",10.1172/JCI88532,derived,human,both,claude-session12,2026-09-17,"DERIVED FROM TWO REPORTED VALUES. -0.50 mOsm/kg/day across a 102 mmol/day change in salt intake gives -0.004902, entered as -0.0049. TWO SIGNIFICANT FIGURES AND NOT MORE: the inputs are 7.08 and 6.58, three figures each, and their DIFFERENCE of 0.50 carries two. Directive 1.13. || WHAT IT FIXES. RN.URINE.SOLUTE_NONNA's note has recorded since 2026-09-16 that holding the non-sodium remainder CONSTANT makes this model over-respond on the solute limb by roughly 30 percent - 204 mOsm/day of swing across its own salt arms where the data imply about 157. That note said the dependence was 'not built, because it would need a urea-recycling or glucocorticoid mechanism with no sourced form'. THIS ROW DOES NOT BUILD THAT MECHANISM. It is the measured empirical SLOPE, which is the shape RN.GFR.VOLUME_SENSITIVITY already has. || THE MECHANISM IS UNSOURCED AND THAT IS NOT A FORMALITY. Kitada attributes the fall to urea recycling under glucocorticoid control; this row asserts only that the remainder falls with salt intake at the measured rate, across the 6-12 g/day range the source tested. OUTSIDE THAT RANGE IT IS AN EXTRAPOLATION, and the model's own arms - 103 to 205 mmol/day - sit inside it by construction, because they ARE 6 and 12 g/day. || EXTENSIVE, PER KILOGRAM, because urea production tracks lean mass, exactly as RN.URINE.SOLUTE_NONNA already scales. At the 70 kg reference this is -0.343 mOsm/day per mEq/day, so the NET slope of total osmolar excretion against sodium becomes 2.0 - 0.343 = 1.66 against the earlier note's rough estimate of 1.5. || IT IS ZERO AT THE REFERENCE BY CONSTRUCTION. The term is k*(Na_excr - Na_excr_ref), so RN.URINE.SOLUTE_LOAD returns exactly 930 mOsm/day at nominal intake and every ADH constant derived from that total is untouched. validation/solute_limb_prereg.md branch U2: if any of them moves, the TERM is written wrongly and the term gets fixed, not the constants. || RN.URINE.OSM_PER_NA STAYS 2.0. That is charge balance - sodium and its anion - and it is sourced. Folding this slope into it would make the arithmetic come out and destroy the meaning of a sourced coefficient. Failure mode 11."
CV.HR.NOMINAL,"Resting heart rate, supine",HR0,1/min,62,sd,8.9,cardiovascular,B,"Gonzales TI, Jeon JY, Lindsay T, Westgate K, Perez-Pozuelo I, Hollidge S, Wijndaele K, Rennie K, Forouhi N, Griffin S, Wareham N, Brage S. Resting heart rate is a population-level biomarker of cardiorespiratory fitness: the Fenland Study. PLoS One 2023;18(5):e0285272.",,derived,human,male,claude-session6,2026-08-27,"PRECISION: rounded to 2 significant figures on 2026-08-27. The sources do not support more, and carrying digits that do not exist forced the closure gate and the test suite to chase arithmetic noise. Derived rows inherit the significant figures of their inputs and are rounded to match; the closure tolerance was moved to 1e-3 in the same change, which is still an order of magnitude tighter than the 6% error that motivated that gate. || SUPINE resting heart rate. The Fenland Study reports a POOLED supine mean of 63.5 +/- 8.9 bpm across 10865 adults aged 29-65 (5722 women, 5143 men), and separately that 'on average, RHR was 3 bpm higher in women compared to men'. Solving those two statements with the exact group sizes gives male 61.9201 and female 64.9201. DERIVED, not read off: the paper does not tabulate sex-stratified supine means in the text, so this is arithmetic on two reported quantities. CAVEAT, RECORDED: the 3 bpm sentence says 'RHR' without naming a posture, and the paper reports three (seated 67.6, supine 63.5, sleeping 56.9). It is applied to supine here because supine is the posture this model uses, but if the difference is in fact a seated or pooled-across-posture figure the split is misattributed. The POOLED value is solid; the SPLIT carries this caveat. SUPINE IS THE POSTURE THE MODEL NEEDS: CV.CO.NOMINAL is itself derived from the conventional resting 5 L/min, which is a supine figure. Measured by chest sensor after at least 1 h rest, value taken from the final 3 min of a 6 min recording - a better-defined resting condition than a clinic pulse. COHORT: general population recruited from GP lists in Cambridgeshire, NOT health-screened. Uncertainty carries the POOLED SD; the paper gives no sex-stratified SD. CORROBORATION SEARCHED FOR AND NOT FOUND, recorded so it is not re-searched: three query families over resting heart rate by sex - reference/normal values, sex-differences, and population cohorts - returned risk-association studies (RHR as a predictor of stroke, cancer mortality, atrial fibrillation) rather than reference-value studies reporting sex-stratified resting means. This is a SINGLE-SOURCE pair and pooling.md rule 6 applies: say so, do not dress it as consensus. It is still better than the shared male-nominal value it replaces, because the pairing rule makes the female case explicit rather than implicit. || ROUNDED 2026-09-09 TO MEASUREMENT PRECISION at the owner's instruction. Nothing physiological in this model is measured to more than four significant figures, and trailing zeros on a whole number read as precision that is not there. The discarded digits were floating-point residue from the derivation, not information. Directive 1.13."
CV.HR.NOMINAL,"Resting heart rate, supine",HR0,1/min,65,sd,8.9,cardiovascular,B,"Gonzales TI, Jeon JY, Lindsay T, Westgate K, Perez-Pozuelo I, Hollidge S, Wijndaele K, Rennie K, Forouhi N, Griffin S, Wareham N, Brage S. Resting heart rate is a population-level biomarker of cardiorespiratory fitness: the Fenland Study. PLoS One 2023;18(5):e0285272.",,derived,human,female,claude-session6,2026-08-27,"PRECISION: rounded to 2 significant figures on 2026-08-27. The sources do not support more, and carrying digits that do not exist forced the closure gate and the test suite to chase arithmetic noise. Derived rows inherit the significant figures of their inputs and are rounded to match; the closure tolerance was moved to 1e-3 in the same change, which is still an order of magnitude tighter than the 6% error that motivated that gate. || SUPINE resting heart rate. The Fenland Study reports a POOLED supine mean of 63.5 +/- 8.9 bpm across 10865 adults aged 29-65 (5722 women, 5143 men), and separately that 'on average, RHR was 3 bpm higher in women compared to men'. Solving those two statements with the exact group sizes gives male 61.9201 and female 64.9201. DERIVED, not read off: the paper does not tabulate sex-stratified supine means in the text, so this is arithmetic on two reported quantities. CAVEAT, RECORDED: the 3 bpm sentence says 'RHR' without naming a posture, and the paper reports three (seated 67.6, supine 63.5, sleeping 56.9). It is applied to supine here because supine is the posture this model uses, but if the difference is in fact a seated or pooled-across-posture figure the split is misattributed. The POOLED value is solid; the SPLIT carries this caveat. SUPINE IS THE POSTURE THE MODEL NEEDS: CV.CO.NOMINAL is itself derived from the conventional resting 5 L/min, which is a supine figure. Measured by chest sensor after at least 1 h rest, value taken from the final 3 min of a 6 min recording - a better-defined resting condition than a clinic pulse. COHORT: general population recruited from GP lists in Cambridgeshire, NOT health-screened. Uncertainty carries the POOLED SD; the paper gives no sex-stratified SD. CORROBORATION SEARCHED FOR AND NOT FOUND, recorded so it is not re-searched: three query families over resting heart rate by sex - reference/normal values, sex-differences, and population cohorts - returned risk-association studies (RHR as a predictor of stroke, cancer mortality, atrial fibrillation) rather than reference-value studies reporting sex-stratified resting means. This is a SINGLE-SOURCE pair and pooling.md rule 6 applies: say so, do not dress it as consensus. It is still better than the shared male-nominal value it replaces, because the pairing rule makes the female case explicit rather than implicit. || ROUNDED 2026-09-09 TO MEASUREMENT PRECISION at the owner's instruction. Nothing physiological in this model is measured to more than four significant figures, and trailing zeros on a whole number read as precision that is not there. The discarded digits were floating-point residue from the derivation, not information. Directive 1.13."
CV.SV.NOMINAL,Stroke volume at the nominal operating point,SV0,mL,89,sd,20.0,cardiovascular,A,"Petersen SE, Aung N, Sanghvi MM, Zemrak F, Fung K, Paiva JM, Francis JM, Khanji MY, Lukaschuk E, Lee AM, Carapella V, Kim YJ, Leeson P, Piechnik SK, Neubauer S. Reference ranges for cardiac structure and function using cardiovascular magnetic resonance (CMR) in Caucasians from the UK Biobank population cohort. J Cardiovasc Magn Reson 2017;19(1):18.",10.1186/s12968-017-0327-9,reported,human,male,sprint3,2026-09-01,"SOURCED 2026-09-01, AND THE DEPENDENCY NOW RUNS THE WAY THE MEASUREMENT DOES. Was 80.7 / 77.0 mL, DERIVED from CV.CO.NOMINAL and CV.HR.NOMINAL - a measured quantity computed from an `assumed` one whose citation was empty. Pre-re-registered in validation/dependency_inversion_prereg.md, which was committed BEFORE any paper was opened and sits immediately before this change in main's history. NO COMMIT SHA IS CITED, DELIBERATELY - rebase-merge rewrites it and every such citation already in this ledger points at a commit main does not contain. Verify the ordering instead: git log --diff-filter=A -- validation/dependency_inversion_prereg.md. HANDOVER section 4 item 1. NOW REPORTED: Petersen 2017, UK Biobank CMR. Left ventricular stroke volume 96 +/- 20 mL in 368 men. Cohort: 804 participants remaining after exclusion for non-Caucasian ethnicity, known cardiovascular disease and any condition affecting chamber size or function, of whom 800 (368 men, 432 women) have ventricular measurements. Ages 45-74. SINGLE SOURCE, k = 1, pooling.md rule 6 - stated plainly and not dressed as consensus. TECHNIQUE, RECORDED BECAUSE IT IS NOT INTERCHANGEABLE. Cardiovascular magnetic resonance, steady-state free precession at 1.5 T, manual contouring, PAPILLARY MUSCLES AND TRABECULATIONS INCLUDED IN THE LV VOLUME. Zhan 2024 (Circ Cardiovasc Imaging 2024;17(2):e016090, 254 studies screened, 12,812 healthy adults) exists because that convention moves LV volumes, and it pools the two conventions SEPARATELY rather than across them. pooling.md prohibits pooling across incompatible measurement methods, so this row is single-source BY RULE and not by neglect. WHAT WAS SCREENED AND WHY IT WAS NOT USED, so the next attempt does not repeat it. (1) Zhan 2024, the meta-analysis pooling.md rule 1 would have preferred: reports lower and upper reference LIMITS, indexed to body surface area. range-midpoint is prohibited for new entries and the model carries no BSA, so it fails twice. (2) Luu 2022, Canadian Alliance for Healthy Hearts and Minds (J Cardiovasc Magn Reson 2022;24(1):2), n = 3206, multi-ethnic, anatomically correct contouring - LARGER AND BETTER DESIGNED THAN THE ROW ADOPTED, and reports LVSV INDEXED ONLY (46 +/- 8 male, 42 +/- 7 female mL/m2). Converting it needs a BSA formula, which this model does not carry and which the pre-registration explicitly refused to introduce as a side effect. It also contours papillary muscles into LV MASS rather than volume, so it could not be pooled with Petersen in any case. (3) Patel 2021 WASE (PMID 34044105) paywalled, no numbers in the abstract - recorded against CV.CO.NOMINAL since 2026-08-31 and still unopened. (4) Addetia 2022 WASE 3D echo (J Am Soc Echocardiogr 2022;35(5):449-459), n = 1589 - indexed only, and 3D echo is a different technique. (5) Salton 2002 Framingham Offspring (n = 142) and Le Ven 2016 (n = 434, mean age 26) - both report the direction but not absolute stroke volume in the record read. NOT NORMALISED TO THE REFERENCE MASS, AND THAT IS RECORDED DEBT RATHER THAN A CHOICE. This value is EXTENSIVE and is multiplied by size_factor = body_mass / BF.BODY_MASS.REFERENCE, so it should be stated at 70 kg. Petersen reports body weight by AGE GROUP (71, 71, 69 kg) but NOT by sex, so the cohort mean is essentially the reference mass while the male and female subgroups plainly are not. The pre-registration fixed the rule in advance: normalise where cohort mass is reported by sex, otherwise enter as reported and record the mismatch. So this pair still carries a body-size component, and in the ensemble - where mass is sampled by sex - that component is counted twice. Fixing it needs sex-stratified cohort mass or a BSA row. AND THE PREDICTION FIXED IN ADVANCE WAS HALF WRONG, WHICH IS THE USEFUL PART. The previous note on this row cited Katori 1979 for NO significant sex difference in stroke INDEX and concluded the dimorphism is body size, not the heart. Petersen indexes to BSA and the difference SURVIVES: 49 +/- 10 male against 45 +/- 8 female mL/m2, a 9% male excess where the absolute difference is 28%. Luu 2022 finds the same on 3206 people (46 vs 42), Salton 2002 states volumetric measures remain greater in men after BSA adjustment, and Le Ven 2016 states all gender differences remained after normalisation. Four independent cohorts. So body size carries roughly two thirds of the difference and about a third is not size - the pair was expected to collapse the way ECF per kg did when blood volume and haematocrit were sourced, and it does not. || ROUNDED 2026-09-09 TO MEASUREMENT PRECISION at the owner's instruction. Nothing physiological in this model is measured to more than four significant figures, and trailing zeros on a whole number read as precision that is not there. The discarded digits were floating-point residue from the derivation, not information. Directive 1.13. || DE-INDEXED 2026-09-16, deindexing_prereg.md Stage 2, AND IT NEEDED NO NEW SOURCE. 96 -> 89 mL (male), 75 -> 79 (female). Petersen reports the SAME cohort both ways - absolute 96 and 75 mL, indexed 49 +/- 10 and 45 +/- 8 mL/m2 - so the implied cohort body surface area is their quotient: 1.959 m2 in the men and 1.667 in the women. The model's reference individual has 1.824 and 1.751. The entered value is now the indexed figure at the model's own reference body, 49 x 1.824 and 45 x 1.751, at the two significant figures the indexed pair carries. || THIS ROW DESCRIBED ITS OWN DEFECT AND THE FIX IS THE ONE IT ASKED FOR. Its previous note: 'this pair still carries a body-size component, and in the ensemble - where mass is sampled by sex - that component is counted twice. Fixing it needs sex-stratified cohort mass or a BSA row.' The BSA row landed on 2026-09-05 and did nothing for eleven days. || THE PRE-REGISTERED PREDICTION HELD, AND IT COULD HAVE FAILED. deindexing_prereg.md section 6 fixed in advance that the male value must move DOWN and the female UP, because the reference mass is 70 kg for both sexes - light for a man, heavy for a woman. Measured: -6.9 and +5.0 percent. Had both moved the same way the reference BSA pair would have been wrong and branch B5 would have stopped the stage. || AND IT HALVES THE APPARENT SEX DIFFERENCE. The absolute pair carried 28 percent, of which Petersen's own indexing says 9 percent survives body size. This pair carries 13 percent - the indexed 9 plus the 4 percent difference in reference surface area, which is height alone at a shared 70 kg. The rest was Petersen's men being larger than Petersen's women, which the ensemble was already counting through sexed mass sampling. || WHAT IS UNCHANGED: the source, the cohort, the technique and the screening record. Luu 2022 is still unusable - it contours papillary muscles into LV MASS rather than volume, so it cannot be pooled with Petersen whatever the indexing - and Zhan 2024 still reports reference LIMITS, which pooling.md prohibits for new entries. HANDOVER section 4 item 10 claimed BSA would unlock both. It unlocks neither."
CV.SV.NOMINAL,Stroke volume at the nominal operating point,SV0,mL,79,sd,14.0,cardiovascular,A,"Petersen SE, Aung N, Sanghvi MM, Zemrak F, Fung K, Paiva JM, Francis JM, Khanji MY, Lukaschuk E, Lee AM, Carapella V, Kim YJ, Leeson P, Piechnik SK, Neubauer S. Reference ranges for cardiac structure and function using cardiovascular magnetic resonance (CMR) in Caucasians from the UK Biobank population cohort. J Cardiovasc Magn Reson 2017;19(1):18.",10.1186/s12968-017-0327-9,reported,human,female,sprint3,2026-09-01,"SOURCED 2026-09-01, AND THE DEPENDENCY NOW RUNS THE WAY THE MEASUREMENT DOES. Was 80.7 / 77.0 mL, DERIVED from CV.CO.NOMINAL and CV.HR.NOMINAL - a measured quantity computed from an `assumed` one whose citation was empty. Pre-re-registered in validation/dependency_inversion_prereg.md, which was committed BEFORE any paper was opened and sits immediately before this change in main's history. NO COMMIT SHA IS CITED, DELIBERATELY - rebase-merge rewrites it and every such citation already in this ledger points at a commit main does not contain. Verify the ordering instead: git log --diff-filter=A -- validation/dependency_inversion_prereg.md. HANDOVER section 4 item 1. NOW REPORTED: Petersen 2017, UK Biobank CMR. Left ventricular stroke volume 75 +/- 14 mL in 432 women. Cohort: 804 participants remaining after exclusion for non-Caucasian ethnicity, known cardiovascular disease and any condition affecting chamber size or function, of whom 800 (368 men, 432 women) have ventricular measurements. Ages 45-74. SINGLE SOURCE, k = 1, pooling.md rule 6 - stated plainly and not dressed as consensus. TECHNIQUE, RECORDED BECAUSE IT IS NOT INTERCHANGEABLE. Cardiovascular magnetic resonance, steady-state free precession at 1.5 T, manual contouring, PAPILLARY MUSCLES AND TRABECULATIONS INCLUDED IN THE LV VOLUME. Zhan 2024 (Circ Cardiovasc Imaging 2024;17(2):e016090, 254 studies screened, 12,812 healthy adults) exists because that convention moves LV volumes, and it pools the two conventions SEPARATELY rather than across them. pooling.md prohibits pooling across incompatible measurement methods, so this row is single-source BY RULE and not by neglect. WHAT WAS SCREENED AND WHY IT WAS NOT USED, so the next attempt does not repeat it. (1) Zhan 2024, the meta-analysis pooling.md rule 1 would have preferred: reports lower and upper reference LIMITS, indexed to body surface area. range-midpoint is prohibited for new entries and the model carries no BSA, so it fails twice. (2) Luu 2022, Canadian Alliance for Healthy Hearts and Minds (J Cardiovasc Magn Reson 2022;24(1):2), n = 3206, multi-ethnic, anatomically correct contouring - LARGER AND BETTER DESIGNED THAN THE ROW ADOPTED, and reports LVSV INDEXED ONLY (46 +/- 8 male, 42 +/- 7 female mL/m2). Converting it needs a BSA formula, which this model does not carry and which the pre-registration explicitly refused to introduce as a side effect. It also contours papillary muscles into LV MASS rather than volume, so it could not be pooled with Petersen in any case. (3) Patel 2021 WASE (PMID 34044105) paywalled, no numbers in the abstract - recorded against CV.CO.NOMINAL since 2026-08-31 and still unopened. (4) Addetia 2022 WASE 3D echo (J Am Soc Echocardiogr 2022;35(5):449-459), n = 1589 - indexed only, and 3D echo is a different technique. (5) Salton 2002 Framingham Offspring (n = 142) and Le Ven 2016 (n = 434, mean age 26) - both report the direction but not absolute stroke volume in the record read. NOT NORMALISED TO THE REFERENCE MASS, AND THAT IS RECORDED DEBT RATHER THAN A CHOICE. This value is EXTENSIVE and is multiplied by size_factor = body_mass / BF.BODY_MASS.REFERENCE, so it should be stated at 70 kg. Petersen reports body weight by AGE GROUP (71, 71, 69 kg) but NOT by sex, so the cohort mean is essentially the reference mass while the male and female subgroups plainly are not. The pre-registration fixed the rule in advance: normalise where cohort mass is reported by sex, otherwise enter as reported and record the mismatch. So this pair still carries a body-size component, and in the ensemble - where mass is sampled by sex - that component is counted twice. Fixing it needs sex-stratified cohort mass or a BSA row. AND THE PREDICTION FIXED IN ADVANCE WAS HALF WRONG, WHICH IS THE USEFUL PART. The previous note on this row cited Katori 1979 for NO significant sex difference in stroke INDEX and concluded the dimorphism is body size, not the heart. Petersen indexes to BSA and the difference SURVIVES: 49 +/- 10 male against 45 +/- 8 female mL/m2, a 9% male excess where the absolute difference is 28%. Luu 2022 finds the same on 3206 people (46 vs 42), Salton 2002 states volumetric measures remain greater in men after BSA adjustment, and Le Ven 2016 states all gender differences remained after normalisation. Four independent cohorts. So body size carries roughly two thirds of the difference and about a third is not size - the pair was expected to collapse the way ECF per kg did when blood volume and haematocrit were sourced, and it does not. || ROUNDED 2026-09-09 TO MEASUREMENT PRECISION at the owner's instruction. Nothing physiological in this model is measured to more than four significant figures, and trailing zeros on a whole number read as precision that is not there. The discarded digits were floating-point residue from the derivation, not information. Directive 1.13. || DE-INDEXED 2026-09-16, deindexing_prereg.md Stage 2, AND IT NEEDED NO NEW SOURCE. 96 -> 89 mL (male), 75 -> 79 (female). Petersen reports the SAME cohort both ways - absolute 96 and 75 mL, indexed 49 +/- 10 and 45 +/- 8 mL/m2 - so the implied cohort body surface area is their quotient: 1.959 m2 in the men and 1.667 in the women. The model's reference individual has 1.824 and 1.751. The entered value is now the indexed figure at the model's own reference body, 49 x 1.824 and 45 x 1.751, at the two significant figures the indexed pair carries. || THIS ROW DESCRIBED ITS OWN DEFECT AND THE FIX IS THE ONE IT ASKED FOR. Its previous note: 'this pair still carries a body-size component, and in the ensemble - where mass is sampled by sex - that component is counted twice. Fixing it needs sex-stratified cohort mass or a BSA row.' The BSA row landed on 2026-09-05 and did nothing for eleven days. || THE PRE-REGISTERED PREDICTION HELD, AND IT COULD HAVE FAILED. deindexing_prereg.md section 6 fixed in advance that the male value must move DOWN and the female UP, because the reference mass is 70 kg for both sexes - light for a man, heavy for a woman. Measured: -6.9 and +5.0 percent. Had both moved the same way the reference BSA pair would have been wrong and branch B5 would have stopped the stage. || AND IT HALVES THE APPARENT SEX DIFFERENCE. The absolute pair carried 28 percent, of which Petersen's own indexing says 9 percent survives body size. This pair carries 13 percent - the indexed 9 plus the 4 percent difference in reference surface area, which is height alone at a shared 70 kg. The rest was Petersen's men being larger than Petersen's women, which the ensemble was already counting through sexed mass sampling. || WHAT IS UNCHANGED: the source, the cohort, the technique and the screening record. Luu 2022 is still unusable - it contours papillary muscles into LV MASS rather than volume, so it cannot be pooled with Petersen whatever the indexing - and Zhan 2024 still reports reference LIMITS, which pooling.md prohibits for new entries. HANDOVER section 4 item 10 claimed BSA would unlock both. It unlocks neither."
CV.SBP.CENTRAL_NOMINAL,"Central systolic blood pressure, nominal",SBP0,mmHg,109,none,,cardiovascular,A,"Gomez-Sanchez M, Gomez-Sanchez L, Patino-Alonso C, Recio-Rodriguez JI, Alonso-Dominguez R, Sanchez-Aguadero N, Sanchez CL, Sanchez ER, Garcia-Ortiz L, Gomez-Marcos MA. Reference values of central blood pressure and central haemodynamic parameters and their relationship with cardiovascular risk factors in a Spanish population: early vascular ageing study. J Hypertens 2021;39(11):2147-2156.",,reported,human,both,claude-session6,2026-08-27,"Central systolic, median. 501 adults WITHOUT cardiovascular disease, random sample stratified by age and sex, mean age 56, 50.3% women, SphygmoCor pulse wave analysis. CENTRAL (aortic) pressure, which is the pressure Chemla's SV/PP relation is defined on - not brachial. The paper reports all parameters greater in men except heart rate and ejection duration, so a male/female pair is available and is NOT entered here: the abstract gives pooled medians only, and a sexed pair must come from sex-stratified values rather than by splitting a median. MEDIAN, not mean - the paper reports medians. || ROUNDED 2026-09-09 TO MEASUREMENT PRECISION at the owner's instruction. Nothing physiological in this model is measured to more than four significant figures, and trailing zeros on a whole number read as precision that is not there. The discarded digits were floating-point residue from the derivation, not information. Directive 1.13."
CV.DBP.CENTRAL_NOMINAL,"Central diastolic blood pressure, nominal",DBP0,mmHg,76,none,,cardiovascular,A,"Gomez-Sanchez M, Gomez-Sanchez L, Patino-Alonso C, Recio-Rodriguez JI, Alonso-Dominguez R, Sanchez-Aguadero N, Sanchez CL, Sanchez ER, Garcia-Ortiz L, Gomez-Marcos MA. Reference values of central blood pressure and central haemodynamic parameters and their relationship with cardiovascular risk factors in a Spanish population: early vascular ageing study. J Hypertens 2021;39(11):2147-2156.",,reported,human,both,claude-session6,2026-08-27,"Central diastolic, median. 501 adults WITHOUT cardiovascular disease, random sample stratified by age and sex, mean age 56, 50.3% women, SphygmoCor pulse wave analysis. CENTRAL (aortic) pressure, which is the pressure Chemla's SV/PP relation is defined on - not brachial. The paper reports all parameters greater in men except heart rate and ejection duration, so a male/female pair is available and is NOT entered here: the abstract gives pooled medians only, and a sexed pair must come from sex-stratified values rather than by splitting a median. MEDIAN, not mean - the paper reports medians. || ROUNDED 2026-09-09 TO MEASUREMENT PRECISION at the owner's instruction. Nothing physiological in this model is measured to more than four significant figures, and trailing zeros on a whole number read as precision that is not there. The discarded digits were floating-point residue from the derivation, not information. Directive 1.13."
CV.PP.CENTRAL_NOMINAL,"Central pulse pressure, nominal",PP0,mmHg,33,none,,cardiovascular,A,Derived from CV.SBP.CENTRAL_NOMINAL and CV.DBP.CENTRAL_NOMINAL.,,derived,human,both,claude-session6,2026-08-27,"DERIVED: PP = SBP - DBP = 109 - 76 = 33 mmHg, which reproduces the central pulse pressure of 33 mmHg the paper reports independently. That agreement is a check on the extraction, not a coincidence. Closure constraint. || ROUNDED 2026-09-09 TO MEASUREMENT PRECISION at the owner's instruction. Nothing physiological in this model is measured to more than four significant figures, and trailing zeros on a whole number read as precision that is not there. The discarded digits were floating-point residue from the derivation, not information. Directive 1.13."
CV.PULSE.FORM_FACTOR,Fraction of pulse pressure lying BELOW mean pressure,k_form,unitless,0.3333,none,,cardiovascular,C,,,assumed,human,both,claude-session6,2026-08-27,"ASSUMED at the conventional one third, which is the familiar MAP = DBP + PP/3. Discharges the TODO in reconstruct.jl, which carried this as a HARDCODED default of 0.4 and demanded a ledger row before the function was used for anything - directive 1.4 is now satisfied. NAME AND JUSTIFICATION CORRECTED 2026-08-27; THE VALUE IS UNCHANGED AND WAS ALWAYS RIGHT. This row was entered as 'Fraction of pulse pressure lying ABOVE mean pressure', and 0.3333 is the fraction lying BELOW it. Against the tier A central pressures in this same ledger - SBP 109, DBP 76, PP 33, MAP 87 - the fraction above the mean is (109-87)/33 = 0.667 and the fraction below is (87-76)/33 = 0.333. The old note's reasoning was inverted in the same way: it said 'the fraction of pulse pressure above mean must be below 0.5 because diastole is longer than systole', and diastole being longer is exactly why MAP sits NEARER DIASTOLIC, which makes the fraction BELOW the mean the one that must be under 0.5. The 0.515 that exposed the brachial/central mixing was (93-76)/33, a below-mean fraction, so the impossibility argument itself was correct and only its label was wrong. WHY IT MATTERED. check_closure.py uses this row as MAP = DBP + k*PP, i.e. with the CORRECT below-mean meaning, and passes. reconstruct.jl defined its form_factor as the fraction ABOVE the mean and computed SBP = MAP + form_factor*PP. Wiring the ledger row into that function under the shared name 'form factor' would have produced SBP 98.0 and DBP 65.0 against the sourced 109 and 76 - both wrong by PP/3 = 11 mmHg, in opposite directions - and NO GATE WOULD HAVE CAUGHT IT, because the closure check never reaches reconstruct.jl. Found while connecting that file, not by any check. reconstruct.jl now takes k_below explicitly and names the convention in its signature. NOT CONSTANT IN REALITY, and reconstruct.jl calls treating it as constant the single largest error source in the reconstruction: it varies with heart rate, arterial stiffness, disease state, and - as the 87 versus 89.8 discrepancy shows - with measurement site. Source it before any claim about pulse pressure as an endpoint."
CV.ARTERIAL.COMPLIANCE,Total arterial compliance,C_art,mL/mmHg,2.697,none,,cardiovascular,B,Derived from CV.SV.NOMINAL and CV.PP.CENTRAL_NOMINAL; form validated by Chemla 1998.,,derived,human,male,sprint3,2026-09-01,"RECOMPUTED 2026-09-01 when CV.SV.NOMINAL was sourced. C_art = SV0 / PP0 = 96 / 33.0 = 2.909 mL/mmHg. Was 2.445. DERIVED, and this is why agreement with the sourced 109/76 is CONSISTENCY AND NOT VALIDATION: the compliance is defined so that the reconstruction returns the sourced pulse pressure at the nominal stroke volume. It cannot disagree at the operating point. What it can do is get the RESPONSE wrong, and that is what moves now - a larger stroke volume with a proportionally larger compliance leaves nominal PP identical while changing how PP responds to a volume excursion. The Chemla 1998 SV/PP estimator is defined on AORTIC pressure, which is why PP here is the central value. See CV.MAP.SETPOINT for what happened the last time a brachial number was mixed with a central one. || RE-DERIVED 2026-09-16 FROM THE DE-INDEXED CV.SV.NOMINAL, deindexing_prereg.md Stage 2. The derivation and its citation are unchanged; only the stroke volume it is evaluated at moved. 89/33 = 2.6970 mL/mmHg, the Chemla estimator SV/PP."
CV.ARTERIAL.COMPLIANCE,Total arterial compliance,C_art,mL/mmHg,2.394,none,,cardiovascular,B,Derived from CV.SV.NOMINAL and CV.PP.CENTRAL_NOMINAL; form validated by Chemla 1998.,,derived,human,female,sprint3,2026-09-01,"RECOMPUTED 2026-09-01 when CV.SV.NOMINAL was sourced. C_art = SV0 / PP0 = 75 / 33.0 = 2.273 mL/mmHg. Was 2.333. DERIVED, and this is why agreement with the sourced 109/76 is CONSISTENCY AND NOT VALIDATION: the compliance is defined so that the reconstruction returns the sourced pulse pressure at the nominal stroke volume. It cannot disagree at the operating point. What it can do is get the RESPONSE wrong, and that is what moves now - a larger stroke volume with a proportionally larger compliance leaves nominal PP identical while changing how PP responds to a volume excursion. The Chemla 1998 SV/PP estimator is defined on AORTIC pressure, which is why PP here is the central value. See CV.MAP.SETPOINT for what happened the last time a brachial number was mixed with a central one. || RE-DERIVED 2026-09-16 FROM THE DE-INDEXED CV.SV.NOMINAL, deindexing_prereg.md Stage 2. The derivation and its citation are unchanged; only the stroke volume it is evaluated at moved. 79/33 = 2.3939 mL/mmHg."
RN.GFR.VOLUME_RANGE,Fractional ECF volume half-span over which the GFR volume response is evidenced,dV_gfr_max,dimensionless,0.029,none,,renal,B,"van den Bosch JJJON, Hessels NR, Visser FW, Krikken JA, Bakker SJL, Riphagen IJ, Navis GJ. Plasma sodium, extracellular fluid volume, and blood pressure in healthy men. Physiol Rep 2021;9(24):e15103. doi:10.14814/phy2.15103. PMID 34921521. PMC8683787. n = 70 healthy normotensive men, crossover, 7 days per level, intake verified by 24 h urinary sodium (230 +/- 67 against 38 +/- 26 mmol/24 h). Table 1: ECFV 17.4 +/- 1.66 against 16.5 +/- 1.54 L/1.73 m2 by 125I-iothalamate, BSA 2.04 +/- 0.15 against 2.03 +/- 0.15. THE HALF-SPAN OF THE TESTED EXTRACELLULAR VOLUME RANGE, derived from those four numbers; the paper does not report it as a range. The derivation is validation/renal_hemodynamics_extract.py.",10.14814/phy2.15103,derived,human,both,claude-session8,2026-09-03,"THE CENSORING BOUND ON RN.GFR.VOLUME_SENSITIVITY, and it exists because a linear response has no support outside the volumes anyone measured. validation/renal_hemodynamics_prereg.md section 6 fixed this in advance: 'the functional form in this model is sourced only as a straight line between two measured intake levels, which is E2 inside the tested range and NOTHING AT ALL outside it, so the term is clamped to the pooled tested intake range, and that censoring is recorded on the row exactly as RN.AUTOREG.UPPER records its own.' This is that row. || THE DERIVATION. De-index each arm with its OWN body surface area, which is the correction HANDOVER section 3.12 records owing to ecf_salt_response_extract.py: high 17.4*2.04/1.73 = 20.518 L, low 16.5*2.03/1.73 = 19.361 L, mean 19.940, difference 1.157. The HALF-span about the mean is 0.5783/19.940 = 0.02900 -> 0.029. Two significant figures, per directive 1.9 and for the same reason RN.GFR.VOLUME_SENSITIVITY keeps two: the information is in a difference of two three-figure means and there is no third figure to keep. || IT IS A HALF-SPAN AND NOT A SPAN. The clamp is two-sided about the reference volume, so the bound is the distance from the mean to either arm, not the distance between the arms. Entering the span would double the evidenced range silently. || WHAT IT CENSORS, MEASURED RATHER THAN ASSERTED. The model's chronic salt step of 103-205 mEq/day moves ECF volume about 2.4 percent either side of reference, so this bound does NOT bind on the chronic protocol - it is inert there, which is the correct outcome for a range that brackets the tested one. It DOES bind on the acute challenges: 2 L of saline expands ECF by roughly 9 percent, three times the evidenced half-span, and without the clamp the model would extrapolate a chronic 7-day relationship into a region no source reaches. || THE TIMESCALE EXTRAPOLATION IS SEPARATE AND IS DECLARED, NOT BOUNDED BY THIS ROW. The source is chronic, 7 days per level, and the model applies the response algebraically and therefore instantly. Conlin 1993 (PMID 7503952) shows the renal response to volume expansion per se within 3-7 hours, by saline or dextran alike, so an instantaneous term is fast rather than backwards - but nothing here sources a time constant, and a lag was deliberately NOT added because its tau would be identified by nothing, which is the defect RN.ANP.TAU already carries. || SPECIES human and the cohort is MEN, inheriting the sex conflict recorded in full on RN.GFR.VOLUME_SENSITIVITY: Pechere-Bertschi 2002 finds no change in renal haemodynamics on high salt in the follicular phase in 35 normotensive women. If that row becomes a sexed pair this bound must be re-derived with it."
RESP.CO2.PRODUCTION,Resting metabolic carbon dioxide production,VCO2,L/min STPD,0.1824,range,0.1674-0.1824,respiratory,A,"DERIVED from RESP.METABOLIC_RATE through RESP.O2.CONSUMPTION: VCO2 = R * VO2 = 0.80 * 0.2280 = 0.1824 L/min. Sources on those rows. || McMurray RG, Soares J, Caspersen CJ, McCurdy T. Examining variations of resting metabolic rate of adults: a public health perspective. Med Sci Sports Exerc 2014;46(7):1352-8. doi:10.1249/MSS.0000000000000232. PMID 24300125. PMC4535334. READ IN FULL. 197 studies, 397 publication estimates, INVERSE-VARIANCE WEIGHTED. Its stated purpose is to test the 1.0 kcal/kg/h metabolic-equivalent convention, which is directive 1.12's exact subject rather than an incidental finding, and its conclusion is that the convention overestimates resting metabolic rate by about 10 percent in men and almost 15 percent in women. || THE STRATUM USED IS NORMAL WEIGHT: men 0.960 (95% CI 0.934-0.985), women 0.926 (0.908-0.945), averaged unweighted to 0.943. || THE ALTERNATIVE, RECORDED SO THE CHOICE IS VISIBLE: the all-BMI means, men 0.892 (0.872-0.912) and women 0.839 (0.825-0.853), averaging 0.866. The two differ by 8 percent. Normal weight is chosen because this model's reference individual is a healthy 70 kg adult and the all-BMI means pool in overweight and obese subgroups whose metabolic rate per kilogram is lower for reasons - fat mass is metabolically less active - that a model with no body composition cannot represent. Fixed in validation/metabolic_rate_prereg.md section 3 BEFORE any consequence for the model was computed.",10.1249/MSS.0000000000000232,derived,human,both,claude-session9,2026-09-05,"ASSUMED, AND IT IS A ROUND TEACHING NUMBER, which directive 1.12 says to treat as presumptively unsourced. Entered assumed rather than reported exactly as validation/respiratory_prereg.md section 3 requires. || WHAT WAS SEARCHED AND WHY EVERY HIT WAS INADMISSIBLE, recorded so it is not repeated: resting metabolic rate / indirect calorimetry / reference values returns prepubertal children, chronic kidney disease patients, and hand-held calorimeter VALIDATION studies. The last are directive 1.7's instrument-not-subject trap - the paper exists to characterise a device, not resting metabolism. || WHAT IT AFFECTS. It sets the metabolic load the respiratory loop balances, and through RESP.VENTILATION.BASAL it sets resting ventilation and therefore respiratory water loss. It does NOT set resting PaCO2, which is an INPUT under the ADR 0017 amendment. || A SOURCED VALUE WOULD MOVE THE WATER SPLIT. V_basal is proportional to this row, so a 20 percent error here is a 20 percent error in respiratory water loss and an offsetting one in the cutaneous residual. || NO LONGER ASSUMED, 2026-09-05: 0.20 -> 0.1824 L/min, a fall of 8.8 percent. The old value was the round teaching number this row's own note already flagged, and the search it records as failing - 'resting metabolic rate / indirect calorimetry / reference values returns prepubertal children, chronic disease...' - missed a weighted meta-analysis of 197 studies whose subject IS that convention. || THE UNCERTAINTY RANGE IS THE STRATUM CHOICE, not a confidence interval: 0.1674 is what the all-BMI means give and 0.1824 the normal-weight means. That is far wider than either stratum's own CI and is the honest statement of what is uncertain here. || A SEXED PAIR IS SUPPORTED BY THE SOURCE AND DELIBERATELY NOT TAKEN. This row drives basal ventilation, which drives the respiratory water flux, whose residual closes against BF.H2O.INSENSIBLE_LOSS - assumed, 0.8 L/day, and unsexed. Sexing one half against an unsexed total either invents a sexed total or puts the entire sex difference into the cutaneous residual, and neither is sourced. Recorded per metabolic_rate_prereg.md section 4 rather than taken. || PRECISION RAISED 2026-09-05: this is a DERIVED row closing an identity, so it carries every digit the arithmetic gives rather than the significant figures of the measurement behind it - the exemption pooling.md records, and the lesson CV.CO.NOMINAL wrote down. Rounding it to four figures put arterial PCO2 out by 1 part in 10,000, which the suite caught. The MEASUREMENT it descends from, RESP.METABOLIC_RATE, stays at the three figures its source reports. || ROUNDED 2026-09-09 TO MEASUREMENT PRECISION at the owner's instruction. Nothing physiological in this model is measured to more than four significant figures, and trailing zeros on a whole number read as precision that is not there. The discarded digits were floating-point residue from the derivation, not information. Directive 1.13."
RESP.DEADSPACE.FRACTION,Physiological dead space as a fraction of tidal volume,Vd_Vt,dimensionless,0.30,none,,respiratory,C,No admissible source could be opened. See notes.,,assumed,human,both,claude-session8,2026-09-04,"ASSUMED, AND A ROUND TEACHING NUMBER. Directive 1.12. || WHAT WAS SEARCHED: dead space / tidal volume / healthy / rest returns chronic heart failure, pneumoconiosis, dyspnoea evaluation and INCREMENTAL EXERCISE protocols. validation/respiratory_prereg.md section 2 excludes exercise and disease, fixed before the search ran. || INTENSIVE - a fraction does not scale with body size. || IT ENTERS ONLY THROUGH V_A = (1 - Vd/Vt) * V_E, so it and RESP.CO2.PRODUCTION are NOT separately identifiable from resting data: only the ratio VCO2/(1 - Vd/Vt) is. Recorded because a future sourcing pass on either must know that."
RESP.ALVEOLAR.K,Alveolar ventilation equation constant,K_alv,mmHg,862.9,none,,respiratory,A,Derived. See notes for the full derivation.,,derived,human,both,claude-session8,2026-09-04,"PaCO2 = K * VCO2(STPD) / V_A(BTPS), with both flows in L/min and PaCO2 in mmHg. ARITHMETIC ON PHYSICAL CONSTANTS, NOT A MEASUREMENT, so it carries a derivation rather than a citation - the RN.NA.FRACTIONAL_REABSORPTION precedent. || THE DERIVATION. Dry barometric pressure is 760.0 - 47.0 = 713.0 mmHg. The STPD to BTPS conversion is (310.15/273.15) x (760/713) = 1.2103. K = 1.2103 x 713.0 = 862.9. || TWO ASSUMPTIONS AND THEY ARE THE MODEL'S LIMITS: sea-level barometric pressure, and water vapour saturated at 37 C. ADR 0017 already confines this model to sea level by omitting the hypoxic drive; this is the second place that binds. A model at altitude needs this row recomputed AND a hypoxic drive added."
RESP.CHEMO.CO2_SLOPE,Ventilatory sensitivity to CO2 above the recruitment threshold,S_co2,L/min/mmHg,1.800,iqr,1.107-2.306,respiratory,B,"Mannee DC, Fabius TM, Wagenaar M, Eijsvogel MMM, de Jongh FHC. Reproducibility of hypercapnic ventilatory response measurements with steady-state and rebreathing methods. ERJ Open Res 2018;4(1):00141-2017. doi:10.1183/23120541.00141-2017. PMID 29492407. PMC5824331. OPEN ACCESS, full text and tables read. 20 healthy adults, steady-state and rebreathing on two separate days. Table 1 reports MEDIAN (IQR).",10.1183/23120541.00141-2017,reported,human,both,claude-session8,2026-09-04,"THE SLOPE ABOVE THE VENTILATORY RECRUITMENT THRESHOLD, which is the quantity the paper reports - its own words are 'the sensitivity to carbon dioxide above the ventilatory recruitment threshold'. That matches the piecewise structure ADR 0017's amendment adopts. || CONVERSION. Table 1, steady-state, measurement 1: median 13.5 (IQR 8.3-17.3) L/min/kPa. Divided by 7.5006157584566 mmHg/kPa gives 1.800 (1.107-2.306) L/min/mmHg. || STEADY-STATE TAKEN, AND THE PAPER'S HEADLINE ARGUES AGAINST IT, so the reasoning is on the row. Mannee concludes rebreathing is reproducible and steady-state is not - ICC 0.90 against 0.49. The pre-registration preferred steady-state on VALIDITY grounds, because this model is quasi-static and a rebreathing transient is the wrong instrument. THE CONFLICT RESOLVES BECAUSE AN ICC AND A GROUP MEDIAN ARE DIFFERENT QUANTITIES: an ICC asks whether ONE PERSON'S measurement repeats, this ledger stores a population central value, and the steady-state medians on the two days are 13.5 and 13.4 - stable to 0.7 percent while the individual ICC is 0.49. No deviation from the pre-registration was needed. The two methods also agree on the central value to 5 percent (13.5 against 12.9). || THE IQR IS WIDE AND REAL. The ventilatory response to CO2 varies several-fold between healthy people. Not narrowed by selection, per the pre-registration. || EXTENSIVE - it is a ventilation per mmHg and ventilation scales with body size. || DIRECTIVE 1.7 DISQUALIFIED ALMOST THE ENTIRE LITERATURE HERE. A search for this slope returns remifentanil, alfentanil, midazolam, propofol, clonidine, diphenhydramine, buprenorphine and etomidate. In every one the CO2 response is the INSTRUMENT used to measure a drug's respiratory depression, not the subject."
RESP.CHEMO.VRT,Ventilatory recruitment threshold for CO2,VRT,mmHg,45.28,se,0.75,respiratory,B,"Mateika JH, Ellythy M. Chemoreflex control of ventilation is altered during wakefulness in humans with OSA. Respir Physiol Neurobiol 2003;138(1):45-57. doi:10.1016/s1569-9048(03)00174-5. PMID 14519377. ABSTRACT ONLY - not open access, no PMC record, Europe PMC isOpenAccess=N. n = 8 healthy MATCHED CONTROLS, awake, matched to an OSA group for gender, race, age, height and weight. The controls are the admissible arm; the OSA arm is excluded as disease by validation/respiratory_prereg.md section 2.",10.1016/s1569-9048(03)00174-5,reported,human,both,claude-session8,2026-09-04,"THE CO2 TENSION AT WHICH VENTILATION BEGINS TO RISE. Below it ventilation is flat and NON-ZERO; above it the chemoreflex is recruited. Mateika's definition is 'the point at which ventilation and PETCO2 increased linearly'. || THE HYPEROXIC VALUE IS TAKEN AND THAT IS A DELIBERATE MATCH TO THE MODEL. Mateika reports 45.28 +/- 0.75 at PETO2 140 mmHg and 41.05 +/- 0.67 at PETO2 50 mmHg in the same controls. Hyperoxia suppresses the peripheral chemoreceptors and isolates the central reflex, and ADR 0017 OMITS the hypoxic drive - so the hyperoxic preparation is the one that matches what this model represents. A model that later adds a peripheral drive must revisit this row and take the normoxic value instead. || DISPERSION IS +/- 0.75 AS PRINTED and the paper's own convention is not stated in the abstract; it is recorded as `se` because the value is small relative to the mean for n = 8 and the paper reports group comparisons. THAT IS AN INFERENCE ABOUT A NOTATION, NOT A READING, and it is flagged rather than presented as certain. || THIS ROW IS WHAT FALSIFIED ADR 0017'S ORIGINAL DECISION 1. At 45.28 it sits ABOVE normal resting PaCO2 of about 40, so at rest the central chemoreflex is BELOW its own recruitment threshold and is not the operative control. A model deriving resting PaCO2 from the chemoreflex derives it from a mechanism not yet recruited. || ABSTRACT ONLY. The full text is paywalled, so the piecewise fit's own details could not be read. Institutional access would settle whether the sub-threshold limb is flat or merely shallow. || INTENSIVE - a partial pressure."
RESP.CO2.ARTERIAL_RESTING,Resting arterial carbon dioxide tension at sea level,PaCO2_rest,mmHg,40,none,,respiratory,C,"NOT SOURCED. The correct source was identified and could not be opened: Crapo RO, Jensen RL, Hegewald M, Tashkin DP. Arterial blood gas reference values for sea level and an altitude of 1,400 meters. Am J Respir Crit Care Med 1999;160(5 Pt 1):1525-31. doi:10.1164/ajrccm.160.5.9806006. PMID 10556115. Healthy LIFETIME NONSMOKERS, n = 96 at sea level, ages 18-81, 166 male and 173 female across both sites, duplicate analysis on two analysers, reference EQUATIONS fitted. Europe PMC reports isOpenAccess=N and no PMC record, and the abstract gives equations rather than values.",10.1164/ajrccm.160.5.9806006,assumed,human,both,claude-session8,2026-09-04,"ASSUMED AT THE CONVENTIONAL 40 mmHg, AND THIS IS THE ROW THE PRE-REGISTRATION SAID TO WATCH. Section 3 of validation/respiratory_prereg.md names 40 mmHg specifically as the number the model must not be tuned to produce. || IT IS NOT TUNED TO IT. Under ADR 0017's amendment resting PaCO2 is an INPUT and not a prediction, so the model makes NO CLAIM to reproduce it. That is a REDUCTION in what is claimed, made deliberately and stated here, and it is the reason entering a conventional value does not create the circularity section 7 of that document warns about. Nothing downstream is calibrated against it. || WHY THE INVERSION. HANDOVER section 3.6's lesson is to derive from the quantity that is actually MEASURED. Resting arterial PCO2 is among the best-characterised quantities in human physiology; resting basal ventilation is not, and the only sub-threshold ventilation found comes from a rebreathing protocol after voluntary hyperventilation - using it gives a resting PaCO2 of 22.8 mmHg. || TIER C AND assumed UNTIL CRAPO IS OPENED. That paper would supply a mean, a dispersion and an AGE TREND, none of which this row has. Obtaining it is the single highest-value respiratory follow-up. || INTENSIVE. || ROUNDED 2026-09-09 TO MEASUREMENT PRECISION at the owner's instruction. Nothing physiological in this model is measured to more than four significant figures, and trailing zeros on a whole number read as precision that is not there. The discarded digits were floating-point residue from the derivation, not information. Directive 1.13."
RESP.VENTILATION.BASAL,Basal minute ventilation below the recruitment threshold,V_basal,L/min,5.621,none,,respiratory,C,Derived. See notes.,,derived,human,both,claude-session9,2026-09-05,"DERIVED, NOT SOURCED, AND THE DIRECTION OF THE DERIVATION IS THE POINT. V_basal = K * VCO2 / ((1 - Vd/Vt) * PaCO2_rest) = 862.9 x 0.20 / (0.70 x 40.0) = 6.1636 L/min. || IT INHERITS THE TIER OF ITS WEAKEST INPUT, which is C: two of the three inputs are assumed. || THE VALUE IS A CHECK ON THE CHAIN RATHER THAN AN INPUT TO IT. 6.16 L/min is squarely normal resting minute ventilation, reached from an alveolar mass balance and a conventional PaCO2 without being aimed at - so the assumed production and dead space are at least jointly consistent with a human. That is weak evidence and it is the only evidence this row has. || WHAT IT IS NOT: a measurement of resting ventilation. The literature value found for sub-threshold ventilation is 10.83 L/min (Mateika, n = 8 controls) and is NOT usable here, because it was measured during rebreathing after voluntary hyperventilation. Substituting it gives a resting PaCO2 of 22.8 mmHg. That is how badly a protocol-contaminated number transfers, and it is why validation/respiratory_prereg.md section 8.4 forbids taking it. || EXTENSIVE. || RE-DERIVED 2026-09-05, 6.1636 -> 5.6206 L/min, because RESP.CO2.PRODUCTION stopped being an assumed round number. The derivation is unchanged - V_basal = K*VCO2/((1-f_dead)*PaCO2), the ADR 0017 dependency inversion - and arterial PCO2 is untouched at its sourced 40 mmHg, which metabolic_rate_prereg.md branch M4 required. || 5.62 L/min sits inside the 4-8 L/min the pre-registration fixed as branch M1 before the number was computed. It is at the lower end, and the reason is worth naming: this ventilation is what the SOURCED metabolic rate and the ASSUMED dead-space fraction imply together, and the dead space is still 0.30, a round teaching number sitting directly upstream. Branch M2 forbade moving it to make ventilation come out. || PRECISION RAISED 2026-09-05: this is a DERIVED row closing an identity, so it carries every digit the arithmetic gives rather than the significant figures of the measurement behind it - the exemption pooling.md records, and the lesson CV.CO.NOMINAL wrote down. Rounding it to four figures put arterial PCO2 out by 1 part in 10,000, which the suite caught. The MEASUREMENT it descends from, RESP.METABOLIC_RATE, stays at the three figures its source reports. || ROUNDED 2026-09-09 TO MEASUREMENT PRECISION at the owner's instruction. Nothing physiological in this model is measured to more than four significant figures, and trailing zeros on a whole number read as precision that is not there. The discarded digits were floating-point residue from the derivation, not information. Directive 1.13."
RESP.H2O.GAS_CONTENT,Net water carried per litre of ventilated gas,w_gas,mg/L,35.15,none,,respiratory,B,Derived. See notes.,,derived,human,both,claude-session8,2026-09-04,"EXPIRED GAS LEAVES SATURATED AT BODY TEMPERATURE; INSPIRED GAS CARRIES WHATEVER THE ROOM HOLDS. The difference is a water flux and it is pure mass balance. || THE DERIVATION, by the ideal gas law at each condition: expired at 47.0 mmHg and 310.15 K gives 43.78 mg/L; inspired at 8.75 mmHg and 293.15 K gives 8.62 mg/L; net 35.15 mg/L. || THE AMBIENT CONDITIONS ARE ASSUMED AND BELONG ON THIS ROW: 20 C and 50 percent relative humidity, giving an inspired water vapour pressure of 8.75 mmHg. A model breathing desert air loses more and one breathing tropical air loses less. This is the only place the environment enters the model at all. || INTENSIVE - it is per litre of gas."
BF.H2O.CUTANEOUS_LOSS,"Insensible water loss through skin, the non-respiratory residual",H2O_cutan,L/day,0.5155,none,,body-fluids,C,Derived as a residual. See notes.,,derived,human,both,claude-session9,2026-09-05,"PINNED AS A RESIDUAL SO THE TOTAL IS UNCHANGED, exactly as RN.URINE.SOLUTE_NONNA is pinned so the mid salt arm returns its reference load. BF.H2O.INSENSIBLE_LOSS is 0.8 L/day; respiratory loss at the reference individual is 0.3120; this is 0.8 - 0.3120 = 0.4880. || WHY IT MUST BE EXACT. validation/respiratory_prereg.md section 6 forbids this change moving BF.H2O.INSENSIBLE_LOSS's value, because every ADH constant is derived from a water balance that closes at the reference individual. The resting state must be bit-identical and only the RESPONSE may move. check_closure.py asserts the identity. || WHAT CHANGED IS THE SPLIT, NOT THE TOTAL, AND THE SPLIT IS THE RESULT. BF.H2O.INSENSIBLE_LOSS is assumed and cited 'Convention pending primary source.' 39 percent of it is now computed from physical constants and a sourced chemoreflex rather than assumed, and the 0.4880 L/day left over is a plausible cutaneous loss - the conventional split, reached without being aimed at. || IT IS STILL A RESIDUAL AND NOT A MEASUREMENT. Sourcing transepidermal water loss directly would make this row reported and turn the identity above into a TEST of the respiratory half rather than a definition of the cutaneous half. That is the next step on the water side. || EXTENSIVE. || RE-DERIVED 2026-09-05, 0.4880 -> 0.5155 L/day. It is the residual of BF.H2O.INSENSIBLE_LOSS after the respiratory flux, and the respiratory flux fell with the sourced CO2 production. THE TOTAL IS UNCHANGED, so every downstream water and sodium quantity - extracellular volume, plasma sodium, arterial pressure - is bit-identical. The split moved; the balance did not. || The respiratory share is now 36 percent of insensible loss rather than 39. || PRECISION RAISED 2026-09-05: this is a DERIVED row closing an identity, so it carries every digit the arithmetic gives rather than the significant figures of the measurement behind it - the exemption pooling.md records, and the lesson CV.CO.NOMINAL wrote down. Rounding it to four figures put arterial PCO2 out by 1 part in 10,000, which the suite caught. The MEASUREMENT it descends from, RESP.METABOLIC_RATE, stays at the three figures its source reports. || ROUNDED 2026-09-09 TO MEASUREMENT PRECISION at the owner's instruction. Nothing physiological in this model is measured to more than four significant figures, and trailing zeros on a whole number read as precision that is not there. The discarded digits were floating-point residue from the derivation, not information. Directive 1.13."
BLOOD.HB.CONCENTRATION,Arterial haemoglobin concentration,Hb,g/dL,15.3,iqr,14.7-15.9,blood,A,"Morales-Mendoza E, Suarez-Ramos MDP, Godoy-Corredor M, Gomez-Lopera N, Combariza-Vallejo JF, Murcia J, Isaza-Ruget MA. Reference intervals for hemoglobin and hematocrit adjusted for altitude, sex, and age: a big data-based study in the Colombian population. Med Sci (Basel) 2026;14(1):136. doi:10.3390/medsci14010136. PMID 41892851. PMC13027793. OPEN ACCESS, tables read. Hb results from 667,857 apparently healthy adults 2022-2024, stratified by sex, age and residential altitude; LOW-ALTITUDE stratum (<1100 m a.s.l.) taken, Table 2, median with IQR.",10.3390/medsci14010136,reported,human,male,claude-session8,2026-09-04,"Men 18-64, low-altitude stratum, n = 71,624, median 15.3 (IQR 14.7-15.9) g/dL. || SEXED FROM THE START, per ADR 0014 and because haemoglobin is one of the largest sexed differences in human physiology - 16 percent here. Entering it `both` would have repeated the CV.HEMATOCRIT.NOMINAL failure, where the unisex 45 percent turned out to be the male value applied to women. || SAME PAPER, SAME COHORT AND SAME STRATUM AS CV.HEMATOCRIT.NOMINAL, and that is what makes ADR 0018's fourth falsifiable test worth running: haemoglobin and haematocrit are entered from independent MEASUREMENTS rather than derived from one another, so their ratio is a check that can fail. It gives a mean corpuscular haemoglobin concentration of 33.8 g/dL of red cells in men and 33.4 in women, both inside the human 32-36. check_closure.py asserts it. || ALTITUDE MATTERS AND THE STRATUM IS DELIBERATE. The same table gives 16.7 g/dL for men above 2000 m. This model is sea level only - ADR 0017 omits the hypoxic drive and ADR 0018 takes barometric pressure as sea level - so the low-altitude stratum is the matching one. || EXTENSIVE? NO. A CONCENTRATION IS INTENSIVE. Oxygen CONTENT per dL does not change because a person is larger; the DELIVERY does, through cardiac output, which already scales."
BLOOD.HB.CONCENTRATION,Arterial haemoglobin concentration,Hb,g/dL,13.2,iqr,12.6-13.7,blood,A,"Morales-Mendoza E, Suarez-Ramos MDP, Godoy-Corredor M, Gomez-Lopera N, Combariza-Vallejo JF, Murcia J, Isaza-Ruget MA. Reference intervals for hemoglobin and hematocrit adjusted for altitude, sex, and age: a big data-based study in the Colombian population. Med Sci (Basel) 2026;14(1):136. doi:10.3390/medsci14010136. PMID 41892851. PMC13027793. OPEN ACCESS, tables read. Hb results from 667,857 apparently healthy adults 2022-2024, stratified by sex, age and residential altitude; LOW-ALTITUDE stratum (<1100 m a.s.l.) taken, Table 2, median with IQR.",10.3390/medsci14010136,reported,human,female,claude-session8,2026-09-04,"Women 18-50, low-altitude stratum, n = 102,894, median 13.2 (IQR 12.6-13.7) g/dL. The male row carries the full note. || THE AGE BANDS DIFFER BETWEEN THE SEXES IN THE SOURCE - women 18-50, men 18-64 - because the paper stratifies around the menopause. The model has no age dimension so it cannot represent that, and the difference is recorded rather than smoothed over."
BLOOD.O2.BINDING_CAPACITY,Oxygen bound per gram of haemoglobin,k_hb,mL/g,1.391,none,,blood,B,Derived. See notes.,,derived,human,both,claude-session8,2026-09-04,"Haemoglobin binds four O2 per tetramer, so the capacity is four molar volumes per molecular weight: 4 x 22414 mL/mol / 64458 g/mol = 1.3909 -> 1.391 mL/g. || THE 1.34 AGAINST 1.39 QUESTION, SETTLED IN THE OPEN BECAUSE validation/blood_gas_prereg.md SECTION 3 REQUIRED IT. Empirical whole-blood figures cluster nearer 1.34 and the gap is conventionally attributed to inactive haemoglobin species - carboxyhaemoglobin and methaemoglobin - which are non-zero even in healthy non-smokers. || THE PHYSIOLOGICAL ARGUMENT FAVOURS 1.34 AND IT IS NOT TAKEN. ADR 0018 omits inactive species, so a capacity that implicitly includes them would match the TOTAL haemoglobin a clinical analyser reports, which is exactly what BLOOD.HB.CONCENTRATION is. Using 1.391 therefore OVERSTATES arterial oxygen content by roughly 4 percent. || IT IS TAKEN ANYWAY BECAUSE 1.34 COULD NOT BE SOURCED IN AN ADMISSIBLE PREPARATION and 1.391 follows from two physical constants. A traceable number that is 4 percent high beats an untraceable one that is right: the error is declared, one-directional and known, which is a form of wrongness this ledger can work with. || IT AFFECTS CONTENT AND DELIVERY ONLY. Saturation and tension are untouched, so ADR 0018's first falsifiable test does not depend on this choice. || INTENSIVE."
BLOOD.O2.CURVE_A,Severinghaus dissociation coefficient A,sev_A,mmHg^3,23400,none,,blood,A,"Severinghaus JW. Simple, accurate equations for human blood O2 dissociation computations. J Appl Physiol Respir Environ Exerc Physiol 1979;46(3):599-602. doi:10.1152/jappl.1979.46.3.599. PMID 35496. ABSTRACT READ - the equation and its stated accuracy are both in the abstract, which is the part used. The paper fits the STANDARD HUMAN BLOOD O2 dissociation curve to within +/- 0.0055 fractional saturation over 0 < S < 1.",10.1152/jappl.1979.46.3.599,reported,human,both,claude-session8,2026-09-04,"ONE OF TWO COEFFICIENTS OF A SINGLE PUBLISHED FIT. S = 1/(A/(PO2^3 + B*PO2) + 1). THEY ARE NOT SEPARATELY MEASURABLE AND MUST MOVE TOGETHER OR NOT AT ALL - neither has a physical meaning on its own, and changing one without the other produces a curve nobody published. || BRANCH B3 OF validation/blood_gas_prereg.md, AND THE PRE-REGISTRATION PREFERRED OTHERWISE. Section 4 preferred the Hill form because its two parameters - P50 and the exponent - are separately measurable and would get separate rows with separate provenance. THE DECOMPOSITION FAILED: searching for a measured P50 and Hill exponent in healthy humans returns chronic obstructive lung disease, sickle cell disease, chronic hypoxaemia, sleep apnoea and congenital heart disease, every one excluded by section 2, several of them existing to characterise a pulse oximeter rather than the physiology (directive 1.7). So a published fit is taken whole, with its citation and its stated error, and the loss of decomposability is the recorded cost. || A PUBLISHED EQUATION FITTED TO MEASURED DATA IS NOT ANOTHER MODEL'S OUTPUT, which is the distinction validation/targets.md draws and the reason this is admissible at all. || THE IMPLIED P50 IS 26.86 Torr, SOLVED FROM THE EQUATION AND DELIBERATELY NOT A LEDGER ROW, so it cannot silently disagree with the curve it comes from. check_closure.py asserts it lands in the human range, which makes it a TEST of the adopted equation rather than a second definition of the same quantity. Severinghaus's own Bohr equation uses PO2/26.6 as its reference, so 26.86 is consistent with the paper to within 1 percent. || FIXED AT NORMAL pH AND TEMPERATURE. ADR 0018 records what that disqualifies: the Bohr effect, fever and hypothermia, 2,3-DPG, and the increased offloading in exercising muscle. pH needs bicarbonate, which is renal and absent. || INTENSIVE."
BLOOD.O2.CURVE_B,Severinghaus dissociation coefficient B,sev_B,mmHg^2,150,none,,blood,A,"Severinghaus JW. Simple, accurate equations for human blood O2 dissociation computations. J Appl Physiol Respir Environ Exerc Physiol 1979;46(3):599-602. doi:10.1152/jappl.1979.46.3.599. PMID 35496. ABSTRACT READ - the equation and its stated accuracy are both in the abstract, which is the part used. The paper fits the STANDARD HUMAN BLOOD O2 dissociation curve to within +/- 0.0055 fractional saturation over 0 < S < 1.",10.1152/jappl.1979.46.3.599,reported,human,both,claude-session8,2026-09-04,"ONE OF TWO COEFFICIENTS OF A SINGLE PUBLISHED FIT. S = 1/(A/(PO2^3 + B*PO2) + 1). THEY ARE NOT SEPARATELY MEASURABLE AND MUST MOVE TOGETHER OR NOT AT ALL - neither has a physical meaning on its own, and changing one without the other produces a curve nobody published. || BRANCH B3 OF validation/blood_gas_prereg.md, AND THE PRE-REGISTRATION PREFERRED OTHERWISE. Section 4 preferred the Hill form because its two parameters - P50 and the exponent - are separately measurable and would get separate rows with separate provenance. THE DECOMPOSITION FAILED: searching for a measured P50 and Hill exponent in healthy humans returns chronic obstructive lung disease, sickle cell disease, chronic hypoxaemia, sleep apnoea and congenital heart disease, every one excluded by section 2, several of them existing to characterise a pulse oximeter rather than the physiology (directive 1.7). So a published fit is taken whole, with its citation and its stated error, and the loss of decomposability is the recorded cost. || A PUBLISHED EQUATION FITTED TO MEASURED DATA IS NOT ANOTHER MODEL'S OUTPUT, which is the distinction validation/targets.md draws and the reason this is admissible at all. || THE IMPLIED P50 IS 26.86 Torr, SOLVED FROM THE EQUATION AND DELIBERATELY NOT A LEDGER ROW, so it cannot silently disagree with the curve it comes from. check_closure.py asserts it lands in the human range, which makes it a TEST of the adopted equation rather than a second definition of the same quantity. Severinghaus's own Bohr equation uses PO2/26.6 as its reference, so 26.86 is consistent with the paper to within 1 percent. || FIXED AT NORMAL pH AND TEMPERATURE. ADR 0018 records what that disqualifies: the Bohr effect, fever and hypothermia, 2,3-DPG, and the increased offloading in exercising muscle. pH needs bicarbonate, which is renal and absent. || INTENSIVE."
BLOOD.O2.SOLUBILITY,Oxygen dissolved in plasma per mmHg,a_O2,mL/dL/mmHg,0.003,none,,blood,C,No admissible source opened. See notes.,,assumed,human,both,claude-session8,2026-09-04,"ASSUMED AT THE CONVENTIONAL VALUE, a round number and therefore presumptively unsourced under directive 1.12. || IT CONTRIBUTES 1.4 PERCENT OF ARTERIAL OXYGEN CONTENT at the reference individual - 0.27 mL/dL out of 20.6 - so it is the least consequential row in this component and is recorded as such rather than left to look important. || IT MATTERS ONLY WHERE HAEMOGLOBIN IS LOW OR PO2 IS HIGH, neither of which this model represents: severe anaemia and hyperbaric or high-FiO2 breathing are both outside ADR 0018's scope. || INTENSIVE."
BLOOD.O2.AA_GRADIENT,"Alveolar-arterial oxygen difference, young adult",AaDO2,mmHg,10,none,,blood,C,"NOT SOURCED. The correct source was identified and could not be opened: Crapo RO, Jensen RL, Hegewald M, Tashkin DP. Arterial blood gas reference values for sea level and an altitude of 1,400 meters. Am J Respir Crit Care Med 1999;160(5 Pt 1):1525-31. doi:10.1164/ajrccm.160.5.9806006. PMID 10556115. Healthy LIFETIME NONSMOKERS, n = 96 at sea level, ages 18-81, reporting PaO2, PaCO2 and the CALCULATED alveolar-arterial PO2 difference as reference EQUATIONS. Europe PMC reports isOpenAccess=N and no PMC record.",10.1164/ajrccm.160.5.9806006,assumed,human,both,claude-session8,2026-09-04,"ASSUMED, AND THIS IS THE ROW validation/blood_gas_prereg.md SECTION 6 FORBIDS TUNING. It is the least precisely known stage of the chain and it sits directly upstream of arterial saturation, which is the output ADR 0018's first falsifiable test judges. || IT WAS NOT TUNED, AND THAT IS DEMONSTRATED RATHER THAN ASSERTED. Swept from 5 to 25 mmHg, arterial saturation moves 97.3 to 94.4 percent and stays inside the human 95-99 across the plausible range. The prediction does not turn on this row, so it cannot be accused of having been chosen - see validation/blood_gas_extract.py section 5. || THE REASON IS THE SHAPE OF THE CURVE, and it cuts both ways: above about 80 mmHg the sigmoid is flat, so large changes in tension buy almost no change in saturation. That is what makes the prediction robust AND what makes it a weak test of the curve. A real test needs the steep part, which means hypoxia, and ADR 0017 omits the hypoxic drive so this model must not be run there. || AGE-BLIND. The difference widens substantially across adult life and this model has no age dimension, so this is a young-adult figure - the same debt ADH.URINE.OSM_MAX carries. || ONE ARTICLE WOULD DISCHARGE THREE ASSUMED ROWS across two subsystems, this one plus RESP.CO2.ARTERIAL_RESTING and the arterial PO2 it implies. It is the highest-value single acquisition in this repository. || INTENSIVE. || ROUNDED 2026-09-09 TO MEASUREMENT PRECISION at the owner's instruction. Nothing physiological in this model is measured to more than four significant figures, and trailing zeros on a whole number read as precision that is not there. The discarded digits were floating-point residue from the derivation, not information. Directive 1.13."
RESP.O2.INSPIRED_FRACTION,Oxygen fraction of dry inspired air,FiO2,dimensionless,0.2095,none,,respiratory,B,Standard dry-air composition. Not opened from a primary source.,,assumed,human,both,claude-session8,2026-09-04,"THE OXYGEN FRACTION OF DRY ATMOSPHERIC AIR. Entered `assumed` rather than `reported` because no primary source was opened for it, which is directive 1.5's rule applied even to a number nobody disputes. || IT IS GENUINELY CONSTANT WHERE THIS MODEL LIVES - atmospheric composition does not vary with altitude, only the pressure does - so unlike the other assumed rows here this one is unlikely to be wrong. It is the BAROMETRIC PRESSURE it multiplies that binds the model to sea level, and that lives in RESP.ALVEOLAR.K's derivation. || INTENSIVE."
RESP.EXCHANGE_RATIO,Respiratory exchange ratio at rest,RER,dimensionless,0.80,none,,respiratory,C,No admissible source opened. See notes.,,assumed,human,both,claude-session8,2026-09-04,"ASSUMED, AND A ROUND TEACHING NUMBER - directive 1.12. || WHAT IT DOES: it is the only coupling between the CO2 side and the O2 side, entering the alveolar gas equation as PaCO2/R. At 0.80 that term is 50.0 mmHg. || IT SHOULD BE DERIVED, NOT ASSUMED, AND CANNOT BE YET. The exchange ratio is VCO2/VO2, and this model carries RESP.CO2.PRODUCTION but no oxygen consumption row, because ADR 0018 does not build the Fick relation. When a metabolic VO2 lands, this row stops being a primitive and becomes derived - the same transition CV.CO.NOMINAL and RN.H2O.OBLIGATORY_LOSS made on 2026-09-01. That is the right fix and it is named here so it is not repeated as a search. || SENSITIVITY: moving it to 0.85 raises PAO2 by 2.9 mmHg and arterial saturation by 0.2 percentage points. Minor, and inside the range the A-a sweep already covers. || INTENSIVE."
THY.TSH.FT4_SLOPE,Fall in log-e thyrotropin per unit free thyroxine,b_tsh,1/(pmol/L),0.2241,range,0.1765-0.2718,thyroid,A,"DERIVED, and it had to become derived. b = THY.LOOP_GAIN / THY.FT4.EUTHYROID = 2.277 / 10.16, because a slope in units of 1/(pmol/L) is SCALE-DEPENDENT and the model's free thyroxine is now on the NHANES immunoassay scale. The measured slopes it comes from are on other scales and cannot be transferred directly. Sources behind the loop gain: Benhadi N, Fliers E, Visser TJ, Reitsma JB, Wiersinga WM. Eur J Endocrinol 2010;162(2):323-9. PMID 19926783, ABSTRACT ONLY, n = 21 healthy volunteers under randomised T4 and T3 loading - a WITHIN-SUBJECT PERTURBATION, which is the design a feedback gain needs. Reported log TSH = 1.50 - 0.059 x FT4, base 10 (see validation/thyroid_extract.py section 1). || AND Jostel A, Ryder WDJ, Shalet SM. Clin Endocrinol (Oxf) 2009;71(4):529-34. PMID 19226261, ABSTRACT ONLY, 9519 tests in 4064 patients, 0.1345 per pmol/L in natural-log units, combined with the free-thyroxine mean of the cohort that applies it in Wang Y et al. Front Endocrinol (Lausanne) 2021;12:657114, PMC8129566, OPEN ACCESS, read in full.",10.1530/EJE-09-0655,derived,human,both,claude-session9,2026-09-05,"THE FEEDBACK GAIN OF THE HUMAN THYROID AXIS, in natural-log units per pmol/L of free thyroxine. Benhadi's 0.059 read as base 10 is 0.059*ln(10) = 0.13585; Jostel's is 0.1345. THE TWO AGREE TO 1% AND ONLY UNDER THAT PAIRING - read Benhadi as ln and the two competent measurements of the same gain differ 2.3-fold, in cohorts of comparable FT4 range, which is not credible. || THE VALUE ENTERED IS BENHADI'S because that cohort is admissible under thyroid_prereg.md section 2 on every criterion and the design is an intervention; Jostel's population is a hypopituitary referral series and its purpose was to define a diagnostic index, which is directive 1.7's flag. It is the corroboration, not the value. NOT POOLED - different assays, and pooling.md forbids pooling across incompatible methods. The uncertainty range is the two estimates, not a confidence interval. || THIS ROW DISCHARGES BRANCH T3, which an earlier extraction pass took correctly on the evidence then available. || VALUE CHANGED 2026-09-05, AND THE CHANGE IS THE POINT. This row first entered Benhadi's 0.13585 alone and called Jostel's 0.1345 'corroboration, not the value', on the grounds that pooling.md forbids pooling across assays. THE TWO NUMBERS DIFFER BY 1%. Choosing between measurements that agree to within a fifth of any plausible experimental error is not rigour, it is a coin toss dressed as a decision - directive 1.9 and HANDOVER section 3.23, both of which this repository already had. The entered value is now the MEAN of the two, 0.1352, and the uncertainty is their spread. || UNWEIGHTED, because neither source reports a standard error and the weights cannot change a 1% interval by anything that matters. Method: two estimates, arithmetic mean; extraction_method is therefore derived rather than reported, since no paper prints 0.1352. || WHAT THE SPREAD IS WORTH, and it is the useful consequence: carrying both ends through the loop moves the predicted euthyroid thyrotropin from 3.32 to 3.39 mIU/L, about 2%. So the slope is NOT where the model's 2.4x thyrotropin discrepancy comes from, and that is now arithmetic rather than assertion. || WHY THIS ROW MOVED, AND IT IS A UNIT ERROR RATHER THAN AN IMPRECISE NUMBER. The ledger previously composed a pituitary line measured on one free-thyroxine assay (Benhadi 2010) with a free-thyroxine concentration measured by equilibrium dialysis (Braverman 1973), and predicted a euthyroid thyrotropin 2.2x the measured population value. THE TWO SCALES ARE NOT COMMENSURATE AND THAT IS NOW MEASURED: at essentially identical TOTAL thyroxine - 7.75 ug/dL in NHANES against Braverman's 7.30, agreeing to 6% - the free fraction is 0.0104% by immunoassay against 0.0180% by dialysis, a ratio of 1.73. Two methods agreeing on the total hormone to a few per cent and disagreeing by nearly two-fold on the free fraction are not two measurements of one quantity. thyroid_prereg.md section 2 prohibited POOLING across free-thyroxine assays and should have prohibited COMPOSING across them too. || THE PREVIOUS VALUE, 0.1352, WAS THE MEAN OF TWO MEASURED SLOPES ON TWO OTHER ASSAYS, and entering it against a third assay's concentration is what produced the 2.2x error. The dimensionless product b*FT4* is scale-invariant and is what actually transfers; it is now its own row. || The range is THY.LOOP_GAIN's range divided by the same concentration."
THY.TSH.INTERCEPT,Log-e thyrotropin extrapolated to zero free thyroxine,a_tsh,ln(mIU/L),2.690,range,2.207-3.174,thyroid,A,DERIVED. a = ln(THY.TSH.EUTHYROID) + THY.LOOP_GAIN = ln(1.512) + 2.277. Sources are those two rows; nothing new is sourced here.,10.1530/EJE-09-0655,derived,human,both,claude-session9,2026-09-05,"THE LOAD-BEARING WEAKNESS OF THIS AXIS, AND IT IS SAID HERE RATHER THAN DISCOVERED LATER. The slope has two independent estimates agreeing to 1% and the euthyroid FT4 has two agreeing to within a standard deviation; THIS NUMBER HAS ONE SOURCE AND IT CARRIES THE WHOLE OF THE MODEL'S DISCREPANCY IN THYROTROPIN. Reconstructing it from independent euthyroid pairs at the agreed slope gives 2.72 (Maushart euthyroid visit), 2.82 (Maushart 3-month) and 2.59 (NHANES III geometric mean TSH at the sourced FT4) - all 0.6 to 0.9 log units below 3.454, a factor of 1.9-2.4 in TSH. || WHY IT WOULD BE HIGH, AND THIS IS THE THIRD INSTANCE OF THE SAME PATTERN IN THIS REPOSITORY: an intercept is a line extrapolated to FT4 = 0 from data that never approached zero. The same extrapolation forced the ADR 0017 amendment - a chemoreflex line extrapolated below its measured range put ventilation at 19.3 L/min against a real 6.2 - and produced HANDOVER section 3.22's censoring bound. Benhadi's cohort is also mean age 60 and NHANES III reports TSH rising with age. || IT IS NOT REPLACED BY ANY OF THE RECONSTRUCTIONS. Every one of them is built from a measured euthyroid TSH, which is the quantity ADR 0019's falsifiable test 2 judges the loop against; fitting to it would be HANDOVER section 3.15's error committed deliberately. The model reports a euthyroid TSH 2.4x the NHANES III geometric mean and nothing downstream consumes TSH. || CUT FROM 3.453878 TO 3.454 ON 2026-09-05. Seven significant figures on a number whose source reports three ('1.50') is exactly the false precision directive 1.9 exists to stop. || AND THE ARITHMETIC THAT CONVICTS THIS ROW RATHER THAN THE SLOPE: sweeping the slope across its full two-source spread moves the predicted euthyroid thyrotropin by 2%, against a discrepancy of 2.4x. Nothing about the slope's uncertainty reaches that. The intercept does, because slope and intercept in a regression over a narrow range are strongly anti-correlated and the intercept is the extrapolated one - Benhadi's free-thyroxine range is a euthyroid baseline plus a thyroxine load, and the intercept lies about 17 pmol/L outside it. THE ABSTRACT REPORTS NO STANDARD ERROR FOR IT, so its variance cannot be propagated and the honest statement is that this coefficient is not determined to better than roughly a factor of two by the study that reports it. || THIS ROW WAS THE WHOLE PROBLEM AND IS NO LONGER SOURCED DIRECTLY. It carried Benhadi's 3.454 - one abstract, no standard error, an extrapolation to zero free thyroxine from data that never went near zero - and the model inherited a euthyroid thyrotropin 2.2x too high. NHANES settled what was actually wrong: not the coefficient's precision but the SCALE it was composed against. || WHY THIS ROW MOVED, AND IT IS A UNIT ERROR RATHER THAN AN IMPRECISE NUMBER. The ledger previously composed a pituitary line measured on one free-thyroxine assay (Benhadi 2010) with a free-thyroxine concentration measured by equilibrium dialysis (Braverman 1973), and predicted a euthyroid thyrotropin 2.2x the measured population value. THE TWO SCALES ARE NOT COMMENSURATE AND THAT IS NOW MEASURED: at essentially identical TOTAL thyroxine - 7.75 ug/dL in NHANES against Braverman's 7.30, agreeing to 6% - the free fraction is 0.0104% by immunoassay against 0.0180% by dialysis, a ratio of 1.73. Two methods agreeing on the total hormone to a few per cent and disagreeing by nearly two-fold on the free fraction are not two measurements of one quantity. thyroid_prereg.md section 2 prohibited POOLING across free-thyroxine assays and should have prohibited COMPOSING across them too. || IT IS NOW DERIVED FROM THE OPERATING POINT RATHER THAN THE OTHER WAY ROUND, which is the same dependency inversion ADR 0017 made for arterial PCO2 and for the same reason - derive from the quantity that is actually measured. The consequence is stated plainly on THY.TSH.EUTHYROID: the euthyroid thyrotropin is now an INPUT and ADR 0019's falsifiable test 2 is VOID."
THY.FT4.EUTHYROID,Serum free thyroxine in euthyroid adults,FT4_ref,pmol/L,10.16,sd,1.767,thyroid,A,"National Health and Nutrition Examination Survey 2007-2008, 2009-2010 and 2011-2012, public microdata, files THYROD/DEMO/RXQ_RX/MCQ from https://wwwn.cdc.gov/Nchs/Data/Nhanes/Public/. EXTRACTED HERE, not read out of a paper: validation/nhanes_hpt_extract.py, pre-registered in validation/nhanes_hpt_prereg.md before any relationship was computed. REFERENCE POPULATION n = 6814: adults 20+, not pregnant, no reported thyroid problem (MCQ160M), no thyroid-active prescription (levothyroxine, liothyronine, thyroid, methimazole, propylthiouracil, amiodarone, lithium), thyroid peroxidase antibody < 9 IU/mL and thyroglobulin antibody < 4 IU/mL. NO EXCLUSION ON THE THYROTROPIN VALUE - Hollowell's reference population removes biochemical thyroid dysfunction, which is right for a reference interval and wrong for a regression. Weighted with WTMEC2YR/3 for three pooled cycles; the survey design is NOT used for standard errors, so any interval quoted is the independent-sampling one and is too small. || Weighted mean free thyroxine 10.16 pmol/L, SD 1.77, 2.5th-97.5th percentile 7.70-14.10. Total thyroxine 7.75 ug/dL in the same subjects. || SUPERSEDES Braverman LE et al. J Clin Invest 1973;52(5):1010-7, PMC302354, whose equilibrium-dialysis figure of 16.61 pmol/L this row carried until 2026-09-05. That measurement is not withdrawn and is not wrong; it is on a different scale, and the reason it cannot be used here is on this row.",,reported,human,both,claude-session9,2026-09-05,"1.29 +/- 0.19 ng/100 mL at a molecular weight of 776.87 g/mol is 16.605 +/- 2.446 pmol/L. || THIS IS A MEASURED CONCENTRATION, NOT A REFERENCE INTERVAL, and the distinction is the whole reason the loop's thyrotropin prediction is a prediction. thyroid_prereg.md section 6 forbids using a reference interval to set a parameter; section 2 says to prefer equilibrium dialysis or a source that states its method, which is exactly what this is. See amendment 8.4. || IT SUPPLIES THE ABSOLUTE SCALE THAT A PER-PMOL/L SLOPE NEEDS, and combining a 1973 dialysis measurement with a 2010 immunoassay slope is the largest methodological risk in this subsystem. It is checked rather than argued: Maushart's euthyroid immunoassay visits give 15.0 and 16.6 pmol/L. || SEXED PAIR NOT SUPPORTED. Braverman's control group is 11 subjects and no sex-specific values are given; ADR 0014's 'where only one value is supported, use it for both' applies, and this row is the CV.HEMATOCRIT.NOMINAL failure waiting to happen if free thyroxine turns out to be dimorphic. || CUT TO FOUR SIGNIFICANT FIGURES ON 2026-09-05, from 16.605. The source reports 1.29 +/- 0.19 ng/100 mL, three figures; converting a unit does not create a fourth. || WHY THIS ROW MOVED, AND IT IS A UNIT ERROR RATHER THAN AN IMPRECISE NUMBER. The ledger previously composed a pituitary line measured on one free-thyroxine assay (Benhadi 2010) with a free-thyroxine concentration measured by equilibrium dialysis (Braverman 1973), and predicted a euthyroid thyrotropin 2.2x the measured population value. THE TWO SCALES ARE NOT COMMENSURATE AND THAT IS NOW MEASURED: at essentially identical TOTAL thyroxine - 7.75 ug/dL in NHANES against Braverman's 7.30, agreeing to 6% - the free fraction is 0.0104% by immunoassay against 0.0180% by dialysis, a ratio of 1.73. Two methods agreeing on the total hormone to a few per cent and disagreeing by nearly two-fold on the free fraction are not two measurements of one quantity. thyroid_prereg.md section 2 prohibited POOLING across free-thyroxine assays and should have prohibited COMPOSING across them too. || SEX: NO PAIR IS NEEDED, AND THAT IS NOW A FINDING RATHER THAN AN ABSENCE. Free thyroxine differs by 0.5% between men and women in 6814 adults (10.18 against 10.13 pmol/L) and thyrotropin by 3% (1.534 against 1.486). ADR 0014's 'where only one value is supported, use it for both' was previously invoked because no sexed pair could be found; it is now invoked because a large sample says there is nothing to find."
THY.FT4.TAU,Thyroxine turnover time constant,tau_t4,day,10.3,range,9.52-11.24,thyroid,A,"Braverman LE, Vagenakis A, Downs P, Foster AE, Sterling K, Ingbar SH. Effects of replacement doses of sodium L-thyroxine on the peripheral metabolism of thyroxine and triiodothyronine in man. J Clin Invest 1973;52(5):1010-7. doi:10.1172/JCI107265. PMC302354. OPEN ACCESS, READ IN FULL from the JCI archive. Euthyroid subjects, CONTROL (pre-treatment) values: Table I, n = 11, serum total T4 7.3 +/- 1.0 ug/100 mL, per cent free T4 0.018 +/- 0.001 % by EQUILIBRIUM DIALYSIS, absolute free T4 1.29 +/- 0.19 ng/100 mL; Table II, n = 5, T4 distribution space 8.7 +/- 0.8 L, fractional turnover 9.7 +/- 0.8 %/day, clearance 0.84 +/- 0.09 L/day, disposal 64.2 +/- 9.6 ug/day.",10.1172/JCI107265,derived,human,both,claude-session9,2026-09-05,"tau = 1/K with K = 9.7 +/- 0.8 %/day, the fractional turnover rate of T4 measured by 125-I tracer in the five subjects who had kinetics done, control period. tau = 10.309 days, half-life 7.15 days. The range is 1/K at K +/- 1 SD. || DERIVED RATHER THAN REPORTED because the paper reports the fractional rate and the model wants its reciprocal - arithmetic on one measured number, no assumption added. || THIS IS THE JUSTIFICATION FOR THE ONE NEW STATE. ADR 0019 decision 3 permits a slow state only because the slowness IS the physiology: at ten days the axis cannot be represented algebraically on a model that runs 400. Thyrotropin, which turns over in minutes, gets no state at all - see amendment 8.2. || A one-compartment turnover collapses the plasma, interstitial and intracellular pools that Inada 1975 (J Clin Invest 55:1337, PMC301889) resolves into three. That lumping is the reason this model cannot represent the early distribution phase after a thyroxine dose. || CUT TO FOUR SIGNIFICANT FIGURES ON 2026-09-05. K is reported as 9.7 +/- 0.8 %/day; its reciprocal cannot carry more. || PRECISION CORRECTED 2026-09-09 under directive 1.13, second pass. An interval of 9.45-11.17 supports three figures, not four. The first pass rounded this row but stopped one figure short, because the gate then allowed two figures beyond what the interval supports - a tolerance I had given myself rather than the rule. The gate now enforces the rule exactly. Discarded digits were inside the row's own stated interval, so no claim changes."
THY.FT4.GAIN,Free thyroxine produced per unit thyrotropin at unit secretory capacity,G_T,pmol/L per mIU/L,6.720,none,,thyroid,A,"DERIVED. G_T = THY.FT4.EUTHYROID / THY.TSH.EUTHYROID = 10.16 / 1.512, both from the NHANES reference population, so this is now a ratio of two quantities measured in the same 6814 people on the same assays rather than a composition across sources.",,derived,human,both,claude-session9,2026-09-05,"THE FORWARD LIMB'S GAIN, AND THE ONLY DERIVED NUMBER IN THE LOOP. It places the equilibrium at the sourced free thyroxine and at the thyrotropin the sourced pituitary line then implies. || IT IS NOT A FREE PARAMETER, WHICH IS THE POINT. Both coordinates it is solved against come from outside the model: the FT4 from equilibrium dialysis in normal subjects, the TSH from arithmetic on a regression measured in a different cohort. Neither is a thyrotropin reference value, so ADR 0019's falsifiable test 2 remains a test. || WHY THE FORWARD LIMB IS DERIVED RATHER THAN SOURCED. The thyroid's response to thyrotropin is measurable in humans only by recombinant TSH, which drives thyrotropin to roughly a hundred times the physiological range; reading a gain off that and extrapolating down to 1-3 mIU/L is the extrapolation error recorded on THY.TSH.INTERCEPT, and it is not committed a second time to save a derivation. || RECOMPUTED BY tools/check_closure.py, not read back. || RECOMPUTED 2026-09-05 from the averaged slope and the rounded free thyroxine: 16.60 / exp(3.454 - 0.1352*16.60) = 4.9517. It moved 1.2% and nothing downstream moved with it, which is what a derived quantity that is doing its job looks like. || RECOMPUTED 2026-09-05 from 4.9517. It is still the forward limb's gain and still the only free number in the loop, but it is no longer solved against a crossing point composed from two scales - it is the measured ratio of the two hormones at the operating point. || RECOMPUTED BY tools/check_closure.py, not read back."
THY.METABOLIC_GAIN,Fractional change in resting metabolic rate per fractional change in free thyroxine,G_met,dimensionless,0.211,range,0.192-0.230,thyroid,A,"Maushart CI, Senn JR, Loeliger RC, Siegenthaler J, Bur F, Fischer JGW, Betz MJ. Resting Energy Expenditure and Cold-induced Thermogenesis in Patients With Overt Hyperthyroidism. J Clin Endocrinol Metab 2022;107(2):450-461. doi:10.1210/clinem/dgab706. PMID 34570185. PMC8764338. OPEN ACCESS, READ IN FULL. n = 18 (14 female), each measured hyperthyroid, then euthyroid, then euthyroid at 3 months. Table 1: fT4 36.3 +/- 18.1 -> 15.0 +/- 3.9 -> 16.6 +/- 3.7 pmol/L; REE normalised to lean body mass 42 +/- 6.7 -> 33 +/- 4.4 -> 33 +/- 5.2 kcal/24h/kg LBM.",10.1210/clinem/dgab706,derived,human,both,claude-session9,2026-09-05,"(dREE/REE) / (dFT4/FT4) computed on the LEAN-MASS-NORMALISED energy expenditure, because lean mass itself rose 40.8 -> 43.7 kg between the visits and the unnormalised -13% would attribute part of that to thyroid hormone. Against the euthyroid visit: (42-33)/33 / ((36.3-15.0)/15.0) = 0.192. Against the 3-month visit: 0.230. The lower is entered and both are the range. || THE LINK TO CO2 IS TESTED IN THE SAME PAPER RATHER THAN ASSUMED: 'RQ was not significantly affected by thyroid hormone state (P = .19)'. At a fixed respiratory quotient a fractional change in energy expenditure is the same fractional change in CO2 production, which is the only quantity the respiratory component consumes. || THIS ROW BREAKS A PRE-REGISTERED EXCLUSION AND THE BREAKAGE IS RECORDED, NOT HIDDEN. thyroid_prereg.md section 2 excludes thyroid disease of any kind. The exclusion is unsatisfiable for this quantity - a healthy person cannot ethically be made thyrotoxic - which is SOURCES.md's own argument for animal preparations applied to a disease preparation. Amendment 8.3 relaxes it FOR THIS ROW ONLY; every parameter of the feedback loop is sourced inside the original rules. || AND THE ARM IT FEEDS DEFAULTS OFF, per ADR 0019 decision 4, which was written before any of this was known. Switching it on is what makes RESP.CO2.PRODUCTION stop being a primitive, and it moves ventilation and therefore the water balance. || AVERAGED 2026-09-05. The two figures are the same hyperthyroid visit against the study's two euthyroid visits - two estimates of one quantity from one cohort, differing by 20%, with no reason to prefer either. The mean is entered and the pair is the range. Taking the lower one, as this row first did, was picking the conservative-looking number rather than the central one, which is a bias and not a caution."
THY.TSH.EUTHYROID,Serum thyrotropin in the euthyroid reference population,TSH_ref,mIU/L,1.512,range,0.460-4.484,thyroid,A,"National Health and Nutrition Examination Survey 2007-2008, 2009-2010 and 2011-2012, public microdata, files THYROD/DEMO/RXQ_RX/MCQ from https://wwwn.cdc.gov/Nchs/Data/Nhanes/Public/. EXTRACTED HERE, not read out of a paper: validation/nhanes_hpt_extract.py, pre-registered in validation/nhanes_hpt_prereg.md before any relationship was computed. REFERENCE POPULATION n = 6814: adults 20+, not pregnant, no reported thyroid problem (MCQ160M), no thyroid-active prescription (levothyroxine, liothyronine, thyroid, methimazole, propylthiouracil, amiodarone, lithium), thyroid peroxidase antibody < 9 IU/mL and thyroglobulin antibody < 4 IU/mL. NO EXCLUSION ON THE THYROTROPIN VALUE - Hollowell's reference population removes biochemical thyroid dysfunction, which is right for a reference interval and wrong for a regression. Weighted with WTMEC2YR/3 for three pooled cycles; the survey design is NOT used for standard errors, so any interval quoted is the independent-sampling one and is too small. || Weighted GEOMETRIC mean thyrotropin 1.512 mIU/L, geometric SD 1.80, 2.5th-97.5th percentile 0.460-4.484 - which is where the conventional 0.4-4.5 reference interval comes from, now measured here rather than quoted as a round number (directive 1.12). Geometric because thyrotropin is log-normal, which is the same fact that makes the feedback relation log-linear. || REPLICATED ACROSS TWO SURVEYS AND TWO DECADES: Hollowell JG et al. J Clin Endocrinol Metab 2002;87(2):489-99, PMID 11836274, ABSTRACT ONLY, NHANES III 1988-94, reference population n = 13,344, geometric mean 1.40 mIU/L. Different assay, different sample, 1.40 against 1.512.",,reported,human,both,claude-session9,2026-09-05,"THE OPERATING POINT IS NOW AN INPUT, NOT AN OUTPUT, AND ADR 0019's FALSIFIABLE TEST 2 IS VOID. That test asked whether the loop's crossing point lands inside human reference intervals with neither hormone entered as a target. It cannot be a test: a crossing point is a line meeting a concentration, and a slope in 1/(pmol/L) and a concentration in pmol/L are only composable on a COMMON free-thyroxine scale - which free-thyroxine immunoassays and equilibrium dialysis do not share. || WHY THIS ROW MOVED, AND IT IS A UNIT ERROR RATHER THAN AN IMPRECISE NUMBER. The ledger previously composed a pituitary line measured on one free-thyroxine assay (Benhadi 2010) with a free-thyroxine concentration measured by equilibrium dialysis (Braverman 1973), and predicted a euthyroid thyrotropin 2.2x the measured population value. THE TWO SCALES ARE NOT COMMENSURATE AND THAT IS NOW MEASURED: at essentially identical TOTAL thyroxine - 7.75 ug/dL in NHANES against Braverman's 7.30, agreeing to 6% - the free fraction is 0.0104% by immunoassay against 0.0180% by dialysis, a ratio of 1.73. Two methods agreeing on the total hormone to a few per cent and disagreeing by nearly two-fold on the free fraction are not two measurements of one quantity. thyroid_prereg.md section 2 prohibited POOLING across free-thyroxine assays and should have prohibited COMPOSING across them too. || SO THE DEPENDENCY IS INVERTED, exactly as ADR 0017 inverted it for arterial PCO2 when the chemoreflex turned out to sit below its own threshold at rest. The operating point is sourced and the RESPONSE is what the model claims. || WHAT SURVIVES AS A REAL TEST: ADR 0019's falsifiable tests 1, 3 and 4 - thyrotropin must fall when secretory capacity rises and free thyroxine must rise by less than open-loop; the state must take weeks; the disabled arm must change nothing - and the dimensionless loop gain, which nothing here was fitted to."
THY.LOOP_GAIN,Open-loop gain of the pituitary-thyroid feedback,G_loop,dimensionless,2.277,range,1.793-2.761,thyroid,A,"Benhadi N, Fliers E, Visser TJ, Reitsma JB, Wiersinga WM. Eur J Endocrinol 2010;162(2):323-9. PMID 19926783, ABSTRACT ONLY, n = 21 healthy volunteers under randomised T4 and T3 loading - a WITHIN-SUBJECT PERTURBATION, which is the design a feedback gain needs. Reported log TSH = 1.50 - 0.059 x FT4, base 10 (see validation/thyroid_extract.py section 1). || AND Jostel A, Ryder WDJ, Shalet SM. Clin Endocrinol (Oxf) 2009;71(4):529-34. PMID 19226261, ABSTRACT ONLY, 9519 tests in 4064 patients, 0.1345 per pmol/L in natural-log units, combined with the free-thyroxine mean of the cohort that applies it in Wang Y et al. Front Endocrinol (Lausanne) 2021;12:657114, PMC8129566, OPEN ACCESS, read in full.",10.1530/EJE-09-0655,derived,human,both,claude-session9,2026-09-05,"THE ONE THING ABOUT THIS AXIS THAT TRANSFERS BETWEEN ASSAYS. The gain is b*FT4*, a slope in 1/(pmol/L) times a concentration in pmol/L, so it is dimensionless and INVARIANT under a change of free-thyroxine scale - which is exactly what the measured slopes are not. || TWO SCALE-INVARIANT ESTIMATES, AVERAGED. (1) Benhadi's line is internally self-consistent on its own assay, so its implied euthyroid free thyroxine is (3.454 - ln TSH*)/0.13585 whatever that assay reads; at a cohort geometric-mean thyrotropin of 2.0 mIU/L - assumed, and this is the one assumption in the row - that gives 20.3 and a gain of 2.761. Across a plausible cohort mean of 1.5 to 2.5 the gain runs 2.54 to 3.05, so the assumption is worth about 10%. (2) Jostel's 0.1345 with the free-thyroxine mean of the cohort that applies it, 13.33 pmol/L, gives 1.793. Mean 2.277, and the two estimates are the range. || THE MODEL'S BEHAVIOUR IS THIS NUMBER AND ALMOST NOTHING ELSE: d ln FT4 / d ln(secretory capacity) = 1/(1 + G) = 0.305, so the human axis absorbs about 70% of a change in thyroid secretory capacity, and the closed-loop relaxation time is tau/(1+G) = 3.1 days. NOTHING IN THIS REPOSITORY WAS FITTED TO IT and nothing is validated against it. || WHAT WOULD REPLACE THE ASSUMPTION: Benhadi 2010's full text, which reports its cohort's mean thyrotropin. That paper's value has fallen a long way - it once blocked the whole axis, then supplied a slope, and now would tighten one dimensionless number by 10%."
RESP.METABOLIC_RATE,Resting metabolic rate per unit body mass,RMR,kcal/kg/h,0.943,range,0.866-0.943,respiratory,A,"McMurray RG, Soares J, Caspersen CJ, McCurdy T. Examining variations of resting metabolic rate of adults: a public health perspective. Med Sci Sports Exerc 2014;46(7):1352-8. doi:10.1249/MSS.0000000000000232. PMID 24300125. PMC4535334. READ IN FULL. 197 studies, 397 publication estimates, INVERSE-VARIANCE WEIGHTED. Its stated purpose is to test the 1.0 kcal/kg/h metabolic-equivalent convention, which is directive 1.12's exact subject rather than an incidental finding, and its conclusion is that the convention overestimates resting metabolic rate by about 10 percent in men and almost 15 percent in women. || THE STRATUM USED IS NORMAL WEIGHT: men 0.960 (95% CI 0.934-0.985), women 0.926 (0.908-0.945), averaged unweighted to 0.943. || THE ALTERNATIVE, RECORDED SO THE CHOICE IS VISIBLE: the all-BMI means, men 0.892 (0.872-0.912) and women 0.839 (0.825-0.853), averaging 0.866. The two differ by 8 percent. Normal weight is chosen because this model's reference individual is a healthy 70 kg adult and the all-BMI means pool in overweight and obese subgroups whose metabolic rate per kilogram is lower for reasons - fat mass is metabolically less active - that a model with no body composition cannot represent. Fixed in validation/metabolic_rate_prereg.md section 3 BEFORE any consequence for the model was computed.",10.1249/MSS.0000000000000232,reported,human,both,claude-session9,2026-09-05,"THE ROW THAT DISCHARGED TWO ASSUMED NUMBERS AT ONCE. Everything metabolic in this model now descends from a weighted meta-analysis of 197 studies instead of from 1.0 kcal/kg/h, and the meta-analysis exists specifically to say that 1.0 is wrong. || THE RANGE IS THE STRATUM CHOICE - normal-weight against all-BMI - and not a confidence interval; either stratum's own CI is about ten times narrower. Recording the wider, honest number is the point. || PER KILOGRAM, SO IT IS INTENSIVE, and the extensive quantities derived from it scale linearly in mass. THE SOURCE SAYS THAT IS WRONG: metabolic rate per kilogram falls with body mass, from 0.960 in normal-weight men to 0.791 in obese men. So this model overstates the metabolic rate of heavy individuals, which is the same sub-linear scaling defect HANDOVER records for glomerular filtration and cardiac output and needs the same fix - a height row and a sourced body-surface-area formula. || IT ALSO FALLS WITH AGE in both sexes, and this model has no age dimension."
RESP.O2.CONSUMPTION,Whole-body resting oxygen consumption,VO2,L/min STPD,0.228,range,0.2092-0.2280,respiratory,A,"DERIVED from RESP.METABOLIC_RATE by Weir's equation. Weir JB de V. New methods for calculating metabolic rate with special reference to protein metabolism. J Physiol 1949;109(1-2):1-9. PMC1392602. The standard indirect-calorimetry conversion without urinary nitrogen: EE (kcal/min) = 3.941*VO2 + 1.106*VCO2 with both in L/min. With VCO2 = R*VO2 this inverts to VO2 = EE/(3.941 + 1.106*R). At 0.943 kcal/kg/h and 70 kg, EE = 1.1002 kcal/min and R = 0.80, so VO2 = 1.1002/4.8265 = 0.2280 L/min, 228 mL/min. || McMurray RG, Soares J, Caspersen CJ, McCurdy T. Examining variations of resting metabolic rate of adults: a public health perspective. Med Sci Sports Exerc 2014;46(7):1352-8. doi:10.1249/MSS.0000000000000232. PMID 24300125. PMC4535334. READ IN FULL. 197 studies, 397 publication estimates, INVERSE-VARIANCE WEIGHTED. Its stated purpose is to test the 1.0 kcal/kg/h metabolic-equivalent convention, which is directive 1.12's exact subject rather than an incidental finding, and its conclusion is that the convention overestimates resting metabolic rate by about 10 percent in men and almost 15 percent in women. || THE STRATUM USED IS NORMAL WEIGHT: men 0.960 (95% CI 0.934-0.985), women 0.926 (0.908-0.945), averaged unweighted to 0.943. || THE ALTERNATIVE, RECORDED SO THE CHOICE IS VISIBLE: the all-BMI means, men 0.892 (0.872-0.912) and women 0.839 (0.825-0.853), averaging 0.866. The two differ by 8 percent. Normal weight is chosen because this model's reference individual is a healthy 70 kg adult and the all-BMI means pool in overweight and obese subgroups whose metabolic rate per kilogram is lower for reasons - fat mass is metabolically less active - that a model with no body composition cannot represent. Fixed in validation/metabolic_rate_prereg.md section 3 BEFORE any consequence for the model was computed.",,derived,human,both,claude-session9,2026-09-05,"THE ROW ADR 0018 SAID DID NOT EXIST. Its deferral of the Fick relation read 'they need tissue oxygen consumption, which is a metabolic row this model does not have'; §3.27 built the arm from CO2 production over the exchange ratio, and this row now sources the same quantity from the measurement directly. || THE EXCHANGE RATIO BARELY MATTERS HERE, which is why an assumed 0.80 does not block it: the Weir denominator runs 4.771 at R = 0.75 to 4.881 at R = 0.85, ±1.1 percent across the whole plausible resting range. The stratum choice is eight times larger. || 228 mL/min AGAINST THE TEXTBOOK 250, and the 250 is 3.5 mL/kg/min - the metabolic-equivalent convention this source exists to refute. || IT WIDENS A DISCREPANCY RATHER THAN CLOSING ONE, and metabolic_rate_prereg.md branch M3 required that be reported: with cardiac output at 5.95 L/min the oxygen extraction ratio falls from 20.1 percent to 18.3 percent against roughly 23 percent implied by a measured mixed venous saturation near 75. The Fick-consistent cardiac output would be 4.75 L/min. That points at CV.CO.NOMINAL - derived from a CARDIAC-MRI stroke volume, where mixed venous saturation is measured against thermodilution and Fick outputs - and it is NOT closed here by choosing a different stratum. || PRECISION RAISED 2026-09-05: this is a DERIVED row closing an identity, so it carries every digit the arithmetic gives rather than the significant figures of the measurement behind it - the exemption pooling.md records, and the lesson CV.CO.NOMINAL wrote down. Rounding it to four figures put arterial PCO2 out by 1 part in 10,000, which the suite caught. The MEASUREMENT it descends from, RESP.METABOLIC_RATE, stays at the three figures its source reports. || ROUNDED 2026-09-09 TO MEASUREMENT PRECISION at the owner's instruction. Nothing physiological in this model is measured to more than four significant figures, and trailing zeros on a whole number read as precision that is not there. The discarded digits were floating-point residue from the derivation, not information. Directive 1.13."
AB.PK_APPARENT,Apparent pK of the carbon dioxide / bicarbonate pair in plasma,pK_ab,dimensionless,6.10,none,,blood,B,"Bellelli A. Blood buffers: the viewpoint of a biochemist. Physiol Rep 2025;13(9):e70345. PMC12051385. OPEN ACCESS, READ IN FULL. States the apparent pK of the carbon dioxide / bicarbonate pair in plasma as 6.1 at 37 degrees C, citing Ellison G, Straumfjord JV, Hummel JP. Clin Chem 1958;4(6):452-61 - WHICH WAS NOT OPENED, and directive 1.5 means this row cites what was read and names what it did not. The same review uses a carbon dioxide solubility of 0.03 mmol/L/mmHg.",10.14814/phy2.70345,reported,human,both,claude-session9,2026-09-05,"ONE OF THE ROUND NUMBERS acid_base_prereg.md section 3 listed in advance as presumptively unsourced, and it survives - but it is entered because a source states it at a stated temperature, not because it is round. || TIER B, NOT A: the value was read in a review that cites the primary measurement rather than in the primary measurement itself. SOURCES.md permits that with the flag, and the flag is this sentence. || CONDITIONS ARE PART OF THE VALUE: 37 degrees C, normal plasma ionic strength and protein. The apparent pK varies with all three, and the states where it varies most - severe acidosis, hypoalbuminaemia, hypothermia - are states this model does not represent, which is why a fixed value is admissible here and would not be in an intensive care model."
AB.CO2.SOLUBILITY,Solubility of carbon dioxide in plasma at 37 degrees C,S_co2_pl,mmol/L/mmHg,0.030,none,,blood,B,"Bellelli A. Blood buffers: the viewpoint of a biochemist. Physiol Rep 2025;13(9):e70345. PMC12051385. OPEN ACCESS, READ IN FULL. States the apparent pK of the carbon dioxide / bicarbonate pair in plasma as 6.1 at 37 degrees C, citing Ellison G, Straumfjord JV, Hummel JP. Clin Chem 1958;4(6):452-61 - WHICH WAS NOT OPENED, and directive 1.5 means this row cites what was read and names what it did not. The same review uses a carbon dioxide solubility of 0.03 mmol/L/mmHg.",10.14814/phy2.70345,reported,human,both,claude-session9,2026-09-05,"TWO SIGNIFICANT FIGURES BECAUSE THAT IS WHAT THE SOURCE CARRIES. The figure often quoted to three, 0.0301, would change arterial pH by 0.0015 - below the resolution of any blood gas analyser and far below the 0.02 the venous-to-arterial offset on AB.HCO3.PLASMA is worth. Entering the extra digit would be claiming a precision that changes nothing, which is directive 1.9. || NOT TO BE CONFUSED WITH BLOOD.O2.SOLUBILITY, which is oxygen, in mL/dL/mmHg, and a different quantity in different units."
AB.HCO3.PLASMA,Plasma bicarbonate in healthy adults,HCO3,mmol/L,25.04,sd,2.24,blood,A,"National Health and Nutrition Examination Survey 2007-2008, 2009-2010 and 2011-2012, public microdata, file BIOPRO (standard biochemistry profile), variable LBXSC3SI. EXTRACTED HERE: validation/acid_base_extract.py. n = 8809 adults aged 20+, not pregnant, weighted with WTMEC2YR/3 for three pooled cycles. Mean 25.04 mmol/L, SD 2.24, 2.5th-97.5th percentile 20.0-29.0.",,reported,human,both,claude-session9,2026-09-05,"AN INPUT, NOT AN OUTPUT, AND ADR 0020 WAS AMENDED TO SAY SO. That record planned a bicarbonate STATE with renal net acid excretion balancing endogenous acid production. Neither half could be sourced: the renal response to plasma bicarbonate exists in humans almost entirely in disease preparations (pre-registration branch A3, and directive 1.7's fifth subsystem), and net endogenous acid production on an ordinary diet spans threefold across the sources that could be opened - 22 mEq/day measured in 90 healthy omnivorous adults against a conventional 70. A balance whose input flux is uncertain threefold and whose renal gain is unsourced is a balance in which the set-point does all the work. || SO THE DEPENDENCY IS INVERTED for the third time in this model, after arterial PCO2 (ADR 0017) and the thyroid operating point (section 3.26): source the quantity that is actually measured - and plasma bicarbonate is measured in every basic metabolic panel, here in 8809 adults - and let the composed quantity be the output. || THE SCALE CAVEAT, STATED BEFORE IT BITES RATHER THAN AFTER. This is a VENOUS serum TOTAL CARBON DIOXIDE, which is what a clinical chemistry panel measures; Henderson-Hasselbalch wants ARTERIAL BICARBONATE. The two differ twice over: total CO2 includes dissolved gas and carbamino compounds as well as bicarbonate, and venous blood carries more of all of them than arterial. The combined offset is conventionally 1 to 2 mmol/L. || NO CORRECTION IS APPLIED, AND THAT IS DELIBERATE. Applying one would set this parameter from arterial pH, which is the quantity the falsifiable test judges - the error that voided ADR 0019's test 2. The model therefore reports pH 7.420 against a human arterial reference near 7.40, and the 0.02 residual is the size of the unapplied offset: subtracting 1 mmol/L gives 7.402. THAT ARITHMETIC IS THE POINT - the discrepancy is explained and not closed. || This is the THIRD time a measurement-scale mismatch has mattered in this model (HANDOVER section 3.26, section 3.28, and here) and the first time it was caught before rather than after the number was believed. || SEX: no pair taken; ADR 0014's shared-value branch. The NHANES difference between the sexes is small and was not tested here."
BF.HEIGHT.REFERENCE,Adult standing height,height_ref,cm,171.8,sd,7.60,body-fluids,A,"National Health and Nutrition Examination Survey 2007-2008, 2009-2010 and 2011-2012, public microdata, file BMX (body measures), variables BMXHT and BMXWT - MEASURED, not self-reported. EXTRACTED HERE: validation/body_size_scaling_extract.py, pre-registered in validation/body_size_scaling_prereg.md before any number was computed. n = 9300 adults aged 20+, not pregnant, weighted with WTMEC2YR/3 for three pooled cycles: men n = 4605, height 175.83 cm (SD 7.60), weight 88.40 kg; women n = 4695, height 162.11 cm (SD 7.08), weight 75.24 kg.",,reported,human,male,claude-session9,2026-09-05,"THE FIRST HEIGHT IN THIS MODEL, and it exists so that body surface area does. HANDOVER section 4 item 10 recorded the absence as the blocker for sub-linear scaling and for using the large body of INDEXED cardiovascular and renal literature - Luu 2022 (n = 3,206) and Zhan 2024 (n = 12,812) were both rejected for reporting indexed volumes only. || IT IS NOT PAIRED WITH THE MODEL'S REFERENCE MASS AND THAT IS A KNOWN INCONSISTENCY. This is the mean height of adults averaging 88.4 kg (men); the model's reference individual is 70 kg, and shorter people weigh less, so the mean height of 70 kg adults is lower than this. It does not matter for model BEHAVIOUR - size_factor is 1 at the reference mass for any exponent - and it matters by a few per cent for de-indexing. Recorded rather than adjusted, because adjusting it would mean inventing a height-for-weight relation this row does not source. || BF.BODY_MASS.REFERENCE IS 70 kg AND IS `assumed`. NHANES says the US adult mean is 88.4 kg for men and 75.2 for women. The model's reference individual is lighter than the population it is scaled against, which is a separate debt. || ROUNDED 2026-09-09 TO MEASUREMENT PRECISION at the owner's instruction. Nothing physiological in this model is measured to more than four significant figures, and trailing zeros on a whole number read as precision that is not there. The discarded digits were floating-point residue from the derivation, not information. Directive 1.13. || RE-PAIRED TO THE REFERENCE MASS 2026-09-16, deindexing_prereg.md Stage 1, AND IT NEEDED NO NEW SOURCE. This row was the mean height of ALL adults, who average 88.4 kg in men, while the model's reference individual weighs 70. Its own note already called that a known inconsistency that 'matters by a few per cent for de-indexing' - and the correction the de-indexing pass exists to make is 7 percent, in the same direction. Using a mispaired body surface area to fix an indexing error is failure mode 9. || THE QUANTITY IS NOW THE SURVEY-WEIGHTED MEAN HEIGHT OF ADULTS AT THE REFERENCE MASS - the same NHANES 2007-2012 BMX microdata already in validation/data/nhanes and already read by body_size_scaling_extract.py, restricted to 70 +/- 2 kg. n = 366 men and 445 women unweighted, weighted mean weight 70.1 and 70.0 kg. || THE BAND IS A TIE-BREAK AND NOT A DECISION: across +/-1, +/-2, +/-3 and +/-5 kg the resulting BSA spans 0.17 percent in men and 0.22 in women. || THE ASYMMETRY IS THE POINT. NHANES women average 75.2 kg, so the all-adult mean was already nearly right for a 70 kg woman - 162.1 against 162.4, branch B2. NHANES men average 88.4 kg, so it described a man 4 cm taller than a 70 kg man really is: 175.8 against 171.8, BMI 22.6 against a measured 23.7. Branch B1. || BF.BODY_MASS.REFERENCE IS STILL 70 kg AND STILL `assumed`, and the model's reference individual is still lighter than the population it is scaled against. That debt is untouched here and deindexing_prereg.md section 4 forbids moving it in this pass."
BF.HEIGHT.REFERENCE,Adult standing height,height_ref,cm,162.4,sd,7.08,body-fluids,A,"National Health and Nutrition Examination Survey 2007-2008, 2009-2010 and 2011-2012, public microdata, file BMX (body measures), variables BMXHT and BMXWT - MEASURED, not self-reported. EXTRACTED HERE: validation/body_size_scaling_extract.py, pre-registered in validation/body_size_scaling_prereg.md before any number was computed. n = 9300 adults aged 20+, not pregnant, weighted with WTMEC2YR/3 for three pooled cycles: men n = 4605, height 175.83 cm (SD 7.60), weight 88.40 kg; women n = 4695, height 162.11 cm (SD 7.08), weight 75.24 kg.",,reported,human,female,claude-session9,2026-09-05,"See the male row. Women n = 4695, mean weight 75.24 kg. || ROUNDED 2026-09-09 TO MEASUREMENT PRECISION at the owner's instruction. Nothing physiological in this model is measured to more than four significant figures, and trailing zeros on a whole number read as precision that is not there. The discarded digits were floating-point residue from the derivation, not information. Directive 1.13. || RE-PAIRED TO THE REFERENCE MASS 2026-09-16, deindexing_prereg.md Stage 1, AND IT NEEDED NO NEW SOURCE. This row was the mean height of ALL adults, who average 88.4 kg in men, while the model's reference individual weighs 70. Its own note already called that a known inconsistency that 'matters by a few per cent for de-indexing' - and the correction the de-indexing pass exists to make is 7 percent, in the same direction. Using a mispaired body surface area to fix an indexing error is failure mode 9. || THE QUANTITY IS NOW THE SURVEY-WEIGHTED MEAN HEIGHT OF ADULTS AT THE REFERENCE MASS - the same NHANES 2007-2012 BMX microdata already in validation/data/nhanes and already read by body_size_scaling_extract.py, restricted to 70 +/- 2 kg. n = 366 men and 445 women unweighted, weighted mean weight 70.1 and 70.0 kg. || THE BAND IS A TIE-BREAK AND NOT A DECISION: across +/-1, +/-2, +/-3 and +/-5 kg the resulting BSA spans 0.17 percent in men and 0.22 in women. || THE ASYMMETRY IS THE POINT. NHANES women average 75.2 kg, so the all-adult mean was already nearly right for a 70 kg woman - 162.1 against 162.4, branch B2. NHANES men average 88.4 kg, so it described a man 4 cm taller than a 70 kg man really is: 175.8 against 171.8, BMI 22.6 against a measured 23.7. Branch B1. || BF.BODY_MASS.REFERENCE IS STILL 70 kg AND STILL `assumed`, and the model's reference individual is still lighter than the population it is scaled against. That debt is untouched here and deindexing_prereg.md section 4 forbids moving it in this pass."
BF.BSA.REFERENCE,Body surface area of the reference individual,BSA_ref,m2,1.824,none,,body-fluids,A,"DERIVED at BF.BODY_MASS.REFERENCE and BF.HEIGHT.REFERENCE by the Du Bois formula. Du Bois D, Du Bois EF. A formula to estimate the approximate surface area if height and weight be known. Arch Intern Med 1916;17:863-71 - NOT OPENED. The formula is taken from a source that prints it: Kobayashi T, et al. Achieving clinically optimal balance between accuracy and simplicity of a formula for manual use. PLoS One 2023;18(1):e0280569. PMC9858735. OPEN ACCESS, READ IN FULL: 'BSA[m2] = BW[kg]^0.425 x BH[cm]^0.725 x 0.007184'. Directive 1.5: the citation is what was read, with the origin named. || HOW GOOD THE CLASSIC FORMULAS ARE, against DIRECTLY MEASURED surface area: Rybarczyk-Kapuscik A, et al. An improvement of body surface area formulas using the 3D scanning technique. Int J Occup Med Environ Health 2024;37(2):205-19. PMC11142402. OPEN ACCESS, READ IN FULL. 179 adults 3D-scanned. The best-performing established formula carries a mean absolute error of 0.0249 m2, about 1.3 percent, and the established formulas are 'well-suited for estimating BSA values among individuals with a normal physique' while their accuracy 'diminishes when applied to BMI ranges' outside it. That paper's conclusion is that no single universal formula is possible, which is why this row records the alternatives rather than claiming one is correct.",10.1371/journal.pone.0280569,derived,human,male,claude-session9,2026-09-05,"0.007184 * 70^0.425 * 175.83^0.725 = 1.8545 m2. || IT IS NOT 1.73, AND THAT IS WORTH SAYING BECAUSE 1.73 IS EVERYWHERE. The renal indexing convention of 1.73 m2 is a 1928 figure for an average adult of that era, not a measurement of anyone here; directive 1.12 lists it among the round numbers to distrust. The model's reference adult has 7 percent more surface than the convention, so any quantity de-indexed from a per-1.73-m2 figure must be multiplied by 1.8545/1.73 and not taken as-is. || WHY THE DU BOIS FORMULA AND NOT A BETTER ONE. body_size_scaling_prereg.md section 3 fixed the rule before the search: where formulas are comparable, take the one the INDEXED LITERATURE used, because the point of this row is to make that literature usable. The 1.73 m2 renal convention and most cardiac indexing descend from Du Bois. Newer formulas fit direct measurements slightly better and are recorded on BF.SIZE.EXPONENT. || ROUNDED 2026-09-09 TO MEASUREMENT PRECISION at the owner's instruction. Nothing physiological in this model is measured to more than four significant figures, and trailing zeros on a whole number read as precision that is not there. The discarded digits were floating-point residue from the derivation, not information. Directive 1.13. || RE-DERIVED 2026-09-16 AT THE RE-PAIRED HEIGHT, deindexing_prereg.md Stage 1. The formula and its citation are unchanged; only the height it is evaluated at moved. || AND THIS ROW STOPPED BEING UNCONNECTED ON THE SAME DAY. Nothing in this model read it - verified across every Julia and Python file outside the generated LedgerParams.jl - which is the failure ADR 0006 records for Circadian and what directive 1.11 guards. It was sourced on 2026-09-05 and did no work for eleven days."
BF.BSA.REFERENCE,Body surface area of the reference individual,BSA_ref,m2,1.751,none,,body-fluids,A,"DERIVED at BF.BODY_MASS.REFERENCE and BF.HEIGHT.REFERENCE by the Du Bois formula. Du Bois D, Du Bois EF. A formula to estimate the approximate surface area if height and weight be known. Arch Intern Med 1916;17:863-71 - NOT OPENED. The formula is taken from a source that prints it: Kobayashi T, et al. Achieving clinically optimal balance between accuracy and simplicity of a formula for manual use. PLoS One 2023;18(1):e0280569. PMC9858735. OPEN ACCESS, READ IN FULL: 'BSA[m2] = BW[kg]^0.425 x BH[cm]^0.725 x 0.007184'. Directive 1.5: the citation is what was read, with the origin named.",10.1371/journal.pone.0280569,derived,human,female,claude-session9,2026-09-05,"0.007184 * 70^0.425 * 162.11^0.725 = 1.7484 m2, at the SAME 70 kg reference mass as the male row - the sex difference here is height alone, because BF.BODY_MASS.REFERENCE is a single `both` row. Real women are lighter as well as shorter, so this pair understates the difference in surface area. || ROUNDED 2026-09-09 TO MEASUREMENT PRECISION at the owner's instruction. Nothing physiological in this model is measured to more than four significant figures, and trailing zeros on a whole number read as precision that is not there. The discarded digits were floating-point residue from the derivation, not information. Directive 1.13. || RE-DERIVED 2026-09-16 AT THE RE-PAIRED HEIGHT, deindexing_prereg.md Stage 1. The formula and its citation are unchanged; only the height it is evaluated at moved. || AND THIS ROW STOPPED BEING UNCONNECTED ON THE SAME DAY. Nothing in this model read it - verified across every Julia and Python file outside the generated LedgerParams.jl - which is the failure ADR 0006 records for Circadian and what directive 1.11 guards. It was sourced on 2026-09-05 and did no work for eleven days."
BF.SIZE.EXPONENT,Exponent of body surface area in body mass across adults,k_size,dimensionless,0.5083,range,0.5083-0.5836,body-fluids,A,"DERIVED by weighted regression of ln(BSA) on ln(mass) over the NHANES adults below, with BSA from the Du Bois formula. National Health and Nutrition Examination Survey 2007-2008, 2009-2010 and 2011-2012, public microdata, file BMX (body measures), variables BMXHT and BMXWT - MEASURED, not self-reported. EXTRACTED HERE: validation/body_size_scaling_extract.py, pre-registered in validation/body_size_scaling_prereg.md before any number was computed. n = 9300 adults aged 20+, not pregnant, weighted with WTMEC2YR/3 for three pooled cycles: men n = 4605, height 175.83 cm (SD 7.60), weight 88.40 kg; women n = 4695, height 162.11 cm (SD 7.08), weight 75.24 kg. || Du Bois D, Du Bois EF. A formula to estimate the approximate surface area if height and weight be known. Arch Intern Med 1916;17:863-71 - NOT OPENED. The formula is taken from a source that prints it: Kobayashi T, et al. Achieving clinically optimal balance between accuracy and simplicity of a formula for manual use. PLoS One 2023;18(1):e0280569. PMC9858735. OPEN ACCESS, READ IN FULL: 'BSA[m2] = BW[kg]^0.425 x BH[cm]^0.725 x 0.007184'. Directive 1.5: the citation is what was read, with the origin named. || HOW GOOD THE CLASSIC FORMULAS ARE, against DIRECTLY MEASURED surface area: Rybarczyk-Kapuscik A, et al. An improvement of body surface area formulas using the 3D scanning technique. Int J Occup Med Environ Health 2024;37(2):205-19. PMC11142402. OPEN ACCESS, READ IN FULL. 179 adults 3D-scanned. The best-performing established formula carries a mean absolute error of 0.0249 m2, about 1.3 percent, and the established formulas are 'well-suited for estimating BSA values among individuals with a normal physique' while their accuracy 'diminishes when applied to BMI ranges' outside it. That paper's conclusion is that no single universal formula is possible, which is why this row records the alternatives rather than claiming one is correct.",,derived,human,both,claude-session9,2026-09-05,"THE NUMBER THAT CHANGES BEHAVIOUR. src/scaling.jl scaled every extensive quantity LINEARLY in mass and said so against itself: 'GFR and cardiac output are conventionally normalised to BODY SURFACE AREA, which grows sub-linearly with mass, so linear scaling OVERSTATES their spread across a population.' This is that exponent. At 95 kg the size factor falls from 1.357 to 1.168. || IT IS A POPULATION REGRESSION, NOT A GEOMETRIC LAW, AND THE DIFFERENCE IS THE WHOLE POINT. The geometric surface law gives 2/3 and Kleiber's metabolic law 3/4; this is 0.51, and it is lower because in a real adult population mass varies more from ADIPOSITY than from frame size, and fat adds mass with little height and little surface. That is the right exponent for the question this model asks - how does a heavier PERSON differ from a lighter one - and it is the wrong one if body_mass is ever reinterpreted as frame size, where 2/3 would apply. Stated here because the two readings differ by 25 percent at 95 kg. || THE RANGE IS THE FORMULA CHOICE, NOT A CONFIDENCE INTERVAL: Du Bois 0.5083, Mosteller 0.5574, Gehan-George 0.5631, Haycock 0.5836 over the same 9300 adults. The regression's own standard error is far smaller. || ONE EXPONENT FOR EVERY SURFACE-LIKE QUANTITY IS A LUMPING, fixed in the pre-registration before the number was known: glomerular filtration tracks surface area, metabolic rate tracks nearer mass^0.75, and dietary intake tracks metabolic rate. Giving them different exponents would break the sodium and water balances, which require intake and clearance to scale together. THE CONSEQUENCE IS THAT THIS MODEL CANNOT REPRESENT THE REAL SMALL RISE IN ARTERIAL PRESSURE WITH BODY SIZE, and the body-size testset asserts pressure invariance as a property of the closure rather than as physiology. || VOLUMES ARE STILL LINEAR IN MASS and that is now the weaker half: extracellular volume is entered as a mass FRACTION, but fat carries less water than lean tissue, so the model also overstates the fluid volumes of heavy people. Not fixed here - one change at a time - and it needs a body-composition row this model does not have."
RN.NA.MACULA_DENSA_FRACTION,Fraction of filtered sodium reabsorbed before the macula densa,f_md,dimensionless,0.90,none,,renal,C,No admissible source could be opened. See notes.,,assumed,human,both,claude-session9,2026-09-05,"ASSUMED, AND IT IS A ROUND TEACHING NUMBER - directive 1.12, and the pre-registration listed it in advance among the six to distrust. Searches for segmental sodium handling in healthy humans return lithium-clearance studies in cirrhosis, heart failure and hypertension; directive 1.7's sixth subsystem. || IT IS NOT SEPARATELY IDENTIFIABLE FROM RN.MD.RENIN_GAIN, AND THAT IS WHY AN ASSUMED VALUE IS TOLERABLE HERE. This fraction sets the SCALE of distal delivery; the macula densa gain multiplies the FRACTIONAL deviation of that delivery from its own reference. Halving one and doubling the other leaves every model output identical. Since the gain is estimated against salt-renin data, only the product is determined, and entering a sourced fraction would buy nothing until the gain is independently measured too. || IT ADDS NO INFORMATION ABOUT SEGMENTAL HANDLING and ADR 0021's disqualification section says so: the split is OBSERVATIONAL - it defines a variable and does not restructure the sodium equation, which is untouched. || RENAMED 2026-09-17: IT WAS CALLED A PROXIMAL FRACTION AND IT IS NOT ONE. Renal.jl computes Na_distal = Na_filtered*(1-this) and feeds it to md_drive, the MACULA DENSA signal. The macula densa sits at the end of the THICK ASCENDING LIMB - after the proximal tubule and after the loop - so 10 percent delivery is proximal PLUS loop combined. A name carrying a convention its value contradicts is HANDOVER section 3.2's failure mode, and this is the third instance. The param_id, the name and the symbol now say which segment this is. || AND IT IS COMPLETELY INERT, WHICH IS STRONGER THAN WHAT THIS ROW USED TO CLAIM. The note said it was 'not separately identifiable from RN.MD.RENIN_GAIN'. It is worse than that: md_drive = (Na_distal_ref - Na_distal)/Na_distal_ref and the factor (1-this) appears in BOTH, so it CANCELS EXACTLY. MEASURED, not argued: at 0.90 and at 0.74, with Na_distal_ref re-derived to match, MAP, sodium excretion, md_drive, plasma renin and extracellular volume are BIT-IDENTICAL to eight decimal places. Only the REPORTED Na_distal moves. || SO SOURCING THIS ROW WOULD BUY NOTHING BEHAVIOURALLY, and that is why it is still assumed after a pass that went looking for it. What the tubule needs is SEGMENTAL STRUCTURE - regulators acting where they act - not a better number for a parameter that cancels."
RN.MD.RENIN_GAIN,Renin drive per fractional fall in distal sodium delivery,g_md,dimensionless,4.99,none,,raas,B,"ESTIMATED, NOT MEASURED, and ADR 0021's falsifiable test 1 declared it so before the fact. Solved against van den Bosch JJJON, Hessels NR, Visser FW, Krikken JA, Bakker SJL, Riphagen IJ, Navis GJ. Plasma sodium, extracellular fluid volume, and blood pressure in healthy men. Physiol Rep 2021;9(24):e15103. PMID 34921521. PMC8683787. n = 70 healthy normotensive men, crossover, 7 days per level, intake verified by 24 h urinary sodium at 230 +/- 67 against 38 +/- 26 mmol/24 h, with plasma renin activity 2.10 against 5.74 ng/mL/h.",10.14814/phy2.15103,calibrated,human,both,claude-session9,2026-09-05,"THE SALT-RENIN DATA ARE NOW AN ESTIMATION SET AND MUST NEVER BE REPORTED AS AGREEMENT. HANDOVER section 3.15 records what happened the last time an estimation set was quoted back as a validation, and the pre-registration wrote this warning twice before the number existed. || WHAT REMAINS A TEST IS THE FORM, NOT THE FIT. HANDOVER section 7 records that the pressure-only rectified relation caps the achievable renin ratio between two pressures at the ratio of their drives - 1.40 between MAP 88 and 86 - whatever the gain, against a measured 2.73. A ceiling either is or is not exceeded, and no value of the OLD gain exceeds it. That the new form can is a structural result; that it lands on 2.73 is arithmetic. || SECOND CALIBRATED ROW IN THE LEDGER, and the first was the pressure-natriuresis slope. That count was zero-bound and is now going the wrong way; it is the price of a mechanism whose gain nobody has measured in a human without moving three other things at once. || RENAL SYMPATHETIC TRAFFIC IS STILL ABSENT. Section 7 names two missing inputs and this adds one, so the estimate absorbs whatever the sympathetic arm would have contributed. That is the same criticism this repository makes of the old pressure gain, made here against its own new row. || NO ORIGINATING MODEL, AND THAT IS WHY THIS SENTENCE EXISTS. SOURCES.md's `calibrated` label was written for values lifted from another model's fitted parameters, and the gate asks such a row to name that model. There is none: this is solved inside THIS model against human measurements, which makes it a fit rather than a citation and is exactly why it carries the label. Naming the absence is the honest answer to a check that assumed the other case. || THE ESTIMATION COHORT IS MALE - 70 healthy normotensive men - and the row is entered `both` because the mechanism is not sexed in anything found and ADR 0014's shared-value branch applies. If the salt-renin response turns out to be dimorphic, this row inherits a male value applied to women, which is the CV.HEMATOCRIT.NOMINAL failure named on that row. || SOLVED BY BISECTION ON THE MODEL ITSELF, 2026-09-05: at g_md = 5.396 the plasma renin ratio between 38 and 230 mmol/day of sodium is 2.7332, matching van den Bosch's 5.74/2.10 to four figures - which is arithmetic, not agreement. AT g_md = 0 THE SAME RATIO IS 1.142, confirming HANDOVER section 7's ceiling directly rather than by argument. || ONLY THE RATIO IS COMPARABLE. This model's plasma renin activity is NORMALISED to 1.0 at the reference individual, not expressed in ng/mL/h, so its absolute values - 2.72 and 0.99 at those two intakes - cannot be compared with van den Bosch's and are not. || THE ARM IS SIGNED WHERE THE PRESSURE ARM IS RECTIFIED, so a large enough distal delivery would drive the renin target negative. The target is now floored at zero in Raas.jl; the floor is inert at every sourced value - the target is 1.05 at the highest intake in the estimation set - and exists because an unphysical negative would otherwise appear only in a regime nobody had looked at. || RE-ESTIMATED THE SAME DAY, 2.480 -> 5.396, AND NOTHING ABOUT THE DATA CHANGED. What changed is the signal this gain reads: the pressure and natriuretic-peptide terms were removed from distal delivery because both are calibrated against sodium excretion and this arm returns to sodium excretion, which counts the same measurement twice. The remaining signal is smaller, so the gain solved against the SAME van den Bosch ratio is larger. ADR 0021 amendment A6 and HANDOVER section 3.32. || THE FAILURE THAT FOUND IT WAS ACUTE, NOT CHRONIC. The chronic salt sensitivity and every resting value were bit-identical with the double count in place, because aldosterone escape zeroes the tubular effect at steady state. Only Lobo's six-hour saline challenge moved, and it moved by a factor of about 1.5. A model whose steady states are all correct can still be wrong about every transient. || RE-SOLVED 2026-09-16, 5.396 -> 5.81, BECAUSE THE WATER LIMB MOVED AND NOT BECAUSE ANY RENIN DATUM DID. The estimation set is unchanged - van den Bosch's 5.74 and 2.10 ng/mL/h at 24 h urinary sodium 38 and 230 mmol/day - and this row is DEFINED as the value that reproduces their ratio, so when anything upstream of renin moves, this number moves with it or it stops being what its own name says. || WHAT MOVED: urine_solute_prereg.md corrected the reference point of the solute load and then sourced it, and ADH.OSM.SENSITIVITY rose 64 percent as a result. That stiffened the osmotic limb, which changed the extracellular volume excursion across the salt arms, which changed renin. Measured: the salt-renin ratio fell 2.733 -> 2.581, a 5.6 percent drop, of which about a third came from Half A alone. || THAT COUPLING IS THE FINDING AND IT WAS NOT PREVIOUSLY QUANTIFIED. A 64 percent change in the osmoregulatory gain moves the salt-renin response by 5.6 percent, so the two limbs are coupled about an order of magnitude less than one for one - which is worth knowing before the next pass touches either. || IT IS STILL A FIT AND MAY NEVER BE REPORTED AS AGREEMENT. Nothing about the re-solve makes the salt-renin ratio evidence for this model. || PRECISION: entered at THREE significant figures, not the four it carried before. van den Bosch reports 5.74 and 2.10, three figures each, so their ratio is not known to four and a gain solved against it cannot be. Directive 1.13, applied to a row that was already violating it. || RE-SOLVED 2026-09-18, 5.81 -> 5.71, AS A CONSEQUENCE OF THE ADH OSMOTIC MAP PASS (adh_osmotic_map_prereg.md) AND NOT AS A NEW FIT. This row is extraction_method=calibrated and its own note above says it is 'solved inside THIS model against human measurements' - so when the model changes, the solution changes, and leaving it stale would make that sentence false. Sourcing the ADH slope from Baylis 1986 altered the water limb, which feeds ECF volume, which feeds renin; the chronic renin ratio drifted from 2.733 to 2.770, a 1.4 percent excursion that test/runtests.jl caught at rtol 1e-2. || THE TARGET IS UNCHANGED AND THIS IS STILL NOT AGREEMENT. van den Bosch's 5.74 and 2.10 are the same estimation set they always were; re-solving restores an ARITHMETIC identity and reports nothing new. What remains a test is the FORM - that the macula densa arm exceeds the pressure-only ceiling at all - and that is untouched. || NOTHING WAS PHYSIOLOGICALLY WRONG AND NOTHING WAS FIXED - DIRECTIVE 1.13. van den Bosch prints 5.74 and 2.10, so their ratio is about 2.73 and the ROUNDING ALONE spans 2.724-2.743, before any sampling error on a PRA ratio in 70 subjects. THAT MEASUREMENT CANNOT DISTINGUISH 2.77 FROM 2.73. So the drift the test caught was inside the estimation set's own resolution and the value moved in its THIRD SIGNIFICANT FIGURE, which is bookkeeping. What was stale was the INTERNAL IDENTITY - a calibrated row must equal the value that solves the model it is calibrated in - and that is the only reason to touch it. No coupling strength should be read off this 1.7 percent: it is a number about the model's arithmetic, not about physiology. || THE ALTERNATIVE WAS TO WIDEN THE TEST'S TOLERANCE AND IT WAS NOT TAKEN. A calibrated row going stale is fixed by re-solving it, not by loosening the check that noticed. || RE-SOLVED 2026-09-18, 5.71 -> 4.99, BECAUSE THE RENAL SYMPATHETIC ARM NOW SUPPLIES PART OF WHAT THIS GAIN WAS ABSORBING. ADR 0021 decision 7 said in advance that it absorbed the renal sympathetic traffic the model lacked, and A6.3 predicted - before the arm existed - that building that traffic must LOWER this gain. IT DOES, AND THE MEASUREMENT WAS TAKEN BEFORE THE ROW WAS TOUCHED: with the arm off the solved gain is 5.713, reproducing the value that stood, and with the arm on it is 4.99. The instrument read true on the control arm, which is why the 13 percent fall is a result and not an artefact of re-solving. || THE PREDICTION IS CONFIRMED AND IT WAS FALSIFIABLE. Had the gain NOT fallen, ADR 0021 A6.3 named the successor mechanism in advance - tubuloglomerular feedback on the afferent arteriole - and that branch was live until this ran. || THE TARGET IS UNCHANGED AND THIS IS STILL NOT AGREEMENT. van den Bosch's 5.74 and 2.10 remain the ESTIMATION SET they always were; what changed is how much of the ratio the macula densa has to carry alone. Directive 1.13 still binds on the comparison: the target is about 2.73 and its rounding alone spans 2.724-2.743, so no claim rides on the third figure of this gain. || WHAT IT STILL ABSORBS. The renal sympathetic arm now built covers only the DIRECT beta-adrenergic threshold shift on renin (Kirchheim 1985). Sympathetic effects on tubular sodium reabsorption and on afferent arteriolar tone are STILL absent, and tubuloglomerular feedback is still not built, so this gain still absorbs those. The count of calibrated rows in this ledger is unchanged at two."
K.INTAKE.NOMINAL,Dietary potassium intake,K_intake,mmol/day,69.06,range,21.1-144.9,potassium,A,"National Health and Nutrition Examination Survey 2007-2008, 2009-2010 and 2011-2012, public microdata, file DR1TOT, variable DR1TPOTA, restricted to recalls the survey itself flags reliable (DR1DRSTZ = 1). EXTRACTED HERE: validation/macula_densa_potassium_extract.py. n = 8893 adults 20+, not pregnant, weighted WTMEC2YR/3. Mean 69.06 mmol/day, median 64.56, 2.5th-97.5th percentile 21.1-144.9; men 78.82, women 59.84.",,reported,human,both,claude-session9,2026-09-05,"EXTENSIVE, AND SURFACE-LIKE: dietary intake tracks metabolic rate, which is what every other intake row in this model scales as since section 3.30. || A DIETARY RECALL UNDERSTATES INTAKE and the row says so rather than being quietly trusted. The same survey's sodium recall gives 153.6 mmol/day where 24-hour urine collections in US adults run higher, and the model's own BF.NA.INTAKE_NOMINAL is 205. Twenty-four-hour urinary potassium would be the better measurement and NHANES did not collect it in these cycles. || THE UNCERTAINTY IS THE POPULATION SPREAD, not an error on the mean: the mean of 8893 recalls is precise, and what the range says is that people differ sevenfold. || SEXED PAIR AVAILABLE AND NOT TAKEN - 78.8 against 59.8 mmol/day - because the potassium balance closes against a plasma concentration entered as `both`, and sexing one half against an unsexed other is the error metabolic_rate_prereg.md section 4 avoided for CO2 production."
K.RENAL_FRACTION,Urinary share of dietary potassium at the reference intake,f_renal_0,dimensionless,0.884,range,0.681-1.008,potassium,A,"Brunner HR, Baer L, Sealey JE, Ledingham JGG, Laragh JH. The influence of potassium administration and of potassium deprivation on plasma renin in normal and hypertensive subjects. J Clin Invest 1970;49(11):2128-38. doi:10.1172/JCI106430. PMID 4319970. PMC535788. OPEN ACCESS, READ IN FULL from the Europe PMC rendered PDF. 10 NORMAL subjects on a CONSTANT dietary regimen, potassium loaded or depleted with sodium held fixed - a controlled-diet balance study in healthy volunteers, which is the preparation validation/macula_densa_potassium_prereg.md section 2 says to prefer and which almost nothing else in this literature is. || ROWS USED: Table I, normal subjects, restricted to studies at a dietary SODIUM of 100 mEq/day or more, because the remainder were run at 0.5-15 mEq/day where renin is maximally stimulated and the model does not operate. That leaves six: J.S.(2), T.B.(2), G.W., R.H., P.K.(1), G.R.(3).",10.1172/JCI106430,derived,human,both,claude-session9,2026-09-05,"THE MEANING OF THIS ROW CHANGED ON 2026-09-08 AND ITS VALUE DID NOT. It was the urinary share of dietary potassium at EVERY intake; it is now the share AT THE REFERENCE INTAKE, with K.NONRENAL_LOSS_EXPONENT carrying how it moves. The number stays 0.884 and the reference individual is bit-identical, which is the point - promoting a constant to a function is a structural change and it is made without moving any existing result. || THE LEVEL IS BRUNNER'S AND THE SLOPE IS HENE'S, AND THE SPLIT IS DELIBERATE. Hene's own level implies 44.6 mmol/day of urinary potassium at ordinary intake against 61.17 measured by 24-hour collection in the nineteen control arms of Cappuccio 2016 - a 27 percent miss - so its level is out of line with everything else while its WITHIN-SUBJECT change is the only admissible measurement of the rise there is. Slope from the within-subject design, level from the population data, and both halves said out loud rather than blended. || D4 KEPT THIS CONSTANT FOR TWO DAYS AND D5 NOW FIRES. The datum that pointed the other way was Cappuccio's MARGINAL fraction, 0.734; the owner struck it out on the ground that it is the fate of a potassium chloride TABLET rather than of food, so tablet absorption and not renal handling sets it. With it gone the sources no longer disagree. || KEPT AS A CONSTANT ON 2026-09-06 BY DECISION D4 OF validation/potassium_doseresponse_prereg.md, NOT BY DEFAULT. Section 5 fixed IN ADVANCE the shape a rising fraction would take, and section 6 branch D5 would have taken it on two or more admissible studies measuring the rise. THE SOURCES DISAGREE ON THE SIGN. Rising: Hene 1986 (PMID 3523191) 0.63 at 80 mEq/day to 0.78 at 300, Rabelink 1990 (PMID 2266680) about 0.80 at 400 mmol/day - both ABSTRACT-LEVEL ONLY, neither open access. Falling: the MARGINAL fraction in Cappuccio 2016, the share of each supplement appearing in urine, is 0.734 across 19 trials (range 0.37-1.06), BELOW this row, and a marginal below the average makes the average FALL with intake. D4 says report the disagreement and do not split it. || AND THE MARGINAL FRACTION IS NOT A CLEAN MEASUREMENT OF THE DIETARY ONE: it is the fate of a potassium chloride tablet, not of food, and tablet absorption, incomplete 24-hour collections and trial compliance all push it down with the same sign. Reported because it is what was measured; not used to move this row. || THE PRODUCT OF THIS ROW AND K.INTAKE.NOMINAL IS NOW CHECKED AGAINST SOMETHING, WHICH IT NEVER WAS. 0.884 * 69.06 = 61.05 mmol/day of urinary potassium, against 61.17 measured by 24-hour collection in the 19 control arms of Cappuccio 2016 across 12 countries - 0.2 percent. TREAT THAT AS TOO GOOD: NHANES dietary recall understates intake and those cohorts are not American, so two quantities that should not agree this closely do. What it rules out is a gross error in a product that had never been compared with any measurement at all. || Urinary potassium over dietary potassium at the end of each experimental period, in the six admissible studies: 0.852, 0.974, 0.845, 1.008, 0.945, 0.681; mean 0.884. The residual is stool, which this model does not have. || THE RANGE INCLUDES A VALUE ABOVE 1, which is not an error: those subjects were in negative potassium balance during a load, still excreting stores laid down earlier. A one-compartment model cannot represent that and the range records it. || IT IS A FRACTION, SO IT IS INTENSIVE, and the intake it multiplies already scales. || TWO GOOD GROUPS DISAGREE AND IT IS NOT AVERAGED HERE. This row is a CONSTANT and the human fraction is not: Hene 1986 (PMID 3523191) measured urinary potassium 50 of 80 mEq/day, rising to 233 of 300, so 0.63 -> 0.78; Rabelink 1990 (PMID 2266680) about 0.80 at 400 mmol/day. Every Utrecht value is BELOW Brunner's 0.884 and the fraction clearly RISES WITH INTAKE, which this model cannot represent. Not pooled, because all three Utrecht numbers are abstract-level - none is open access - and averaging abstracts against a full-text extraction needs its own pre-registration. ADR 0021 amendment A7 disagreement 1."
K.NONRENAL_LOSS_EXPONENT,Exponent on intake in the urinary share of dietary potassium,p_K,dimensionless,0.4,range,-0.08-0.87,potassium,B,"Hene RJ, Koomans HA, Boer P, Dorhout Mees EJ. Adaptation to chronic potassium loading in normal man. Mineral and Electrolyte Metabolism 1986;12(3):165-72. PMID 3523191. SIX HEALTHY MALES, 18 days, controlled diet, 80 -> 300 mEq/day of potassium; urinary potassium 50 +/- 12 -> 233 +/- 45 mEq/day, so the non-renal loss went 30 -> 67 mmol/day. ABSTRACT-LEVEL ONLY - the paper is not open access and no full text was obtained, and the row says so rather than implying a full reading. It is the ONLY admissible study that measures the change WITHIN subjects, which is why it sets the shape and not the level. Extracted in validation/potassium_doseresponse_extract.py.",,derived,human,both,claude-session9,2026-09-08,"THE EXPONENT ON INTAKE IN THE URINARY SHARE, and the row that stops K.RENAL_FRACTION being a constant. Non-renal potassium loss goes as intake^(1 - p) = intake^0.61, so the share reaching the urine RISES with intake. || THE SHAPE WAS FIXED BEFORE THE DATA WERE SEEN, in section 5 of validation/potassium_doseresponse_prereg.md committed at 1698d2a, and the only thing the data chose was this number. || DERIVED FROM HENE'S TWO WITHIN-SUBJECT POINTS: the ratio of non-renal losses, 0.3750/0.2233 = 1.679, over an intake ratio of 3.75, gives p = ln(1.679)/ln(3.75) = 0.392, entered at two figures because that is what two means of six subjects support. || IT IS 1.6 STANDARD ERRORS FROM ZERO AND THE INTERVAL INCLUDES A CONSTANT FRACTION. Propagating the published SDs as standard errors of the mean (12/sqrt(6) and 45/sqrt(6)) gives p = 0.39 +/- 0.24, 95 percent interval -0.08 to 0.87. THE STATISTIC DOES NOT CARRY THIS ROW. What carries it is that colonic potassium secretion rises with intake, which is E1, so a constant share would require the gut to scale its losses exactly with the diet - and the owner's judgement, on 2026-09-08, that the one datum pointing the other way measured tablet absorption rather than renal handling. || ONE STUDY, SIX SUBJECTS, ABSTRACT ONLY. That is the weakest provenance of any structural row in this ledger and it is stated here rather than left to be discovered. A second within-subject dataset would either tighten it or refute it, and Holbrook 1984 (Am J Clin Nutr, PMID 6486085, metabolic balance on self-selected diets) is the candidate that was not obtainable. || RABELINK 1990's 0.80 AT 400 mmol/day IS NOT USED HERE and the pre-registration's own rule is why: that figure is the SECOND 24-hour period of the load, and section 2 requires the intake held five days. It was quoted as supporting evidence for two days and never qualified. || WHAT IT CANNOT DO: represent potassium DEPLETION. Below the reference intake this curve keeps falling, where a real kidney conserves hard and Brunner's depletion periods show urinary excretion EXCEEDING intake as a store empties. || HOLBROOK 1984 ARGUES AGAINST THIS ROW AND IS THE BETTER STUDY. Holbrook JT, Patterson KY, Bodner JE, Douglas LW, Veillon C, Kelsay JL, Mertz W, Smith JC. Am J Clin Nutr 1984;40(4):786-93. doi:10.1093/ajcn/40.4.786. PMID 6486085. ABSTRACT-LEVEL ONLY - not open access, and the publisher, the DOI redirect and the USDA repository were all tried without reaching the full text. 28 adults, one year, four 7-day balances, meals and beverages and urine AND FECES by atomic absorption, SELF-SELECTED FOOD DIETS - so the tablet-absorption objection that removed Cappuccio's marginal fraction does not touch it. Apparent absorption of potassium 85 percent, and it 'DID NOT CHANGE SIGNIFICANTLY OVER THE WIDE RANGE OF INTAKES'. Apparent absorption already nets out colonic secretion, so a flat value across intakes is a direct statement that p = 0. || WHAT DEFENDS THIS ROW IS RANGE AND ONLY RANGE. Holbrook's subjects ate what they chose, so the span is that of self-selected diets - roughly 38 to 115 mmol/day - and across exactly that span this curve moves f_renal 0.853 to 0.905, about five percentage points, which 28 people with balance-study noise would not resolve. Hene's 80 to 300 is the range the model must span and Holbrook's design cannot test it. THAT IS A DEFENCE, NOT A REFUTATION: Holbrook has 28 subjects to Hene's 6, measures the gut term directly rather than by subtraction, and explicitly tested constancy and found it. || RECORDED HERE RATHER THAN LEFT FOR A READER TO FIND, because a row whose best contrary evidence lives only in a commit message is a row that will be quoted without it. OPEN-QUESTIONS B12. || DECIDED 2026-09-08 BY THE OWNER, OPTION 1 OF OPEN-QUESTIONS B12: the row stands, on the range argument alone. THE DEFENCE IS NOW A TEST rather than a paragraph - the suite asserts that this curve moves f_renal less than six percentage points across Holbrook's plausible span (38 to 115 mmol/day; presently 0.052), which is the whole reason a 28-subject balance study could report constancy without contradicting it. If anything ever steepens this exponent that assertion fires and the defence is gone with it. || PRECISION CORRECTED 2026-09-09 under directive 1.13, second pass. The interval is -0.08 to 0.87 and includes zero; it supports one figure. The first pass rounded this row but stopped one figure short, because the gate then allowed two figures beyond what the interval supports - a tolerance I had given myself rather than the rule. The gate now enforces the rule exactly. Discarded digits were inside the row's own stated interval, so no claim changes."
K.RENAL_FRACTION_MAX,Limiting urinary share of dietary potassium at large intake,f_renal_max,dimensionless,1,none,,potassium,C,No source. A boundary condition on the steady-state mass balance - see notes.,,assumed,human,both,claude-session9,2026-09-08,"A BOUNDARY CONDITION, NOT A MEASUREMENT, AND NOT A FITTED PARAMETER. At steady state urinary excretion cannot exceed dietary intake, and the non-renal loss grows more slowly than intake (K.NONRENAL_LOSS_EXPONENT), so the urinary share tends to one as intake grows. Setting it to exactly 1.0 removes a free parameter from the form fixed in section 5 of validation/potassium_doseresponse_prereg.md rather than fitting three parameters to two data points. || IT IS AN ASYMPTOTE THE MODEL NEVER APPROACHES IN ANY RANGE IT IS VALID FOR: at four times the reference intake the share is 0.94, and the model is not to be run at intakes where the difference from 1.0 would matter. || IF A SOURCE EVER MEASURES THE SHARE AT A VERY HIGH SUSTAINED INTAKE and finds it plateauing below 1, this row becomes a fitted parameter and the exponent must be re-solved with it. Nothing found does. || HOLBROOK 1984 PUTS A CEILING ON THIS ROW THAT THE MODEL DOES NOT RESPECT, AND NO VALUE WAS CHANGED ON THE STRENGTH OF AN ABSTRACT. At steady state the urinary fraction cannot exceed the ABSORBED fraction, and Holbrook (PMID 6486085, 28 adults, faecal analysis, food diets) measures apparent absorption at 85 percent and flat across intakes. This row is 1.0 on a weaker conservation argument - that urinary excretion cannot exceed INTAKE - and the model's fraction sits above 0.85 at every intake: 0.884 at the reference and 0.942 at 400 mmol/day. || IF HOLBROOK'S FLAT 0.85 IS RIGHT, THIS ROW SHOULD BE ABOUT 0.85 AND K.NONRENAL_LOSS_EXPONENT SHOULD BE ZERO - which is the constant fraction this model had before 2026-09-08. The two rows stand or fall together and OPEN-QUESTIONS B12 is the decision. || THE ASYMPTOTE IS NEVER APPROACHED IN ANY RANGE THIS MODEL IS VALID FOR, which is why the tension is tolerable while it is being decided rather than a reason to ship two values in one week. || DECIDED 2026-09-08 BY THE OWNER, OPTION 1 OF OPEN-QUESTIONS B12: the row stands, on the range argument alone. THE DEFENCE IS NOW A TEST rather than a paragraph - the suite asserts that this curve moves f_renal less than six percentage points across Holbrook's plausible span (38 to 115 mmol/day; presently 0.052), which is the whole reason a 28-subject balance study could report constancy without contradicting it. If anything ever steepens this exponent that assertion fires and the defence is gone with it. || ROUNDED 2026-09-09 TO MEASUREMENT PRECISION at the owner's instruction. Nothing physiological in this model is measured to more than four significant figures, and trailing zeros on a whole number read as precision that is not there. The discarded digits were floating-point residue from the derivation, not information. Directive 1.13."
K.PLASMA.REFERENCE,Plasma potassium in healthy adults,K_p_ref,mmol/L,3.968,sd,0.320,potassium,A,"National Health and Nutrition Examination Survey 2007-2012, file BIOPRO, variable LBXSKSI. n = 8809 adults 20+, not pregnant, weighted. Mean 3.968 mmol/L, SD 0.320.",,reported,human,both,claude-session9,2026-09-05,"AN INPUT, NOT AN OUTPUT, AND ADR 0021's FALSIFIABLE TEST 2 IS THEREFORE VOID. The pre-registration named this row a target and forbade using it to set a parameter; that is exactly what K.FRACTIONAL_EXCRETION now does, and saying so is the only honest way to enter it. || WHY: renal potassium clearance in healthy adults could not be sourced. Searches for fractional potassium excretion, potassium clearance and renal potassium handling return diabetic ketoacidosis, chronic kidney disease, diuretic therapy, transplantation and Gitelman syndrome - directive 1.7 disqualifying a sixth literature, which macula_densa_potassium_prereg.md section 2 predicted in advance. Branch P4 said not to build a balance whose outflow is invented; the outflow's SHAPE is sourced from Brunner and only its LEVEL is not, which is a case the pre-registration did not anticipate and amendment 9 records. || FOURTH DEPENDENCY INVERSION IN THIS MODEL, after arterial PCO2 (ADR 0017), the thyroid operating point (section 3.26) and plasma bicarbonate (section 3.29). The pattern is now the rule rather than the exception: WHERE A CONCENTRATION IS MEASURED IN THOUSANDS OF PEOPLE AND ITS CLEARANCE IS MEASURED IN NOBODY HEALTHY, THE CONCENTRATION IS THE INPUT. || WHAT REMAINS A PREDICTION is the RESPONSE: how plasma potassium moves when intake or filtration changes depends on the sourced fractional excretion shape and not on this row."
K.FRACTIONAL_EXCRETION,Fractional excretion of filtered potassium at the reference state,FE_K,dimensionless,0.1009,none,,potassium,B,DERIVED to close the potassium balance at the reference individual: FE_K = K.RENAL_FRACTION * K.INTAKE.NOMINAL / (RN.GFR.NOMINAL * K.PLASMA.REFERENCE). Sources on those rows.,,derived,human,both,claude-session9,2026-09-05,"IT LANDS AT ABOUT 10 PERCENT, WHICH IS WHERE THE TEXTBOOK PUTS IT - and that is a coincidence worth stating rather than a confirmation, because this row is DERIVED from the plasma potassium it would otherwise predict. It is the closure of the balance and not a measurement. || IT IS TEN TIMES THE FRACTIONAL EXCRETION OF SODIUM, which is the whole difference between the two ions in this nephron: sodium is reabsorbed and potassium is SECRETED distally, so its excretion can exceed what a purely reabsorptive nephron could deliver. The model does not represent the secretion, only its result. || WHAT IT MAKES IMPOSSIBLE: any statement about renal potassium handling as such. The model can say what happens to plasma potassium when intake or filtration changes, and cannot say anything about the distal nephron that was not put in here. || THE ROW ONCE SAID THIS LEVEL COULD NOT BE SOURCED BECAUSE THE CLEARANCE IS NOT MEASURED IN HEALTHY PEOPLE. THAT WAS FALSE and ADR 0021 amendment A7 retracts it: the Utrecht balance studies (Hene 1986 PMID 3523191, Hene 1988 PMID 3199680, Rabelink 1990 PMID 2266680) are six healthy volunteers each on controlled intake, and the search term was the bedside phrase rather than the physiology. What is true is narrower: no admissible study reports intake, plasma potassium AND glomerular filtration in the same healthy subjects, which is this model's own composite, so the row stays derived. || AND THE ROW BARELY MATTERS, WHICH IS MEASURED: sweeping it 0.04 to 0.16 moves steady-state plasma potassium only 4.18 to 3.87 mmol/L. The exponent pins the concentration, so falsifiable test 2 would be weak even with this row perfectly sourced. || ROUNDED 2026-09-09 TO MEASUREMENT PRECISION at the owner's instruction. Nothing physiological in this model is measured to more than four significant figures, and trailing zeros on a whole number read as precision that is not there. The discarded digits were floating-point residue from the derivation, not information. Directive 1.13."
K.DISTRIBUTION_VOLUME,Apparent distribution volume of a potassium load,V_K,L,42,none,,potassium,C,No admissible source could be opened. See notes.,,assumed,human,both,claude-session9,2026-09-05,"ASSUMED at total body water, 0.6 L/kg, which is the crudest possible statement of the fact that a potassium load distributes into cells as well as into the extracellular fluid. The extracellular volume alone would be 14.6 L and would make plasma potassium three times more responsive than it is. || IT SETS THE TIME CONSTANT AND NOTHING ELSE. At steady state the balance is intake against excretion and this volume cancels, so every resting value and every steady-state response in this model is independent of it. What it changes is how fast plasma potassium moves after a step - which is why it is tolerable as an assumed row and why NO ACUTE POTASSIUM MAGNITUDE MAY BE REPORTED, exactly as BF.ICF_ECF.OSMOTIC_TAU blocks acute osmotic magnitudes. || EXTENSIVE, and MASS-like rather than surface-like: it is a fluid volume, and section 3.30 puts fluid compartments on mass. || ROUNDED 2026-09-09 TO MEASUREMENT PRECISION at the owner's instruction. Nothing physiological in this model is measured to more than four significant figures, and trailing zeros on a whole number read as precision that is not there. The discarded digits were floating-point residue from the derivation, not information. Directive 1.13."
RAAS.ALDO.K_GAIN,Fractional aldosterone rise per mmol/L rise in plasma potassium,g_aldo_K,1/(mmol/L),2.2,range,0.833-3.270,raas,A,"Brunner HR, Baer L, Sealey JE, Ledingham JGG, Laragh JH. The influence of potassium administration and of potassium deprivation on plasma renin in normal and hypertensive subjects. J Clin Invest 1970;49(11):2128-38. doi:10.1172/JCI106430. PMID 4319970. PMC535788. OPEN ACCESS, READ IN FULL from the Europe PMC rendered PDF. 10 NORMAL subjects on a CONSTANT dietary regimen, potassium loaded or depleted with sodium held fixed - a controlled-diet balance study in healthy volunteers, which is the preparation validation/macula_densa_potassium_prereg.md section 2 says to prefer and which almost nothing else in this literature is. || ROWS USED: Table I, normal subjects, restricted to studies at a dietary SODIUM of 100 mEq/day or more, because the remainder were run at 0.5-15 mEq/day where renin is maximally stimulated and the model does not operate. That leaves six: J.S.(2), T.B.(2), G.W., R.H., P.K.(1), G.R.(3).",10.1172/JCI106430,derived,human,both,claude-session9,2026-09-05,"THE JOIN, AND THE REASON ADR 0021 IS ONE RECORD AND NOT TWO. d ln (aldosterone) / d[K] across each admissible study: 1.867, 2.733, 0.833, 2.242, 3.270 per mmol/L; mean 2.189, median 2.242. The G.W. study is excluded from the gain because its plasma potassium moved only 0.10 mmol/L and dividing by that gives 9.6 - an artefact of a small denominator, not a measurement. || A FOURFOLD SPREAD, AND IT IS REPORTED RATHER THAN NARROWED. Potassium loading also causes a natriuresis, which moves aldosterone through renin, so no study here isolates the potassium arm. That confounding is intrinsic to the preparation and not a defect of these six. || MIXED SECRETION AND EXCRETION RATES. Brunner's Table I marks each aldosterone value `s` or `e`; the gain is a LOG RATIO within a subject, so a constant conversion between the two cancels and mixing them is admissible where mixing the levels would not be. || THE RETURN ARM IS NOT BUILT: aldosterone does not act on potassium excretion in this model, because every human study found moves potassium intake and aldosterone together and neither gain can be separated from the other. ADR 0021 decision 5 is amended accordingly, and the consequence is that the potassium loop is closed by plasma potassium alone. || PRECISION CORRECTED 2026-09-09. The value carried more significant figures than its own reported interval supports, which tools/ledger_to_julia.py now refuses. Rounding it changes no claim - the discarded digits were below the width of the interval this row itself reports. || PRECISION CORRECTED 2026-09-09 under directive 1.13, second pass. An interval of 0.833-3.270 is +/-55% and supports two figures. The first pass rounded this row but stopped one figure short, because the gate then allowed two figures beyond what the interval supports - a tolerance I had given myself rather than the rule. The gate now enforces the rule exactly. Discarded digits were inside the row's own stated interval, so no claim changes."
K.EXCRETION_EXPONENT,Exponent of renal potassium excretion in plasma potassium,n_K,dimensionless,18,range,11.9-24.7,potassium,A,"Cappuccio FP, Buchanan LA, Ji C, Siani A, Miller MA. Systematic review and meta-analysis of randomised controlled trials on the effects of potassium supplements on serum potassium and creatinine. BMJ Open 2016;6(8):e011716. doi:10.1136/bmjopen-2016-011716. PMID 27566636. PMC5013341. OPEN ACCESS (CC BY-NC), READ IN FULL from the Europe PMC full text. 20 trials, 21 independent groups, 1216 participants, 12 countries, minimum four weeks of supplementation, and INTAKE VERIFIED BY 24-HOUR URINE COLLECTION - which validation/potassium_doseresponse_prereg.md section 2 requires and dietary recall does not satisfy. Table 1 reports urinary potassium AND plasma or serum potassium in both arms of every trial, which is the elasticity this row is the reciprocal of, measured twenty times over. Extracted in validation/potassium_doseresponse_extract.py.",10.1172/JCI106430,derived,human,both,claude-session9,2026-09-05,"RE-SOURCED 2026-09-06 UNDER validation/potassium_doseresponse_prereg.md, WHICH WAS COMMITTED AT 1698d2a BEFORE THE SEARCH WAS RUN. The value moved 17.71 -> 17.73, which is nothing, AND THAT IS NOT WHAT THIS PASS BOUGHT. || WHAT CHANGED IS THE DISPERSION. The row previously rested on six studies in ten subjects (Brunner 1970) whose per-study exponents were 16.31, 19.11, 23.45, 3.45, 13.26 and 41.68 - a TWELVEFOLD spread, and the weakest number in the potassium component. It now rests on 1216 participants with a 95 percent interval of 11.9 to 24.7, which excludes both ends of that spread. The pre-registration's section 8 fixed exactly that as the test of whether the pass was worth running. || THIS ROW IS AN ELASTICITY AND THAT IS WHY IT TRANSFERS. At this model's steady state 1/n_K is d ln(plasma potassium) / d ln(intake), which is dimensionless and survives differences in assay, cohort and country - the property section 3.26 established the hard way when a thyroid slope and a concentration turned out not to share a measurement scale. || THREE INDEPENDENT ROUTES AGREE TO 11 PERCENT: the pre-registered admissible subset of this paper gives 17.73, the full pooled meta-analysis 16.00, and Brunner's median 17.71. The two that carry a dispersion disagree by far less than either dispersion. || THE VALUE COMES FROM THE ADMISSIBLE SUBSET AND THE INTERVAL FROM THE FULL POOL, and the split is deliberate. Pre-registration section 2 excludes hypertensive cohorts and diuretics, which costs 16 of the 19 trials that report both quantities; three trials cannot carry a dispersion and 1216 participants can. Both come from this one paper and neither is a different study. || POOLED AS A RATIO OF SUMS, not as a mean of ratios. Two trials report IDENTICAL plasma potassium in both arms, so their exponent is infinite and no mean of exponents exists; one (Siani 1987) is NEGATIVE, plasma potassium falling on a supplement, and it is kept because discarding the inconvenient sign narrows a spread without evidence. || BRUNNER 1970 IS DEMOTED TO A COMPARISON and stays in the record. Its median was right; what it could not carry was an interval. || WHAT THIS DOES NOT FIX: there is still no potassium adaptation in this model - OPEN-QUESTIONS B11 - and the pre-registration's section 7 forbade this pass from touching it. || THE ROW THE SUITE DEMANDED. Excretion was first written LINEAR in plasma potassium, which makes the steady-state concentration PROPORTIONAL to intake: doubling a normal diet gave 7.6 mmol/L, a lethal hyperkalaemia from an ordinary dietary variation, and ADR 0021's falsifiable test 3 caught it on its first run. || d ln(intake) / d ln(plasma potassium) at steady state, per admissible study: 16.31, 19.11, 23.45, 3.45, 13.26, 41.68. MEDIAN 17.71 entered, and the median rather than the mean because two studies sit at the ends of a twelvefold spread and a mean would follow them. || A TWELVEFOLD SPREAD, REPORTED. What every value agrees on is that the exponent is FAR above 1, which is the physiological content: renal potassium excretion adapts so steeply that a fortyfold change in intake moves plasma potassium by a third. || IT LUMPS THREE MECHANISMS INTO ONE EXPONENT, and this is where ADR 0021 decision 5 is amended. Excretion rises with aldosterone, with distal flow and with plasma potassium; every human study found moves all three together, so no gain separates from the others. Collapsing them onto plasma potassium is a LUMPING and not a claim that the other two do not exist - and it means aldosterone's effect on potassium is present in this number rather than absent from the model. || WHAT IT DISQUALIFIES: anything whose perturbed variable is one of the three separately. Spironolactone, a potassium-sparing diuretic, primary aldosteronism and a pure flow change are all outside this model, because the model cannot tell them apart from a change in plasma potassium. || INDEPENDENTLY CORROBORATED IN DIRECTION, NOT IN MAGNITUDE. Hene 1988 (PMID 3199680), six healthy males on fixed sodium and potassium intake, reports 'a steep positive relation between plasma K and urine K' - which is this exponent's qualitative claim, from a different group, and the reason a value far above 1 is not an artefact of Brunner's six studies. No number could be taken: the paper is not open access and only its abstract was read. || WHAT IT DOES NOT COVER IS ADAPTATION. Rabelink 1990 (PMID 2266680) found renin and aldosterone back at baseline by day 20 of a 400 mmol/day load with kaliuresis maintained; a fixed exponent holds aldosterone at 2.80 times baseline for ever. ADR 0021 amendment A7 disagreement 2. || PRECISION CORRECTED 2026-09-09. The value carried more significant figures than its own reported interval supports, which tools/ledger_to_julia.py now refuses. Rounding it changes no claim - the discarded digits were below the width of the interval this row itself reports. || PRECISION CORRECTED 2026-09-09 under directive 1.13, second pass. An interval of 11.9-24.7 is +/-36% and supports two figures. The first pass rounded this row but stopped one figure short, because the gate then allowed two figures beyond what the interval supports - a tolerance I had given myself rather than the rule. The gate now enforces the rule exactly. Discarded digits were inside the row's own stated interval, so no claim changes."
RBC.LIFESPAN,Mean red cell lifespan,tau_rbc_life,day,120,range,120-146,blood,C,Conventional figure. The biotin-labelling primaries were NOT opened.,,assumed,human,both,claude-session12,2026-09-16,"ASSUMED, NOT REPORTED, AND THE HONEST REASON IS THAT NO PRIMARY WAS OPENED. Directive 1.5 forbids writing a citation I have not read, and the biotin-labelling studies reached in this pass were at search-summary level only. || THE ROUND 120 IS A TEACHING NUMBER AND THE MEASUREMENTS SIT ABOVE IT, which is directive 1.12 with the usual sign: biotin-labelled transfused red cells give a mean lifespan near 132 days (95 percent CI 120-146) for fresh blood and near 124 (109-142) for stored, so the conventional 120 sits at or below the lower confidence bound rather than at the centre. Those are POST-TRANSFUSION survivals carrying a storage lesion autologous cells do not, so 132 is a floor and not a centre. The range recorded here is the fresh-blood interval. || IT BARELY MATTERS, AND SAYING WHY IS THE POINT. Only the COMBINATION lifespan/(1+gain) is identified by the recovery data that sets RBC.PRODUCTION_GAIN, so an error here is absorbed by the gain and the recovery time - the only behaviour tested - is unchanged. The lifespan alone would matter to anything reading the steady-state erythropoietic turnover, and NOTHING IN THIS MODEL READS IT. Section 3.26's rule applied: where two rows are not separately identifiable, the composite is the real quantity and the split is bookkeeping."
RBC.RECOVERY_TAU,Red cell mass recovery time constant,tau_rbc,day,24,range,12-24,blood,B,"Pottgiesser T, Specker W, Umhau M, Dickhuth H-H, Roecker K, Schumacher YO. Recovery of hemoglobin mass after blood donation. Transfusion 2008;48(7):1390-1397. PMID 18466177. ABSTRACT READ IN FULL via the E-utilities API; full text not opened. 29 healthy male volunteers aged 30 +/- 10 donated about 550 mL of whole blood, losing 75 +/- 15 g of haemoglobin mass (8.8 +/- 1.9 percent), measured by optimised carbon monoxide rebreathing, and recovered it in 36 +/- 11 days (range 20-59).",10.1111/j.1537-2995.2008.01719.x,derived,human,both,claude-session12,2026-09-16,"DERIVED FROM POTTGIESSER'S RECOVERY TIME UNDER A STATED INTERPRETATION, AND THE INTERPRETATION IS THE UNCERTAINTY. The paper reports the deficit recovered after 36 +/- 11 days. THAT IS A RETURN TO BASELINE, NOT A TIME CONSTANT, and how many time constants it represents depends on the precision at which return was declared. || CO rebreathing resolves haemoglobin mass to roughly 2 percent and the deficit was 8.8 percent, so a decay to within measurement noise is 8.8 -> 2, which is 1.48 time constants and gives tau = 24 days. Read instead as conventional full recovery at 3 time constants it gives 12. THE ENTERED RANGE 12-24 IS THAT INTERPRETATION SPREAD AND NOT A CONFIDENCE INTERVAL, and saying which is which is directive 1.9. The 24 is taken because a study reporting per-subject recovery times spanning 20-59 days was detecting return against measurement precision, not fitting an exponential. || IT IS AN ESTIMATION SET AND MAY NEVER BE REPORTED AS AGREEMENT. ADR 0023 falsifiable test 2 - that the haemorrhage settlement unwinds - therefore survives as a claim about DIRECTION AND TIMESCALE SEPARATION, never about magnitude. || AND IT IS NOT A PURE ERYTHROPOIETIC RATE. Donation removes IRON as well as cells, and iron supply rather than erythropoietic drive limits recovery in many donors: the same literature reports recovery beyond 300 days in young women against 36 in these men. This row therefore LUMPS erythropoietic drive with iron availability, the way K.EXCRETION_EXPONENT lumps aldosterone, distal flow and plasma potassium. THE MODEL CANNOT DISTINGUISH AN ERYTHROPOIETIC DEFECT FROM IRON DEFICIENCY, and that is why. || MEN ONLY, n = 29. Recovery is markedly slower in women and this row carries no pair, so it is a male number applied to both - the CV.HEMATOCRIT.NOMINAL failure of section 3.8, declared in advance this time instead of found later."
RBC.PRODUCTION_GAIN,Fractional rise in red cell production per fractional fall in arterial oxygen content,G_epo,dimensionless,4.0,range,4.0-9.0,blood,B,Derived from RBC.LIFESPAN and RBC.RECOVERY_TAU.,,derived,human,both,claude-session12,2026-09-16,"DERIVED: G = lifespan/tau - 1 = 120/24 - 1 = 4.0. With first-order destruction and production scaled by the oxygen deficit, the deficit decays with time constant lifespan/(1+G), so the feedback speeds recovery by exactly (1+G) - here about fivefold against the passive decay the lifespan alone would give. || THE RANGE IS THE INTERPRETATION SPREAD ON RBC.RECOVERY_TAU propagated through, not a confidence interval. || THE SENSED SIGNAL IS ARTERIAL OXYGEN CONTENT AND NOT ERYTHROPOIETIN, declared in erythropoiesis_prereg.md section 4 before any source was opened. Erythropoietin answers to renal TISSUE oxygenation - renal delivery against renal consumption, and consumption tracks tubular sodium reabsorption - and this model has no renal blood flow, no renal oxygen consumption and no filtration fraction. Arterial content is what the model computes and it falls in exactly the two states that raise erythropoietin, anaemia and hypoxia. It is the same reduction ADR 0010 makes: named after a hormone, keyed to what the model has, carrying no hormone state. || WHAT THIS FORECLOSES: the model CANNOT REPRESENT ANAEMIA OF RENAL DISEASE, where the kidney fails to make erythropoietin at a normal arterial oxygen content. That is the paradigm case the reduction excludes, and it is written on the row rather than discovered later."
RBC.MCHC,Mean corpuscular haemoglobin concentration,MCHC,g/dL,33.775,none,,blood,A,Derived from CV.HEMATOCRIT.NOMINAL and BLOOD.HB_CONCENTRATION.,,derived,human,male,claude-session12,2026-09-16,"DERIVED AS Hb/Hct = 15.3/0.453 = 33.775 g per dL of red cells, and IT INTRODUCES NO NEW SOURCE: both parents are already in this ledger from THE SAME COHORT AND STRATUM (section 3.24). || IT TURNS AN EXISTING COINCIDENCE INTO A STRUCTURAL IDENTITY. Section 3.24 already reports these implied values as a real check - 33.8 male and 33.4 female, both inside a normal 32-36, and it notes the check could have failed. Making haemoglobin follow red cell mass through this constant is what lets arterial oxygen content respond to a bleed at all, and it removes a redundancy rather than adding a parameter. || CONSTANCY IS AN ASSUMPTION AND IT IS THE MODEL'S OWN SCOPE THAT JUSTIFIES IT. MCHC falls in iron deficiency - hypochromia - and this model has no iron, so holding it constant is consistent with what the model can represent rather than with all of haematology. Across the haematocrit range a 1 L bleed traverses here, 0.453 to 0.373, a healthy MCHC does not move materially. Branch E5 of the pre-registration therefore does NOT fire and haemoglobin becomes derived. || IT CARRIES FIVE FIGURES AND THAT IS NOT A PRECISION CLAIM. This row exists to CLOSE AN IDENTITY - Hb = MCHC*Hct at the reference state - and check_closure.py asserts it. CLAUDE.md's precision rule exempts exactly this case, because rounding a closure constant to the precision of its parents is what moved the operating point in the first place: 33.8*0.453 = 15.311 against a sourced 15.3. AS A PHYSIOLOGICAL STATEMENT THIS ROW IS 34 g/dL, and any report of it must say 34."
RBC.MCHC,Mean corpuscular haemoglobin concentration,MCHC,g/dL,33.418,none,,blood,A,Derived from CV.HEMATOCRIT.NOMINAL and BLOOD.HB_CONCENTRATION.,,derived,human,female,claude-session12,2026-09-16,"DERIVED AS Hb/Hct = 13.2/0.395 = 33.418 g per dL of red cells. See the male row for the argument. THE PAIR IS SEXED ONLY BECAUSE ITS PARENTS ARE: the sex difference in MCHC is 1.2 percent against 15 percent in haematocrit, so this is very nearly a shared row and is kept as a pair solely to hold each sex's operating point exactly where it already sits. || IT CARRIES FIVE FIGURES AND THAT IS NOT A PRECISION CLAIM. This row exists to CLOSE AN IDENTITY - Hb = MCHC*Hct at the reference state - and check_closure.py asserts it. CLAUDE.md's precision rule exempts exactly this case, because rounding a closure constant to the precision of its parents is what moved the operating point in the first place: 33.8*0.453 = 15.311 against a sourced 15.3. AS A PHYSIOLOGICAL STATEMENT THIS ROW IS 34 g/dL, and any report of it must say 34."
RN.NA.PROXIMAL_DELIVERY,Fraction of filtered sodium leaving the proximal tubule,f_prox_del,dimensionless,0.26,sd,0.02,renal,B,"Shirley DG, Walter SJ, Noormohamed FH. Natriuretic effect of caffeine: assessment of segmental sodium reabsorption in humans. Clin Sci (Lond) 2002;103(5):461-466. doi:10.1042/cs1030461. PMID 12401118. ABSTRACT READ IN FULL. Eight healthy males, GFR by 51Cr-EDTA, end-proximal fluid delivery by lithium clearance. PLACEBO ARM TAKEN: fractional excretion of lithium 26 +/- 2 percent, sodium/lithium clearance ratio 2.8 +/- 0.2 percent, fractional excretion of sodium 1.04 +/- 0.16 (control) and 0.70 +/- 0.07 (experimental).",10.1042/cs1030461,reported,human,both,claude-session12,2026-09-17,"SOURCED IN HEALTHY HUMANS 2026-09-17 under nephron_segments_prereg.md, and the instrument is the point. The previous search for segmental handling looked for LITHIUM CLEARANCE IN DISEASE and for MICROPUNCTURE IN ANIMALS; this is lithium clearance in EIGHT HEALTHY MALES, which is the human measurement of end-proximal delivery and was there all along. || WHY LITHIUM MEASURES THIS: lithium is reabsorbed with sodium in the proximal tubule in proportion, and essentially not beyond it, so its fractional excretion is the fraction of filtered fluid delivered out of the proximal tubule. That is a METHODOLOGICAL assumption and not a measurement - it fails where distal lithium handling is altered, which is why the same paper warns that caffeine intake must be controlled when using the method. || THE PLACEBO ARM IS TAKEN, not the control period, because the paper's own internal consistency holds there: 0.26 x 0.028 = 0.73 percent against a measured fractional sodium excretion of 0.70. The control period gives 1.04 percent, which implies a distal escape near 4 percent. THE WITHIN-STUDY DRIFT IS REAL AND IS THE ROW'S UNCERTAINTY, not noise to be averaged away. || THIS IS NOT THE FRACTION RN.NA.MACULA_DENSA_FRACTION CARRIES. Lithium stops at the end of the proximal tubule; the macula densa sits at the end of the thick ascending limb, after the loop has taken most of what the proximal tubule passed on. 0.26 and 0.10 are different segments and both are real. || MEN ONLY, n = 8. || THE METHOD'S VALIDITY LIMITS ARE NOW ON THE ROW, AND THEY WERE MISSING. Atherton JC, Green R, Hughes S, McFall V, Sharples JA, Solomon LR, Wilson L. Lithium clearance in man: effects of dietary salt intake, acute changes in extracellular fluid volume, amiloride and frusemide. Clin Sci (Lond) 1987;73(6):645-651. doi:10.1042/cs0730645. PMID 3690979. ABSTRACT READ IN FULL. Normal human volunteers. Its conclusion, verbatim in substance: the lithium clearance method for assessment of proximal tubule salt and water reabsorption CAN be used with some degree of confidence at MEDIUM AND HIGH salt intake AND IN ACUTE VOLUME EXPANSION, but MAY NOT BE RELIABLE WHEN DIETARY SALT INTAKE IS LOW. Amiloride moved fractional lithium clearance on a low salt diet and was without effect at medium or high intake, which is the mechanism of the failure: a component of lithium is reabsorbed in the amiloride-sensitive distal nephron and that component only matters when distal sodium reabsorption is near-maximal. || SO THE ROW IS ADMISSIBLE AND ITS LOW-SODIUM EXTRAPOLATION IS NOT. Shirley's subjects sit at a fractional sodium excretion of 0.70-1.04 percent on an unrestricted intake, which is the regime Atherton certifies. A value read off a salt-depleted preparation would not be, and this model runs its salt step down to 38 mmol/day - BELOW that regime. NOTHING READS THIS ROW AS A FUNCTION OF INTAKE and it must not acquire such a reader without sourcing the intake dependence separately. || AND THE SAME GROUP PUBLISHED THE CAVEAT AGAINST ITS OWN INSTRUMENT, which is the reason to trust it: Shirley and Walter's own later work is what established the distal amiloride- and frusemide-sensitive component of lithium handling."
